transaction_id,customer_id,product_id,amount,payment_method,status,transaction_date
TXN00001,CUST0435,PROD020,8059.17,Wallet,Success,2026-04-21
TXN00002,CUST0109,PROD057,5597.26,UPI,Success,2026-01-26
TXN00003,CUST1500,PROD055,4039.85,Net Banking,Success,2026-02-18
TXN00004,CUST1217,PROD036,10685.34,Wallet,Success,2026-05-07
TXN00005,CUST0224,PROD088,1187.45,UPI,Success,2026-03-05
TXN00006,CUST0236,PROD007,17922.16,Debit Card,Success,2026-05-28
TXN00007,CUST0135,PROD069,2200.43,Wallet,Success,2026-02-27
TXN00008,CUST0803,PROD051,2205.82,Debit Card,Success,2026-07-07
TXN00009,CUST0422,PROD022,15757.41,Debit Card,Failed,2026-03-30
TXN00010,CUST0590,PROD094,261.52,Wallet,Failed,2026-02-17
TXN00011,CUST0977,PROD095,6245.42,Credit Card,Success,2026-06-26
TXN00012,CUST0646,PROD088,1575.2,Debit Card,Success,2026-02-17
TXN00013,CUST0291,PROD002,13387.42,Debit Card,Success,2026-04-20
TXN00014,CUST0364,PROD034,17648.9,UPI,Failed,2026-02-13
TXN00015,CUST0722,PROD061,11746.55,Credit Card,Success,2026-05-06
TXN00016,CUST0225,PROD006,16414.74,Debit Card,Success,2026-05-26
TXN00017,CUST1076,PROD065,3512.63,UPI,Success,2026-02-07
TXN00018,CUST0624,PROD095,6846.41,Debit Card,Failed,2026-05-06
TXN00019,CUST0528,PROD085,9832.57,Net Banking,Success,2026-04-04
TXN00020,CUST1696,PROD046,6162.45,Wallet,Failed,2026-03-27
TXN00021,CUST0992,PROD015,5544.76,UPI,Success,2026-05-13
TXN00022,CUST0841,PROD029,13255.46,Debit Card,Success,2026-02-06
TXN00023,CUST0064,PROD032,11636.17,Net Banking,Success,2026-06-28
TXN00024,CUST0423,PROD096,1967.62,UPI,Success,2026-04-07
TXN00025,CUST1797,PROD081,13640.27,Net Banking,Failed,2026-08-19
TXN00026,CUST0359,PROD034,18224.48,Debit Card,Success,2026-03-31
TXN00027,CUST1207,PROD054,18916.28,Debit Card,Success,2026-03-12
TXN00028,CUST0085,PROD075,10497.54,Wallet,Success,2026-03-29
TXN00029,CUST0888,PROD059,11419.92,Debit Card,Success,2026-07-22
TXN00030,CUST0226,PROD002,10078.75,Credit Card,Success,2026-06-25
TXN00031,CUST1395,PROD020,10559.09,Wallet,Failed,2026-03-16
TXN00032,CUST1361,PROD021,6212.18,UPI,Success,2026-03-15
TXN00033,CUST0032,PROD059,1010.87,Wallet,Success,2026-03-14
TXN00034,CUST0109,PROD063,6255.27,Debit Card,Success,2026-04-21
TXN00035,CUST0103,PROD033,2926.83,Debit Card,Failed,2026-08-13
TXN00036,CUST1363,PROD099,11302.83,Debit Card,Success,2026-01-23
TXN00037,CUST1502,PROD026,8754.61,Debit Card,Success,2026-01-21
TXN00038,CUST0066,PROD061,18672.11,Net Banking,Success,2026-03-05
TXN00039,CUST0818,PROD013,17882.07,Wallet,Success,2026-03-19
TXN00040,CUST0355,PROD073,8829.16,Debit Card,Failed,2026-08-13
TXN00041,CUST0286,PROD088,15399.68,Credit Card,Success,2026-03-06
TXN00042,CUST1136,PROD026,6161.03,Debit Card,Failed,2026-01-22
TXN00043,CUST1899,PROD081,9330.86,Net Banking,Success,2026-02-16
TXN00044,CUST0197,PROD018,10626.11,Debit Card,Failed,2026-06-27
TXN00045,CUST1915,PROD088,14309.45,Debit Card,Success,2026-04-30
TXN00046,CUST0956,PROD054,19236.65,UPI,Failed,2026-04-29
TXN00047,CUST0055,PROD099,8534.19,Credit Card,Failed,2026-07-13
TXN00048,CUST1858,PROD039,15775.32,Wallet,Success,2026-05-29
TXN00049,CUST0261,PROD080,10956.74,Debit Card,Success,2026-05-25
TXN00050,CUST1547,PROD051,2693.53,UPI,Success,2026-06-21
TXN00051,CUST1654,PROD098,17523.24,UPI,Success,2026-04-28
TXN00052,CUST0113,PROD035,16631.91,UPI,Success,2026-06-16
TXN00053,CUST1218,PROD013,16474.41,Net Banking,Success,2026-05-25
TXN00054,CUST1771,PROD008,2604.57,Wallet,Success,2026-05-30
TXN00055,CUST1437,PROD027,10422.03,Net Banking,Success,2026-05-24
TXN00056,CUST0458,PROD087,12865.43,Debit Card,Success,2026-02-09
TXN00057,CUST1473,PROD001,16151.21,Credit Card,Success,2026-06-09
TXN00058,CUST0138,PROD001,3229.84,UPI,Failed,2026-08-14
TXN00059,CUST0199,PROD032,4245.01,UPI,Failed,2026-05-02
TXN00060,CUST0909,PROD051,1301.93,Debit Card,Success,2026-02-01
TXN00061,CUST0991,PROD024,16441.36,Wallet,Success,2026-08-04
TXN00062,CUST1683,PROD079,13690.14,Wallet,Success,2026-08-08
TXN00063,CUST0886,PROD019,12796.7,Credit Card,Success,2026-02-17
TXN00064,CUST0350,PROD066,14884.96,Credit Card,Success,2026-05-20
TXN00065,CUST0984,PROD038,5931.09,Wallet,Success,2026-01-26
TXN00066,CUST0753,PROD086,5648.59,UPI,Success,2026-04-09
TXN00067,CUST0854,PROD055,3133.7,Net Banking,Success,2026-03-14
TXN00068,CUST1156,PROD050,418.19,UPI,Failed,2026-03-19
TXN00069,CUST0911,PROD006,18180.55,Credit Card,Success,2026-04-01
TXN00070,CUST1808,PROD093,9275.33,Credit Card,Success,2026-01-03
TXN00071,CUST1026,PROD065,4373.45,Wallet,Success,2026-06-30
TXN00072,CUST1051,PROD009,3655.04,Debit Card,Failed,2026-02-08
TXN00073,CUST0695,PROD059,14360.61,Credit Card,Success,2026-07-21
TXN00074,CUST1608,PROD098,13237.19,UPI,Success,2026-04-11
TXN00075,CUST0772,PROD061,12195.67,Wallet,Failed,2026-02-16
TXN00076,CUST1589,PROD085,10603.59,Debit Card,Failed,2026-02-03
TXN00077,CUST1957,PROD075,7092.29,Net Banking,Success,2026-06-08
TXN00078,CUST0093,PROD004,17070.22,Credit Card,Success,2026-02-10
TXN00079,CUST1363,PROD014,10088.79,Net Banking,Success,2026-06-23
TXN00080,CUST1557,PROD030,19630.3,Credit Card,Success,2026-07-26
TXN00081,CUST1843,PROD023,14617.63,Net Banking,Success,2026-04-09
TXN00082,CUST0127,PROD079,5159.58,UPI,Success,2026-01-10
TXN00083,CUST1564,PROD048,12209.36,UPI,Success,2026-08-04
TXN00084,CUST0658,PROD014,14034.77,Credit Card,Failed,2026-04-07
TXN00085,CUST1140,PROD026,4075.22,Net Banking,Success,2026-05-06
TXN00086,CUST0462,PROD026,14894.65,Wallet,Success,2026-04-22
TXN00087,CUST0177,PROD075,680.01,UPI,Success,2026-06-21
TXN00088,CUST0069,PROD018,17887.16,Net Banking,Failed,2026-04-03
TXN00089,CUST1120,PROD010,6946.08,Wallet,Success,2026-06-24
TXN00090,CUST0390,PROD027,11493.33,Wallet,Success,2026-05-02
TXN00091,CUST0731,PROD080,18015.16,Credit Card,Success,2026-08-07
TXN00092,CUST0899,PROD055,12584.32,UPI,Failed,2026-08-12
TXN00093,CUST0161,PROD017,15691.27,UPI,Success,2026-03-18
TXN00094,CUST1022,PROD030,1219.28,Debit Card,Success,2026-05-19
TXN00095,CUST0459,PROD038,18461.01,Net Banking,Success,2026-03-06
TXN00096,CUST0140,PROD021,19368.67,Wallet,Failed,2026-01-20
TXN00097,CUST0495,PROD067,18649.82,Debit Card,Success,2026-05-09
TXN00098,CUST1267,PROD008,11009.64,UPI,Failed,2026-08-17
TXN00099,CUST0965,PROD034,13133.99,Debit Card,Success,2026-01-09
TXN00100,CUST0535,PROD026,6823.92,UPI,Success,2026-07-15
TXN00101,CUST0419,PROD071,16371.9,UPI,Success,2026-03-26
TXN00102,CUST1011,PROD010,16152.11,Wallet,Success,2026-05-25
TXN00103,CUST0709,PROD010,19008.17,Wallet,Success,2026-06-03
TXN00104,CUST1818,PROD071,9679.68,Debit Card,Success,2026-02-03
TXN00105,CUST0214,PROD005,10032.62,Debit Card,Success,2026-02-27
TXN00106,CUST0979,PROD039,15674.53,Credit Card,Success,2026-08-13
TXN00107,CUST1908,PROD008,721.81,Credit Card,Failed,2026-07-20
TXN00108,CUST1246,PROD049,13702.44,UPI,Failed,2026-07-08
TXN00109,CUST0988,PROD007,7865.07,Credit Card,Success,2026-04-07
TXN00110,CUST1437,PROD055,11080.99,Net Banking,Success,2026-01-30
TXN00111,CUST1838,PROD079,19654.18,Debit Card,Success,2026-04-05
TXN00112,CUST0703,PROD056,18377.76,Credit Card,Success,2026-03-02
TXN00113,CUST1206,PROD002,4697.09,Wallet,Failed,2026-07-11
TXN00114,CUST0094,PROD002,17490.47,UPI,Success,2026-03-05
TXN00115,CUST0117,PROD017,8883.41,UPI,Success,2026-03-14
TXN00116,CUST0717,PROD078,13173.14,Debit Card,Success,2026-03-04
TXN00117,CUST1242,PROD051,9678.29,UPI,Success,2026-02-01
TXN00118,CUST0513,PROD070,4276.05,Debit Card,Success,2026-06-30
TXN00119,CUST0909,PROD092,6193.83,Wallet,Success,2026-04-04
TXN00120,CUST1780,PROD084,5035.27,Debit Card,Success,2026-08-17
TXN00121,CUST1430,PROD070,10168.22,Debit Card,Success,2026-01-14
TXN00122,CUST1445,PROD080,9826.91,Credit Card,Success,2026-01-21
TXN00123,CUST1724,PROD067,4764.61,Wallet,Success,2026-07-09
TXN00124,CUST0252,PROD048,14553.23,Credit Card,Success,2026-07-21
TXN00125,CUST0482,PROD090,8917.49,Net Banking,Success,2026-07-15
TXN00126,CUST0044,PROD064,16759.24,Debit Card,Failed,2026-03-11
TXN00127,CUST0787,PROD039,16578.14,UPI,Success,2026-01-22
TXN00128,CUST1751,PROD079,7801.94,Net Banking,Success,2026-01-05
TXN00129,CUST0910,PROD006,4644.08,Credit Card,Success,2026-04-08
TXN00130,CUST1091,PROD007,13275.97,Wallet,Success,2026-01-09
TXN00131,CUST1920,PROD004,18219.07,Debit Card,Success,2026-07-13
TXN00132,CUST1660,PROD097,11900.98,UPI,Success,2026-07-13
TXN00133,CUST1487,PROD080,8794.71,UPI,Success,2026-04-20
TXN00134,CUST1134,PROD050,19058.98,Debit Card,Failed,2026-06-23
TXN00135,CUST0950,PROD055,11537.53,Wallet,Success,2026-05-26
TXN00136,CUST0333,PROD049,9453.18,Credit Card,Success,2026-03-02
TXN00137,CUST0575,PROD088,19029.15,Credit Card,Failed,2026-01-22
TXN00138,CUST0606,PROD044,11507.44,Wallet,Success,2026-01-10
TXN00139,CUST0741,PROD035,13252.75,Wallet,Success,2026-07-20
TXN00140,CUST0255,PROD040,11455.13,Debit Card,Success,2026-03-24
TXN00141,CUST0909,PROD060,541.88,Net Banking,Success,2026-01-03
TXN00142,CUST1979,PROD046,9708.12,Wallet,Success,2026-08-05
TXN00143,CUST0837,PROD008,11675.49,Debit Card,Failed,2026-01-21
TXN00144,CUST1130,PROD041,19075.21,Credit Card,Success,2026-04-23
TXN00145,CUST1569,PROD036,5338.91,Credit Card,Success,2026-05-07
TXN00146,CUST1291,PROD023,3108.66,UPI,Success,2026-06-08
TXN00147,CUST0235,PROD084,962.34,Wallet,Success,2026-06-25
TXN00148,CUST1188,PROD041,1030.72,Credit Card,Success,2026-07-03
TXN00149,CUST1950,PROD092,19841.03,UPI,Success,2026-03-07
TXN00150,CUST1107,PROD092,1085.71,Debit Card,Success,2026-03-02
TXN00151,CUST0159,PROD065,8987.49,UPI,Success,2026-05-11
TXN00152,CUST0418,PROD042,11493.24,Net Banking,Success,2026-08-01
TXN00153,CUST1315,PROD055,17541.89,UPI,Success,2026-02-06
TXN00154,CUST1244,PROD047,6832.72,Debit Card,Success,2026-04-15
TXN00155,CUST1931,PROD038,12513.94,Debit Card,Success,2026-02-11
TXN00156,CUST0596,PROD020,18255.08,UPI,Failed,2026-01-07
TXN00157,CUST0434,PROD041,10313.76,Wallet,Failed,2026-07-19
TXN00158,CUST1460,PROD045,18810.81,Wallet,Success,2026-04-07
TXN00159,CUST1346,PROD093,3171.48,UPI,Success,2026-07-15
TXN00160,CUST1964,PROD029,11394.97,Wallet,Success,2026-05-28
TXN00161,CUST1104,PROD094,2600.6,Wallet,Success,2026-08-13
TXN00162,CUST1244,PROD061,13252.12,Net Banking,Success,2026-05-14
TXN00163,CUST0552,PROD025,16752.98,Credit Card,Success,2026-03-17
TXN00164,CUST0498,PROD099,19554.0,Net Banking,Success,2026-03-01
TXN00165,CUST1533,PROD015,13922.85,Net Banking,Success,2026-04-24
TXN00166,CUST0164,PROD046,11297.05,Debit Card,Success,2026-01-20
TXN00167,CUST1240,PROD030,9089.57,Credit Card,Failed,2026-04-18
TXN00168,CUST1696,PROD017,18529.2,Net Banking,Failed,2026-03-04
TXN00169,CUST1364,PROD018,12189.8,Debit Card,Success,2026-07-23
TXN00170,CUST0643,PROD016,1813.82,Wallet,Success,2026-04-18
TXN00171,CUST1180,PROD064,12726.07,Credit Card,Success,2026-07-17
TXN00172,CUST1795,PROD059,507.14,Net Banking,Success,2026-01-31
TXN00173,CUST1568,PROD071,14285.36,UPI,Success,2026-05-01
TXN00174,CUST1781,PROD005,16710.4,Credit Card,Success,2026-01-07
TXN00175,CUST0272,PROD066,17364.22,Net Banking,Success,2026-04-10
TXN00176,CUST0262,PROD052,13999.19,Debit Card,Success,2026-03-03
TXN00177,CUST0690,PROD044,11911.26,UPI,Success,2026-06-07
TXN00178,CUST0152,PROD095,18430.33,Net Banking,Success,2026-04-25
TXN00179,CUST1517,PROD056,5927.96,Credit Card,Success,2026-05-03
TXN00180,CUST1483,PROD099,11873.25,Wallet,Success,2026-07-29
TXN00181,CUST0312,PROD001,11952.36,Net Banking,Success,2026-04-05
TXN00182,CUST0657,PROD057,3699.1,Wallet,Success,2026-07-04
TXN00183,CUST1935,PROD099,2118.59,Net Banking,Success,2026-03-18
TXN00184,CUST0099,PROD073,10450.02,Wallet,Failed,2026-05-15
TXN00185,CUST1729,PROD055,5848.09,Debit Card,Success,2026-04-09
TXN00186,CUST1953,PROD019,1030.3,Credit Card,Success,2026-07-08
TXN00187,CUST1064,PROD036,11587.73,Debit Card,Success,2026-06-07
TXN00188,CUST0712,PROD037,3478.73,Debit Card,Success,2026-03-15
TXN00189,CUST0899,PROD029,17729.91,Debit Card,Failed,2026-03-15
TXN00190,CUST1544,PROD014,18505.41,Debit Card,Success,2026-06-20
TXN00191,CUST0197,PROD027,11132.84,Credit Card,Success,2026-05-11
TXN00192,CUST1226,PROD006,19205.16,Wallet,Success,2026-05-19
TXN00193,CUST0014,PROD063,16683.59,Debit Card,Success,2026-01-07
TXN00194,CUST0578,PROD074,8644.75,Wallet,Success,2026-04-24
TXN00195,CUST1702,PROD059,6039.84,UPI,Success,2026-01-29
TXN00196,CUST1821,PROD056,9966.46,Credit Card,Success,2026-01-23
TXN00197,CUST1499,PROD086,2505.96,UPI,Success,2026-04-01
TXN00198,CUST1490,PROD010,6676.89,Debit Card,Success,2026-05-10
TXN00199,CUST0929,PROD081,14763.33,UPI,Success,2026-06-22
TXN00200,CUST1828,PROD005,8780.88,Wallet,Success,2026-06-30
TXN00201,CUST0390,PROD072,13290.38,UPI,Success,2026-08-13
TXN00202,CUST0504,PROD018,11809.6,Credit Card,Success,2026-08-12
TXN00203,CUST0544,PROD061,3198.38,Credit Card,Success,2026-07-28
TXN00204,CUST0579,PROD017,4131.74,UPI,Failed,2026-08-13
TXN00205,CUST1756,PROD093,15039.03,Net Banking,Success,2026-01-01
TXN00206,CUST1005,PROD072,12302.1,Credit Card,Success,2026-07-01
TXN00207,CUST0857,PROD089,5408.86,Wallet,Success,2026-04-08
TXN00208,CUST1307,PROD045,9787.81,Credit Card,Success,2026-06-18
TXN00209,CUST1722,PROD030,17525.77,Net Banking,Success,2026-06-21
TXN00210,CUST1632,PROD081,7965.76,Wallet,Success,2026-04-02
TXN00211,CUST0606,PROD013,4534.82,Debit Card,Success,2026-08-14
TXN00212,CUST1986,PROD058,6642.86,Net Banking,Success,2026-06-19
TXN00213,CUST0361,PROD060,19135.05,UPI,Success,2026-06-19
TXN00214,CUST1428,PROD051,14155.41,Net Banking,Success,2026-07-18
TXN00215,CUST1231,PROD053,13806.99,Debit Card,Success,2026-01-08
TXN00216,CUST1040,PROD028,17818.25,Net Banking,Success,2026-07-20
TXN00217,CUST1152,PROD099,6599.2,Debit Card,Success,2026-06-22
TXN00218,CUST0802,PROD057,8618.95,UPI,Success,2026-03-08
TXN00219,CUST0995,PROD094,4535.17,UPI,Success,2026-06-12
TXN00220,CUST0917,PROD053,4581.94,Credit Card,Failed,2026-08-13
TXN00221,CUST0423,PROD100,12580.67,Wallet,Success,2026-06-07
TXN00222,CUST0265,PROD078,10887.39,UPI,Success,2026-07-04
TXN00223,CUST0185,PROD100,14153.66,Wallet,Success,2026-04-01
TXN00224,CUST1342,PROD007,10469.25,Wallet,Success,2026-04-03
TXN00225,CUST0322,PROD069,8031.42,Credit Card,Success,2026-07-03
TXN00226,CUST1642,PROD021,18230.94,Net Banking,Success,2026-03-26
TXN00227,CUST1133,PROD094,5124.33,UPI,Success,2026-01-04
TXN00228,CUST1547,PROD068,2229.91,Net Banking,Success,2026-04-12
TXN00229,CUST0322,PROD037,6169.04,Credit Card,Success,2026-02-28
TXN00230,CUST0558,PROD096,2648.13,Net Banking,Success,2026-07-20
TXN00231,CUST0269,PROD095,17557.11,UPI,Success,2026-08-09
TXN00232,CUST0152,PROD065,14497.83,Net Banking,Success,2026-07-15
TXN00233,CUST0031,PROD096,16638.98,Credit Card,Success,2026-06-04
TXN00234,CUST1508,PROD076,15893.88,Wallet,Success,2026-02-19
TXN00235,CUST1608,PROD042,8618.02,UPI,Success,2026-07-10
TXN00236,CUST0562,PROD059,4212.8,Wallet,Success,2026-03-09
TXN00237,CUST0772,PROD038,8704.78,Net Banking,Failed,2026-02-26
TXN00238,CUST0571,PROD062,5831.58,Wallet,Failed,2026-06-29
TXN00239,CUST0501,PROD049,540.81,Net Banking,Success,2026-05-08
TXN00240,CUST1563,PROD070,14348.66,Credit Card,Failed,2026-04-26
TXN00241,CUST1998,PROD004,8067.5,Net Banking,Success,2026-03-01
TXN00242,CUST0977,PROD073,2357.18,Debit Card,Success,2026-03-21
TXN00243,CUST1659,PROD081,19521.19,Wallet,Success,2026-01-25
TXN00244,CUST0426,PROD063,11949.51,Credit Card,Success,2026-01-22
TXN00245,CUST1263,PROD061,10563.43,Wallet,Success,2026-08-03
TXN00246,CUST0121,PROD099,9969.67,Debit Card,Success,2026-04-16
TXN00247,CUST1709,PROD020,922.89,Wallet,Failed,2026-06-26
TXN00248,CUST0833,PROD001,5509.27,Wallet,Success,2026-02-23
TXN00249,CUST1118,PROD064,6397.72,Credit Card,Success,2026-06-16
TXN00250,CUST0945,PROD091,9763.33,UPI,Success,2026-05-23
TXN00251,CUST0872,PROD090,1734.59,UPI,Success,2026-02-02
TXN00252,CUST1065,PROD096,2605.26,Net Banking,Success,2026-02-20
TXN00253,CUST0080,PROD055,10004.65,Wallet,Success,2026-06-10
TXN00254,CUST0287,PROD096,17509.46,Net Banking,Success,2026-04-18
TXN00255,CUST0608,PROD016,8822.49,Debit Card,Failed,2026-03-17
TXN00256,CUST0661,PROD079,17812.99,Credit Card,Success,2026-05-25
TXN00257,CUST0595,PROD067,13763.47,Wallet,Success,2026-07-25
TXN00258,CUST1064,PROD078,5174.54,Credit Card,Success,2026-04-29
TXN00259,CUST1899,PROD096,14458.58,Credit Card,Success,2026-08-07
TXN00260,CUST1074,PROD092,16622.28,Debit Card,Success,2026-01-03
TXN00261,CUST0368,PROD020,9515.77,Debit Card,Success,2026-01-02
TXN00262,CUST0409,PROD089,2058.19,Debit Card,Success,2026-04-28
TXN00263,CUST0126,PROD080,9480.14,UPI,Success,2026-02-10
TXN00264,CUST1304,PROD072,17690.2,UPI,Success,2026-03-30
TXN00265,CUST0563,PROD037,16450.94,Net Banking,Failed,2026-08-11
TXN00266,CUST1494,PROD040,7472.04,Net Banking,Success,2026-07-16
TXN00267,CUST1150,PROD070,12903.67,UPI,Failed,2026-02-21
TXN00268,CUST0313,PROD014,14667.03,Credit Card,Success,2026-03-13
TXN00269,CUST1155,PROD014,2708.74,Wallet,Success,2026-05-14
TXN00270,CUST0677,PROD074,15485.18,Wallet,Success,2026-06-01
TXN00271,CUST1980,PROD095,17452.46,Net Banking,Success,2026-06-21
TXN00272,CUST0345,PROD001,15710.63,UPI,Failed,2026-02-25
TXN00273,CUST0301,PROD019,3463.4,UPI,Success,2026-08-12
TXN00274,CUST0160,PROD007,2912.1,Net Banking,Success,2026-07-26
TXN00275,CUST1362,PROD061,6676.37,UPI,Success,2026-05-09
TXN00276,CUST1148,PROD051,7670.73,Net Banking,Success,2026-04-09
TXN00277,CUST0639,PROD067,6476.04,Wallet,Success,2026-01-21
TXN00278,CUST1957,PROD022,18920.7,Debit Card,Success,2026-08-02
TXN00279,CUST1721,PROD056,11297.62,Debit Card,Success,2026-05-06
TXN00280,CUST1143,PROD056,13111.42,UPI,Success,2026-02-15
TXN00281,CUST1752,PROD060,15460.75,Net Banking,Success,2026-03-30
TXN00282,CUST1264,PROD072,17550.64,Net Banking,Success,2026-02-18
TXN00283,CUST0367,PROD096,19909.68,Net Banking,Success,2026-02-20
TXN00284,CUST1078,PROD025,311.17,Debit Card,Success,2026-03-21
TXN00285,CUST1866,PROD048,18332.98,UPI,Failed,2026-05-09
TXN00286,CUST0560,PROD005,13014.92,Net Banking,Success,2026-06-14
TXN00287,CUST0090,PROD090,14144.44,UPI,Failed,2026-03-12
TXN00288,CUST1687,PROD004,17291.07,Wallet,Success,2026-05-01
TXN00289,CUST1005,PROD023,9574.28,Wallet,Success,2026-08-12
TXN00290,CUST0079,PROD048,770.97,Credit Card,Success,2026-08-17
TXN00291,CUST1784,PROD017,1839.93,UPI,Success,2026-08-02
TXN00292,CUST0909,PROD082,14269.7,UPI,Failed,2026-03-22
TXN00293,CUST0569,PROD025,13171.08,UPI,Success,2026-07-08
TXN00294,CUST1715,PROD087,16994.95,Credit Card,Failed,2026-03-23
TXN00295,CUST1479,PROD047,10423.54,Net Banking,Success,2026-06-20
TXN00296,CUST1716,PROD086,13458.9,Credit Card,Failed,2026-01-17
TXN00297,CUST0303,PROD094,5479.39,Net Banking,Success,2026-02-14
TXN00298,CUST0565,PROD078,4133.93,Net Banking,Success,2026-05-10
TXN00299,CUST1302,PROD096,16874.06,Debit Card,Success,2026-01-01
TXN00300,CUST1149,PROD045,2530.75,Wallet,Success,2026-04-30
TXN00301,CUST1160,PROD060,1945.61,Credit Card,Success,2026-01-24
TXN00302,CUST0381,PROD041,11904.74,Credit Card,Success,2026-01-06
TXN00303,CUST0446,PROD082,7615.69,Credit Card,Success,2026-01-21
TXN00304,CUST1715,PROD088,12917.88,Credit Card,Success,2026-08-19
TXN00305,CUST0636,PROD007,7710.35,Credit Card,Success,2026-03-15
TXN00306,CUST0288,PROD073,6447.71,Credit Card,Success,2026-02-27
TXN00307,CUST1810,PROD026,3706.82,Debit Card,Success,2026-03-17
TXN00308,CUST0542,PROD012,9899.74,Debit Card,Success,2026-05-29
TXN00309,CUST1582,PROD083,10556.25,Credit Card,Success,2026-08-01
TXN00310,CUST1945,PROD075,7836.48,Wallet,Success,2026-05-18
TXN00311,CUST1439,PROD056,7069.05,Debit Card,Success,2026-07-27
TXN00312,CUST0701,PROD090,19376.11,Debit Card,Success,2026-05-22
TXN00313,CUST1052,PROD099,4372.3,Net Banking,Success,2026-02-25
TXN00314,CUST0065,PROD015,10437.19,Credit Card,Success,2026-06-11
TXN00315,CUST0287,PROD060,11819.05,Wallet,Success,2026-04-06
TXN00316,CUST1349,PROD076,18045.24,UPI,Success,2026-03-24
TXN00317,CUST1781,PROD002,3343.26,Debit Card,Success,2026-05-02
TXN00318,CUST1327,PROD013,3904.81,Debit Card,Success,2026-04-02
TXN00319,CUST0957,PROD070,3885.98,Net Banking,Failed,2026-01-06
TXN00320,CUST0935,PROD076,11604.11,Net Banking,Success,2026-04-22
TXN00321,CUST1709,PROD032,5200.98,Wallet,Success,2026-04-06
TXN00322,CUST0989,PROD087,8142.83,Credit Card,Failed,2026-01-11
TXN00323,CUST0221,PROD054,8632.71,Wallet,Success,2026-03-10
TXN00324,CUST1215,PROD004,3447.71,Debit Card,Failed,2026-02-12
TXN00325,CUST1977,PROD090,18868.36,Wallet,Success,2026-02-20
TXN00326,CUST0267,PROD085,6796.31,UPI,Success,2026-01-14
TXN00327,CUST1624,PROD099,3000.93,Net Banking,Success,2026-03-30
TXN00328,CUST0339,PROD059,216.7,Credit Card,Success,2026-02-07
TXN00329,CUST0618,PROD040,1791.43,Credit Card,Success,2026-03-02
TXN00330,CUST0185,PROD093,5045.7,Wallet,Success,2026-06-25
TXN00331,CUST0011,PROD062,3354.73,Net Banking,Failed,2026-01-26
TXN00332,CUST1407,PROD051,14035.84,Net Banking,Success,2026-05-01
TXN00333,CUST1447,PROD032,15308.51,Net Banking,Success,2026-01-25
TXN00334,CUST0652,PROD098,18718.2,Debit Card,Success,2026-04-13
TXN00335,CUST1679,PROD087,14661.37,Wallet,Success,2026-04-19
TXN00336,CUST1094,PROD010,7067.97,Wallet,Success,2026-06-21
TXN00337,CUST0455,PROD078,3727.57,Debit Card,Success,2026-03-02
TXN00338,CUST0697,PROD065,16500.12,Wallet,Success,2026-06-06
TXN00339,CUST1874,PROD010,12982.43,Net Banking,Success,2026-02-05
TXN00340,CUST0091,PROD028,6178.37,Debit Card,Success,2026-01-24
TXN00341,CUST1340,PROD024,8629.08,Debit Card,Success,2026-03-14
TXN00342,CUST1383,PROD062,889.57,Credit Card,Success,2026-04-18
TXN00343,CUST0816,PROD088,10443.5,Net Banking,Success,2026-01-28
TXN00344,CUST0710,PROD088,14706.88,Net Banking,Success,2026-06-17
TXN00345,CUST0330,PROD041,2749.04,Net Banking,Success,2026-05-10
TXN00346,CUST0024,PROD063,13145.58,Net Banking,Success,2026-06-21
TXN00347,CUST1580,PROD007,6198.5,UPI,Failed,2026-03-08
TXN00348,CUST1653,PROD058,10140.82,Net Banking,Success,2026-07-19
TXN00349,CUST1729,PROD069,19441.05,Credit Card,Success,2026-01-29
TXN00350,CUST1089,PROD098,7792.74,UPI,Success,2026-06-22
TXN00351,CUST0015,PROD044,18974.38,Wallet,Success,2026-07-01
TXN00352,CUST0405,PROD066,16294.14,Net Banking,Success,2026-07-06
TXN00353,CUST0100,PROD060,5777.94,Net Banking,Success,2026-02-01
TXN00354,CUST0752,PROD007,17805.49,Debit Card,Success,2026-06-25
TXN00355,CUST0872,PROD044,13564.93,UPI,Failed,2026-07-16
TXN00356,CUST0548,PROD023,6006.15,UPI,Success,2026-04-17
TXN00357,CUST0665,PROD039,12792.46,UPI,Success,2026-06-02
TXN00358,CUST1499,PROD005,10719.12,Credit Card,Success,2026-04-12
TXN00359,CUST0173,PROD069,2072.54,Credit Card,Success,2026-07-06
TXN00360,CUST0883,PROD036,7038.65,Wallet,Success,2026-04-28
TXN00361,CUST1882,PROD094,16445.62,Net Banking,Success,2026-05-26
TXN00362,CUST0157,PROD042,7581.35,Wallet,Success,2026-02-07
TXN00363,CUST0783,PROD066,19609.28,Debit Card,Success,2026-01-21
TXN00364,CUST0866,PROD052,643.19,Debit Card,Success,2026-07-11
TXN00365,CUST1714,PROD056,19310.17,Credit Card,Failed,2026-07-23
TXN00366,CUST0535,PROD039,12388.51,Credit Card,Success,2026-05-19
TXN00367,CUST0767,PROD074,9563.78,Net Banking,Success,2026-07-14
TXN00368,CUST1530,PROD089,15610.52,Wallet,Success,2026-03-12
TXN00369,CUST1239,PROD052,18212.98,Debit Card,Success,2026-06-23
TXN00370,CUST0011,PROD053,4301.3,Net Banking,Success,2026-07-20
TXN00371,CUST0563,PROD035,9356.34,Debit Card,Success,2026-07-22
TXN00372,CUST0454,PROD029,557.84,Credit Card,Success,2026-03-25
TXN00373,CUST1253,PROD037,14617.65,Net Banking,Failed,2026-06-05
TXN00374,CUST0862,PROD082,11985.57,Net Banking,Success,2026-05-19
TXN00375,CUST1905,PROD072,448.83,Debit Card,Success,2026-03-29
TXN00376,CUST1685,PROD057,3205.22,Net Banking,Success,2026-08-07
TXN00377,CUST1091,PROD090,3566.27,Debit Card,Success,2026-04-10
TXN00378,CUST0067,PROD085,17075.38,Net Banking,Failed,2026-01-21
TXN00379,CUST0708,PROD011,4309.51,Debit Card,Success,2026-05-16
TXN00380,CUST0598,PROD097,6443.69,Net Banking,Success,2026-06-22
TXN00381,CUST0320,PROD080,11781.75,Debit Card,Failed,2026-06-09
TXN00382,CUST0884,PROD054,19917.35,Debit Card,Failed,2026-01-06
TXN00383,CUST1524,PROD063,19795.67,Wallet,Success,2026-04-07
TXN00384,CUST0776,PROD078,18986.62,UPI,Success,2026-02-01
TXN00385,CUST0448,PROD028,19844.19,Debit Card,Success,2026-05-27
TXN00386,CUST1772,PROD021,15384.12,Net Banking,Failed,2026-07-08
TXN00387,CUST0837,PROD046,15075.36,Wallet,Success,2026-04-18
TXN00388,CUST0655,PROD099,7390.86,Debit Card,Failed,2026-01-28
TXN00389,CUST1097,PROD069,7965.03,Net Banking,Success,2026-08-08
TXN00390,CUST1550,PROD060,5868.41,Credit Card,Success,2026-04-26
TXN00391,CUST0820,PROD037,266.08,Debit Card,Success,2026-08-01
TXN00392,CUST1344,PROD023,13730.37,Net Banking,Failed,2026-01-26
TXN00393,CUST1338,PROD054,19490.1,Credit Card,Success,2026-04-16
TXN00394,CUST1268,PROD029,2943.73,Wallet,Success,2026-06-08
TXN00395,CUST1228,PROD074,14696.53,Debit Card,Failed,2026-01-06
TXN00396,CUST0512,PROD022,11472.26,UPI,Success,2026-05-01
TXN00397,CUST0047,PROD096,12106.58,Net Banking,Failed,2026-07-22
TXN00398,CUST1048,PROD025,17036.12,Net Banking,Success,2026-02-11
TXN00399,CUST1481,PROD031,3669.18,Credit Card,Success,2026-07-02
TXN00400,CUST0272,PROD038,1483.29,Credit Card,Failed,2026-01-08
TXN00401,CUST0945,PROD059,5051.93,Net Banking,Success,2026-06-04
TXN00402,CUST1632,PROD023,19461.54,UPI,Failed,2026-05-09
TXN00403,CUST1716,PROD043,17467.29,Credit Card,Success,2026-02-10
TXN00404,CUST1479,PROD009,336.29,Net Banking,Failed,2026-01-09
TXN00405,CUST0963,PROD050,1593.24,Debit Card,Failed,2026-04-17
TXN00406,CUST0248,PROD092,15576.61,Wallet,Success,2026-06-15
TXN00407,CUST0899,PROD062,16589.53,Debit Card,Success,2026-01-16
TXN00408,CUST1697,PROD093,15421.48,Net Banking,Failed,2026-04-04
TXN00409,CUST1289,PROD084,8912.91,UPI,Success,2026-07-21
TXN00410,CUST0299,PROD034,15207.22,UPI,Success,2026-05-29
TXN00411,CUST0751,PROD053,13199.43,Credit Card,Success,2026-02-06
TXN00412,CUST0431,PROD034,2123.09,UPI,Success,2026-06-14
TXN00413,CUST1842,PROD091,9933.22,Debit Card,Success,2026-03-04
TXN00414,CUST0605,PROD089,9004.51,Net Banking,Success,2026-07-21
TXN00415,CUST1164,PROD036,11969.68,Credit Card,Success,2026-07-14
TXN00416,CUST1069,PROD037,713.62,Debit Card,Failed,2026-08-14
TXN00417,CUST0743,PROD092,5966.12,Credit Card,Failed,2026-07-03
TXN00418,CUST1299,PROD040,9610.64,Debit Card,Success,2026-04-23
TXN00419,CUST1524,PROD089,2745.35,Debit Card,Success,2026-06-05
TXN00420,CUST0527,PROD082,4712.78,Credit Card,Failed,2026-08-06
TXN00421,CUST0621,PROD019,11767.85,Debit Card,Failed,2026-03-08
TXN00422,CUST1527,PROD067,8235.72,Credit Card,Success,2026-06-08
TXN00423,CUST1319,PROD020,11825.28,Debit Card,Failed,2026-05-09
TXN00424,CUST0767,PROD049,17335.09,Credit Card,Failed,2026-05-05
TXN00425,CUST0988,PROD023,9783.17,UPI,Success,2026-04-08
TXN00426,CUST0702,PROD029,6324.3,Credit Card,Success,2026-02-27
TXN00427,CUST1247,PROD100,14629.48,Credit Card,Success,2026-01-31
TXN00428,CUST1022,PROD059,11474.28,UPI,Failed,2026-06-13
TXN00429,CUST1840,PROD030,14879.28,UPI,Success,2026-04-04
TXN00430,CUST1283,PROD013,19050.16,UPI,Success,2026-05-10
TXN00431,CUST1134,PROD069,16962.79,UPI,Success,2026-05-18
TXN00432,CUST0915,PROD073,10554.39,Debit Card,Success,2026-03-04
TXN00433,CUST1413,PROD084,17178.95,Net Banking,Success,2026-02-28
TXN00434,CUST0083,PROD078,5462.11,UPI,Success,2026-03-13
TXN00435,CUST1502,PROD009,18141.59,Wallet,Success,2026-02-03
TXN00436,CUST0125,PROD027,4706.21,Wallet,Success,2026-05-30
TXN00437,CUST0951,PROD013,10831.29,UPI,Success,2026-07-20
TXN00438,CUST1618,PROD082,1646.48,UPI,Success,2026-05-03
TXN00439,CUST0171,PROD061,4108.45,Wallet,Success,2026-05-19
TXN00440,CUST1226,PROD063,6139.23,Wallet,Success,2026-01-03
TXN00441,CUST1764,PROD015,14455.63,Credit Card,Failed,2026-04-24
TXN00442,CUST1651,PROD082,12365.38,UPI,Success,2026-04-27
TXN00443,CUST1546,PROD053,12106.81,Credit Card,Success,2026-05-07
TXN00444,CUST1039,PROD062,10381.16,Debit Card,Success,2026-06-15
TXN00445,CUST1777,PROD069,5130.64,Wallet,Failed,2026-03-12
TXN00446,CUST0633,PROD081,8912.87,Credit Card,Success,2026-07-13
TXN00447,CUST0014,PROD041,17888.67,Net Banking,Success,2026-05-11
TXN00448,CUST0335,PROD023,1498.08,Debit Card,Success,2026-04-21
TXN00449,CUST1896,PROD057,6980.15,Wallet,Success,2026-06-25
TXN00450,CUST0397,PROD100,2352.49,Credit Card,Success,2026-03-01
TXN00451,CUST1028,PROD040,6536.31,Net Banking,Success,2026-05-16
TXN00452,CUST1403,PROD039,18565.52,Wallet,Success,2026-02-23
TXN00453,CUST0664,PROD021,3999.7,Credit Card,Success,2026-04-12
TXN00454,CUST1250,PROD085,3311.23,Net Banking,Failed,2026-05-13
TXN00455,CUST1616,PROD054,15639.15,Credit Card,Success,2026-03-10
TXN00456,CUST0967,PROD039,7541.66,Debit Card,Success,2026-03-20
TXN00457,CUST1699,PROD096,6443.86,Net Banking,Failed,2026-03-20
TXN00458,CUST0806,PROD098,8459.05,Net Banking,Success,2026-07-15
TXN00459,CUST1984,PROD053,7201.52,Credit Card,Success,2026-07-26
TXN00460,CUST1571,PROD036,585.7,Credit Card,Success,2026-06-30
TXN00461,CUST1356,PROD092,5267.4,Debit Card,Success,2026-08-02
TXN00462,CUST0660,PROD055,15860.22,Wallet,Failed,2026-03-25
TXN00463,CUST1514,PROD026,15990.0,Wallet,Success,2026-06-08
TXN00464,CUST1754,PROD036,2315.32,Credit Card,Success,2026-03-04
TXN00465,CUST1481,PROD062,18841.58,Net Banking,Success,2026-06-01
TXN00466,CUST1600,PROD085,7923.25,Net Banking,Success,2026-06-30
TXN00467,CUST0574,PROD078,11805.06,UPI,Success,2026-01-16
TXN00468,CUST1310,PROD044,5665.72,Net Banking,Success,2026-04-05
TXN00469,CUST0228,PROD061,2858.84,UPI,Success,2026-07-11
TXN00470,CUST1588,PROD094,8392.79,Credit Card,Failed,2026-02-08
TXN00471,CUST0613,PROD074,4159.89,Net Banking,Success,2026-01-23
TXN00472,CUST0672,PROD074,11022.39,Debit Card,Failed,2026-06-19
TXN00473,CUST1088,PROD038,13853.49,UPI,Success,2026-02-05
TXN00474,CUST1961,PROD047,18121.05,Credit Card,Success,2026-04-25
TXN00475,CUST0658,PROD060,4708.11,Debit Card,Success,2026-04-03
TXN00476,CUST1388,PROD091,5328.71,UPI,Success,2026-06-04
TXN00477,CUST0245,PROD083,8333.42,Net Banking,Success,2026-04-12
TXN00478,CUST1704,PROD068,1393.67,Debit Card,Success,2026-05-12
TXN00479,CUST1159,PROD056,19913.96,Debit Card,Failed,2026-05-10
TXN00480,CUST1008,PROD037,11581.35,UPI,Success,2026-06-12
TXN00481,CUST1158,PROD012,19489.71,UPI,Failed,2026-07-19
TXN00482,CUST0325,PROD066,16956.73,Wallet,Success,2026-01-23
TXN00483,CUST1250,PROD084,19860.4,UPI,Success,2026-07-12
TXN00484,CUST1675,PROD036,9421.16,Credit Card,Success,2026-08-16
TXN00485,CUST0150,PROD024,13027.23,Net Banking,Failed,2026-03-28
TXN00486,CUST1600,PROD089,14841.28,UPI,Success,2026-04-21
TXN00487,CUST1178,PROD038,325.81,Net Banking,Success,2026-08-01
TXN00488,CUST0018,PROD029,6583.21,Debit Card,Success,2026-02-08
TXN00489,CUST1197,PROD087,15402.02,Net Banking,Success,2026-05-17
TXN00490,CUST1577,PROD074,18522.06,Wallet,Success,2026-08-17
TXN00491,CUST0387,PROD099,3136.02,Credit Card,Success,2026-03-20
TXN00492,CUST0054,PROD069,12118.05,UPI,Success,2026-08-05
TXN00493,CUST1107,PROD045,19102.28,Debit Card,Success,2026-03-25
TXN00494,CUST1348,PROD027,4193.69,Net Banking,Success,2026-02-11
TXN00495,CUST0478,PROD028,15492.44,Credit Card,Success,2026-01-07
TXN00496,CUST0253,PROD049,703.39,Credit Card,Success,2026-08-11
TXN00497,CUST0101,PROD058,8883.23,Credit Card,Success,2026-02-20
TXN00498,CUST1209,PROD016,2038.47,Wallet,Failed,2026-02-14
TXN00499,CUST1484,PROD067,2609.73,Credit Card,Success,2026-07-13
TXN00500,CUST1927,PROD063,14864.71,Debit Card,Success,2026-04-02
TXN00501,CUST0392,PROD027,19706.01,Wallet,Success,2026-07-24
TXN00502,CUST0979,PROD033,10272.96,UPI,Success,2026-04-27
TXN00503,CUST0779,PROD054,8126.11,UPI,Success,2026-08-08
TXN00504,CUST0739,PROD040,16763.39,Debit Card,Success,2026-04-22
TXN00505,CUST1437,PROD011,13078.57,Net Banking,Success,2026-07-27
TXN00506,CUST0033,PROD036,14646.66,Debit Card,Success,2026-08-18
TXN00507,CUST0289,PROD032,3711.7,Credit Card,Failed,2026-01-03
TXN00508,CUST0319,PROD018,13962.39,UPI,Success,2026-07-15
TXN00509,CUST1222,PROD027,17353.63,Debit Card,Success,2026-06-19
TXN00510,CUST1265,PROD054,16500.36,Credit Card,Success,2026-04-18
TXN00511,CUST1918,PROD067,19312.94,Credit Card,Success,2026-07-09
TXN00512,CUST1801,PROD015,15773.82,Net Banking,Success,2026-01-08
TXN00513,CUST0627,PROD052,12581.19,Debit Card,Failed,2026-08-04
TXN00514,CUST0658,PROD004,15708.72,UPI,Success,2026-03-26
TXN00515,CUST0071,PROD095,17466.16,UPI,Failed,2026-04-15
TXN00516,CUST0773,PROD098,12050.45,Credit Card,Success,2026-05-15
TXN00517,CUST0206,PROD002,7103.59,UPI,Success,2026-02-27
TXN00518,CUST0136,PROD015,19380.86,Net Banking,Failed,2026-04-29
TXN00519,CUST0902,PROD018,17166.93,UPI,Success,2026-07-27
TXN00520,CUST0976,PROD061,18011.07,Credit Card,Success,2026-03-07
TXN00521,CUST1345,PROD070,7438.54,UPI,Success,2026-06-07
TXN00522,CUST1010,PROD096,16655.57,Credit Card,Success,2026-05-27
TXN00523,CUST0450,PROD066,2770.19,Credit Card,Success,2026-02-06
TXN00524,CUST1523,PROD013,14401.91,Wallet,Success,2026-03-14
TXN00525,CUST0512,PROD029,5163.28,Debit Card,Success,2026-07-06
TXN00526,CUST1456,PROD060,13433.46,Wallet,Failed,2026-05-14
TXN00527,CUST1810,PROD035,15245.89,Debit Card,Success,2026-02-03
TXN00528,CUST0768,PROD085,3075.38,UPI,Success,2026-07-08
TXN00529,CUST1295,PROD007,15925.06,UPI,Success,2026-02-16
TXN00530,CUST1300,PROD005,16740.51,Credit Card,Success,2026-03-02
TXN00531,CUST0661,PROD002,11527.32,Debit Card,Success,2026-05-04
TXN00532,CUST1288,PROD074,8232.01,Net Banking,Failed,2026-02-24
TXN00533,CUST0539,PROD070,8909.29,Debit Card,Failed,2026-07-10
TXN00534,CUST1893,PROD044,6877.64,Credit Card,Success,2026-08-17
TXN00535,CUST0699,PROD063,15485.75,UPI,Success,2026-04-27
TXN00536,CUST1564,PROD067,5404.69,Debit Card,Success,2026-07-20
TXN00537,CUST1316,PROD004,19302.12,UPI,Success,2026-02-02
TXN00538,CUST1997,PROD059,16635.54,Wallet,Success,2026-01-31
TXN00539,CUST0259,PROD045,6279.2,Wallet,Success,2026-04-22
TXN00540,CUST1979,PROD065,3815.73,Wallet,Success,2026-07-29
TXN00541,CUST0291,PROD088,4592.77,Credit Card,Success,2026-01-05
TXN00542,CUST1077,PROD077,15642.77,Wallet,Failed,2026-05-25
TXN00543,CUST0097,PROD069,7380.59,Wallet,Success,2026-02-28
TXN00544,CUST0767,PROD021,2182.73,Wallet,Success,2026-02-12
TXN00545,CUST1727,PROD097,14378.5,Wallet,Success,2026-05-19
TXN00546,CUST1758,PROD026,5712.74,Debit Card,Success,2026-04-13
TXN00547,CUST1846,PROD067,19445.78,Net Banking,Success,2026-08-17
TXN00548,CUST0660,PROD018,14486.64,UPI,Success,2026-03-18
TXN00549,CUST0515,PROD091,11204.0,Credit Card,Failed,2026-03-21
TXN00550,CUST1217,PROD009,1372.6,Credit Card,Success,2026-04-16
TXN00551,CUST0985,PROD021,15338.94,Credit Card,Success,2026-07-26
TXN00552,CUST1611,PROD021,12992.48,Wallet,Success,2026-04-11
TXN00553,CUST0510,PROD045,1596.53,Credit Card,Success,2026-03-12
TXN00554,CUST0253,PROD093,14845.17,Credit Card,Success,2026-06-22
TXN00555,CUST0909,PROD019,13510.31,Debit Card,Success,2026-07-14
TXN00556,CUST1305,PROD016,10508.28,UPI,Failed,2026-05-15
TXN00557,CUST0965,PROD030,13276.34,UPI,Failed,2026-03-18
TXN00558,CUST1522,PROD079,9196.48,Debit Card,Success,2026-01-19
TXN00559,CUST1945,PROD006,7753.73,Debit Card,Success,2026-08-17
TXN00560,CUST1284,PROD060,8633.03,Net Banking,Success,2026-02-13
TXN00561,CUST0461,PROD067,2240.39,Wallet,Failed,2026-07-07
TXN00562,CUST1772,PROD047,4977.59,Net Banking,Success,2026-08-06
TXN00563,CUST0864,PROD008,12833.59,Debit Card,Success,2026-08-10
TXN00564,CUST1853,PROD033,12877.26,Net Banking,Success,2026-03-26
TXN00565,CUST0731,PROD011,455.94,Net Banking,Success,2026-07-02
TXN00566,CUST1200,PROD064,4583.49,Debit Card,Success,2026-04-22
TXN00567,CUST1600,PROD091,9859.67,Wallet,Success,2026-06-05
TXN00568,CUST1243,PROD067,17433.79,Net Banking,Success,2026-06-20
TXN00569,CUST1233,PROD014,11888.79,UPI,Failed,2026-07-23
TXN00570,CUST0195,PROD016,19341.25,Debit Card,Failed,2026-03-03
TXN00571,CUST1378,PROD091,18095.03,Net Banking,Success,2026-04-18
TXN00572,CUST0712,PROD083,15805.1,Net Banking,Failed,2026-08-07
TXN00573,CUST1769,PROD067,938.07,Net Banking,Success,2026-04-13
TXN00574,CUST0443,PROD073,3778.61,Debit Card,Success,2026-06-11
TXN00575,CUST0599,PROD053,16077.53,Net Banking,Success,2026-07-06
TXN00576,CUST0735,PROD088,7012.18,Debit Card,Success,2026-03-05
TXN00577,CUST1606,PROD007,6625.35,Debit Card,Success,2026-06-28
TXN00578,CUST0429,PROD072,15462.02,Debit Card,Success,2026-05-21
TXN00579,CUST1543,PROD045,15663.17,Net Banking,Success,2026-02-14
TXN00580,CUST0684,PROD046,12404.77,Credit Card,Success,2026-07-09
TXN00581,CUST1698,PROD040,2205.7,UPI,Success,2026-07-04
TXN00582,CUST0641,PROD080,10044.42,Net Banking,Success,2026-02-17
TXN00583,CUST0543,PROD091,9811.72,Net Banking,Success,2026-03-28
TXN00584,CUST1546,PROD021,19194.31,UPI,Success,2026-03-24
TXN00585,CUST0389,PROD075,6348.45,Wallet,Success,2026-05-10
TXN00586,CUST1550,PROD072,10857.44,Wallet,Success,2026-04-12
TXN00587,CUST0407,PROD012,1992.74,Net Banking,Success,2026-06-03
TXN00588,CUST0299,PROD092,6935.25,Net Banking,Success,2026-04-01
TXN00589,CUST1887,PROD050,2251.8,Debit Card,Failed,2026-07-08
TXN00590,CUST1168,PROD011,6611.96,Net Banking,Success,2026-02-27
TXN00591,CUST0504,PROD071,3269.23,UPI,Success,2026-03-12
TXN00592,CUST0460,PROD089,19668.59,Credit Card,Success,2026-03-04
TXN00593,CUST1327,PROD028,3078.46,Credit Card,Success,2026-03-17
TXN00594,CUST1757,PROD079,9768.81,Net Banking,Failed,2026-04-23
TXN00595,CUST1129,PROD073,4006.33,Wallet,Failed,2026-02-17
TXN00596,CUST0819,PROD081,11594.05,Net Banking,Success,2026-08-19
TXN00597,CUST1448,PROD047,16107.84,Net Banking,Success,2026-03-09
TXN00598,CUST0747,PROD031,6539.06,UPI,Success,2026-04-02
TXN00599,CUST0659,PROD090,5088.53,Wallet,Success,2026-05-18
TXN00600,CUST0198,PROD065,14225.41,Debit Card,Success,2026-05-18
TXN00601,CUST1654,PROD078,4710.92,Wallet,Success,2026-03-31
TXN00602,CUST0953,PROD035,11570.33,Net Banking,Failed,2026-01-14
TXN00603,CUST0897,PROD064,11903.05,Credit Card,Success,2026-01-17
TXN00604,CUST1147,PROD058,11268.12,Debit Card,Success,2026-01-15
TXN00605,CUST1777,PROD091,3128.03,Debit Card,Success,2026-06-24
TXN00606,CUST1956,PROD093,5666.59,UPI,Failed,2026-03-06
TXN00607,CUST1006,PROD056,14143.51,Net Banking,Success,2026-02-04
TXN00608,CUST1356,PROD058,6334.54,Debit Card,Success,2026-06-28
TXN00609,CUST0477,PROD073,16008.64,Net Banking,Success,2026-05-11
TXN00610,CUST1570,PROD070,19607.54,Debit Card,Success,2026-05-31
TXN00611,CUST1989,PROD079,1248.82,Debit Card,Failed,2026-07-13
TXN00612,CUST0246,PROD100,19551.61,UPI,Failed,2026-06-07
TXN00613,CUST0848,PROD094,3391.9,Credit Card,Failed,2026-02-19
TXN00614,CUST1585,PROD098,19793.89,Credit Card,Success,2026-08-02
TXN00615,CUST1330,PROD064,14627.61,UPI,Success,2026-03-26
TXN00616,CUST1938,PROD052,11565.26,Net Banking,Success,2026-06-25
TXN00617,CUST0781,PROD090,9593.27,Debit Card,Success,2026-08-05
TXN00618,CUST0197,PROD040,7232.11,Net Banking,Success,2026-07-01
TXN00619,CUST1024,PROD012,3854.41,Credit Card,Success,2026-04-13
TXN00620,CUST0720,PROD083,12733.55,Net Banking,Success,2026-03-28
TXN00621,CUST1073,PROD033,603.94,UPI,Failed,2026-06-05
TXN00622,CUST0122,PROD088,7588.31,UPI,Failed,2026-02-13
TXN00623,CUST0026,PROD001,6671.82,UPI,Failed,2026-03-20
TXN00624,CUST1154,PROD048,17215.3,Credit Card,Failed,2026-02-14
TXN00625,CUST1021,PROD024,10797.24,UPI,Success,2026-03-30
TXN00626,CUST1229,PROD048,11564.9,Net Banking,Success,2026-08-17
TXN00627,CUST1040,PROD020,16324.36,UPI,Failed,2026-04-24
TXN00628,CUST0080,PROD069,17787.02,UPI,Success,2026-07-23
TXN00629,CUST1915,PROD038,2333.94,Credit Card,Failed,2026-06-24
TXN00630,CUST1062,PROD022,18024.57,Credit Card,Failed,2026-05-08
TXN00631,CUST0318,PROD079,18415.98,Wallet,Success,2026-04-27
TXN00632,CUST1606,PROD058,18891.42,Wallet,Success,2026-06-21
TXN00633,CUST0693,PROD032,7440.73,Net Banking,Success,2026-03-03
TXN00634,CUST1627,PROD052,1023.49,Net Banking,Failed,2026-01-16
TXN00635,CUST0203,PROD067,2000.88,Debit Card,Failed,2026-06-17
TXN00636,CUST1154,PROD074,14103.68,Net Banking,Failed,2026-05-14
TXN00637,CUST1318,PROD026,5794.72,Net Banking,Success,2026-02-04
TXN00638,CUST0600,PROD081,8641.12,Net Banking,Success,2026-04-22
TXN00639,CUST1005,PROD004,9926.54,Wallet,Success,2026-03-24
TXN00640,CUST1249,PROD050,6256.77,Debit Card,Success,2026-07-21
TXN00641,CUST1081,PROD006,3923.96,Debit Card,Failed,2026-01-23
TXN00642,CUST1532,PROD074,10947.18,Debit Card,Success,2026-06-14
TXN00643,CUST1095,PROD004,1134.71,Net Banking,Success,2026-03-19
TXN00644,CUST0721,PROD069,1238.22,Net Banking,Failed,2026-07-31
TXN00645,CUST1074,PROD023,10273.16,UPI,Success,2026-06-24
TXN00646,CUST0203,PROD059,19009.29,Credit Card,Success,2026-08-17
TXN00647,CUST0150,PROD092,4231.44,Wallet,Failed,2026-02-22
TXN00648,CUST0032,PROD006,18457.31,UPI,Success,2026-02-22
TXN00649,CUST0010,PROD031,13259.96,Debit Card,Success,2026-08-01
TXN00650,CUST0799,PROD030,7561.32,Net Banking,Success,2026-08-03
TXN00651,CUST0320,PROD019,12055.28,Debit Card,Success,2026-06-09
TXN00652,CUST1394,PROD074,14261.41,Debit Card,Success,2026-08-19
TXN00653,CUST1926,PROD084,14785.34,Net Banking,Success,2026-03-11
TXN00654,CUST0852,PROD053,7667.21,Credit Card,Success,2026-08-04
TXN00655,CUST0520,PROD077,406.51,Net Banking,Success,2026-06-27
TXN00656,CUST1426,PROD099,9092.74,Credit Card,Success,2026-06-19
TXN00657,CUST1306,PROD015,2482.51,Net Banking,Success,2026-08-19
TXN00658,CUST0376,PROD069,6682.1,Debit Card,Success,2026-07-09
TXN00659,CUST0584,PROD069,5871.49,Wallet,Success,2026-08-08
TXN00660,CUST0223,PROD098,2564.13,Credit Card,Success,2026-07-30
TXN00661,CUST1137,PROD064,4175.61,UPI,Success,2026-05-13
TXN00662,CUST0981,PROD014,2405.85,Net Banking,Success,2026-01-10
TXN00663,CUST0172,PROD098,13933.61,Credit Card,Success,2026-01-18
TXN00664,CUST1261,PROD048,8874.55,Net Banking,Failed,2026-02-06
TXN00665,CUST1576,PROD006,13324.96,Credit Card,Success,2026-05-09
TXN00666,CUST1485,PROD041,1066.41,Credit Card,Success,2026-01-04
TXN00667,CUST1761,PROD033,18452.43,Net Banking,Success,2026-03-31
TXN00668,CUST1847,PROD083,1317.28,Credit Card,Success,2026-04-08
TXN00669,CUST1036,PROD009,4659.66,Credit Card,Success,2026-06-10
TXN00670,CUST1348,PROD093,8889.66,Net Banking,Success,2026-08-12
TXN00671,CUST1728,PROD032,12112.87,Wallet,Success,2026-03-15
TXN00672,CUST0294,PROD071,19290.7,UPI,Success,2026-01-15
TXN00673,CUST0840,PROD067,10778.62,Credit Card,Success,2026-06-08
TXN00674,CUST0759,PROD005,3041.03,Credit Card,Success,2026-01-27
TXN00675,CUST0781,PROD001,11341.69,Net Banking,Failed,2026-07-28
TXN00676,CUST0246,PROD029,15291.09,Wallet,Failed,2026-01-10
TXN00677,CUST0152,PROD003,13047.48,Wallet,Success,2026-05-02
TXN00678,CUST0579,PROD088,12397.77,Credit Card,Success,2026-04-26
TXN00679,CUST1255,PROD033,7033.9,Net Banking,Success,2026-06-12
TXN00680,CUST1883,PROD020,9193.62,Debit Card,Success,2026-08-14
TXN00681,CUST0296,PROD037,12814.45,Net Banking,Success,2026-02-14
TXN00682,CUST1807,PROD021,7487.95,Net Banking,Success,2026-01-06
TXN00683,CUST0295,PROD006,9306.65,Wallet,Success,2026-07-01
TXN00684,CUST0824,PROD017,16834.68,Credit Card,Success,2026-04-01
TXN00685,CUST0863,PROD054,9319.51,Net Banking,Success,2026-04-26
TXN00686,CUST0950,PROD047,6888.47,Net Banking,Success,2026-06-20
TXN00687,CUST1482,PROD068,4277.12,Credit Card,Failed,2026-02-25
TXN00688,CUST0399,PROD094,13254.65,Debit Card,Success,2026-06-08
TXN00689,CUST1123,PROD098,15883.15,Debit Card,Success,2026-04-06
TXN00690,CUST0805,PROD019,9510.6,Net Banking,Success,2026-05-19
TXN00691,CUST1853,PROD100,17428.2,UPI,Success,2026-04-16
TXN00692,CUST0445,PROD044,11123.52,Net Banking,Failed,2026-02-10
TXN00693,CUST0885,PROD024,18875.35,Credit Card,Success,2026-01-07
TXN00694,CUST1163,PROD086,3612.35,Wallet,Success,2026-07-10
TXN00695,CUST1314,PROD052,11586.37,Credit Card,Success,2026-07-25
TXN00696,CUST0843,PROD041,9477.88,Credit Card,Success,2026-08-11
TXN00697,CUST0648,PROD079,18673.8,Wallet,Success,2026-06-06
TXN00698,CUST1385,PROD013,15781.85,UPI,Success,2026-01-22
TXN00699,CUST1885,PROD007,6763.87,Debit Card,Success,2026-01-24
TXN00700,CUST0416,PROD096,3181.94,Debit Card,Success,2026-02-24
TXN00701,CUST0744,PROD080,18203.06,Net Banking,Success,2026-05-30
TXN00702,CUST0694,PROD091,3669.32,UPI,Failed,2026-03-19
TXN00703,CUST0328,PROD020,3432.48,Wallet,Failed,2026-01-31
TXN00704,CUST0840,PROD021,11320.95,Net Banking,Success,2026-06-10
TXN00705,CUST1414,PROD032,19527.27,Credit Card,Success,2026-06-19
TXN00706,CUST0199,PROD097,979.69,Net Banking,Success,2026-08-14
TXN00707,CUST0777,PROD062,3575.07,Wallet,Success,2026-01-06
TXN00708,CUST1907,PROD057,11780.85,Net Banking,Success,2026-02-16
TXN00709,CUST1988,PROD063,18942.76,Debit Card,Success,2026-05-26
TXN00710,CUST0175,PROD048,1564.02,Wallet,Success,2026-02-04
TXN00711,CUST1388,PROD051,18351.93,Credit Card,Success,2026-01-29
TXN00712,CUST0599,PROD092,15897.08,UPI,Success,2026-07-21
TXN00713,CUST1235,PROD064,515.92,Wallet,Success,2026-08-17
TXN00714,CUST0347,PROD047,17054.81,Wallet,Success,2026-02-19
TXN00715,CUST1066,PROD004,9894.26,UPI,Success,2026-02-12
TXN00716,CUST1435,PROD040,5409.65,Debit Card,Success,2026-04-21
TXN00717,CUST0559,PROD096,19902.91,Net Banking,Success,2026-06-18
TXN00718,CUST0682,PROD071,821.2,Wallet,Success,2026-08-12
TXN00719,CUST1505,PROD074,580.4,Credit Card,Success,2026-04-08
TXN00720,CUST0779,PROD050,912.47,Debit Card,Success,2026-06-22
TXN00721,CUST0688,PROD047,16102.29,Net Banking,Success,2026-08-07
TXN00722,CUST1449,PROD044,2820.33,Debit Card,Failed,2026-03-30
TXN00723,CUST0396,PROD063,5776.49,Net Banking,Success,2026-01-22
TXN00724,CUST1650,PROD086,18284.17,Wallet,Success,2026-08-09
TXN00725,CUST0048,PROD017,16163.29,Credit Card,Success,2026-01-28
TXN00726,CUST0363,PROD048,1486.19,Credit Card,Success,2026-05-27
TXN00727,CUST1769,PROD010,390.98,Debit Card,Failed,2026-01-04
TXN00728,CUST0145,PROD020,11738.55,Net Banking,Success,2026-08-12
TXN00729,CUST1610,PROD086,2295.49,UPI,Success,2026-02-01
TXN00730,CUST0409,PROD096,18545.93,UPI,Success,2026-02-17
TXN00731,CUST0008,PROD056,15873.54,Credit Card,Success,2026-03-01
TXN00732,CUST1469,PROD011,7860.64,Wallet,Success,2026-06-10
TXN00733,CUST0975,PROD026,14223.1,Wallet,Success,2026-05-07
TXN00734,CUST0961,PROD037,14684.98,UPI,Success,2026-06-01
TXN00735,CUST0379,PROD065,325.01,Credit Card,Success,2026-02-15
TXN00736,CUST0295,PROD070,11593.59,UPI,Success,2026-02-18
TXN00737,CUST0386,PROD024,17002.6,Credit Card,Success,2026-07-13
TXN00738,CUST0809,PROD082,16753.6,Wallet,Success,2026-03-17
TXN00739,CUST1038,PROD082,5850.98,Debit Card,Success,2026-04-20
TXN00740,CUST1507,PROD031,10704.91,Debit Card,Success,2026-06-17
TXN00741,CUST1545,PROD021,1480.14,Net Banking,Success,2026-01-17
TXN00742,CUST1849,PROD094,1396.0,Net Banking,Success,2026-07-13
TXN00743,CUST1381,PROD098,17993.07,UPI,Success,2026-04-25
TXN00744,CUST0653,PROD076,15473.44,Wallet,Success,2026-04-03
TXN00745,CUST1166,PROD034,14597.55,Net Banking,Success,2026-03-23
TXN00746,CUST1521,PROD062,7534.78,Net Banking,Success,2026-03-18
TXN00747,CUST1119,PROD096,3967.64,Credit Card,Success,2026-05-31
TXN00748,CUST1415,PROD046,8312.7,Net Banking,Success,2026-08-14
TXN00749,CUST1892,PROD052,9379.75,Net Banking,Success,2026-08-19
TXN00750,CUST0313,PROD019,14809.61,Net Banking,Success,2026-04-09
TXN00751,CUST1789,PROD018,15807.65,Credit Card,Success,2026-04-08
TXN00752,CUST0749,PROD002,8800.75,Credit Card,Success,2026-07-29
TXN00753,CUST1215,PROD024,4496.48,Net Banking,Success,2026-01-05
TXN00754,CUST0307,PROD035,6878.84,Net Banking,Success,2026-01-06
TXN00755,CUST0325,PROD039,16629.61,Wallet,Success,2026-08-07
TXN00756,CUST0467,PROD025,9833.39,Net Banking,Success,2026-07-05
TXN00757,CUST0892,PROD021,9849.37,UPI,Success,2026-06-20
TXN00758,CUST1970,PROD014,1524.74,Net Banking,Failed,2026-03-24
TXN00759,CUST0593,PROD019,4856.02,Credit Card,Success,2026-05-07
TXN00760,CUST1005,PROD002,19145.76,Credit Card,Success,2026-06-11
TXN00761,CUST1292,PROD040,13744.34,Wallet,Success,2026-04-20
TXN00762,CUST1227,PROD017,10686.81,Debit Card,Success,2026-03-29
TXN00763,CUST0757,PROD073,19414.53,UPI,Success,2026-01-17
TXN00764,CUST0758,PROD054,5072.98,Credit Card,Success,2026-03-25
TXN00765,CUST1299,PROD061,15778.76,Debit Card,Failed,2026-05-23
TXN00766,CUST1626,PROD043,14026.93,Credit Card,Success,2026-08-19
TXN00767,CUST1601,PROD081,11531.04,Wallet,Failed,2026-02-28
TXN00768,CUST0486,PROD032,9874.04,UPI,Success,2026-05-01
TXN00769,CUST1047,PROD013,7806.04,Wallet,Success,2026-02-07
TXN00770,CUST0167,PROD068,9920.62,Debit Card,Success,2026-06-04
TXN00771,CUST0921,PROD050,15593.18,Debit Card,Success,2026-07-22
TXN00772,CUST0746,PROD100,1368.62,Credit Card,Success,2026-03-05
TXN00773,CUST0671,PROD046,16531.77,Wallet,Success,2026-05-04
TXN00774,CUST1605,PROD035,19142.02,Debit Card,Failed,2026-05-05
TXN00775,CUST1809,PROD069,4161.16,Credit Card,Failed,2026-07-27
TXN00776,CUST1240,PROD016,6053.27,Credit Card,Failed,2026-01-16
TXN00777,CUST1637,PROD065,5792.63,Net Banking,Success,2026-07-22
TXN00778,CUST1435,PROD002,6103.9,Credit Card,Success,2026-02-22
TXN00779,CUST0052,PROD004,13102.37,Net Banking,Success,2026-07-15
TXN00780,CUST0755,PROD060,15560.78,Net Banking,Success,2026-02-07
TXN00781,CUST1138,PROD021,11958.13,Debit Card,Success,2026-07-14
TXN00782,CUST1919,PROD036,9227.68,Wallet,Success,2026-02-20
TXN00783,CUST0584,PROD021,11812.31,UPI,Success,2026-03-24
TXN00784,CUST0108,PROD042,11140.99,Credit Card,Success,2026-04-05
TXN00785,CUST1704,PROD093,7625.58,Net Banking,Success,2026-01-07
TXN00786,CUST0811,PROD023,6666.89,UPI,Success,2026-08-03
TXN00787,CUST0664,PROD073,15178.53,Wallet,Success,2026-01-11
TXN00788,CUST1481,PROD092,14330.55,UPI,Success,2026-05-08
TXN00789,CUST0287,PROD020,2224.61,Credit Card,Success,2026-02-11
TXN00790,CUST1546,PROD047,19451.92,UPI,Success,2026-03-28
TXN00791,CUST0704,PROD097,1577.62,Wallet,Success,2026-04-13
TXN00792,CUST1075,PROD054,12908.01,Credit Card,Failed,2026-04-12
TXN00793,CUST1686,PROD012,16324.41,Credit Card,Success,2026-04-25
TXN00794,CUST1563,PROD034,4702.44,Wallet,Success,2026-01-15
TXN00795,CUST0108,PROD083,16889.28,Net Banking,Success,2026-02-27
TXN00796,CUST0087,PROD029,15218.85,Credit Card,Failed,2026-02-09
TXN00797,CUST0655,PROD042,7873.0,Net Banking,Success,2026-06-12
TXN00798,CUST1045,PROD098,5934.86,Net Banking,Failed,2026-01-07
TXN00799,CUST0140,PROD006,4162.46,Credit Card,Success,2026-01-10
TXN00800,CUST1194,PROD063,341.62,UPI,Failed,2026-06-29
TXN00801,CUST1806,PROD048,10281.14,Credit Card,Success,2026-08-01
TXN00802,CUST0436,PROD020,10817.35,Wallet,Success,2026-06-10
TXN00803,CUST0545,PROD072,7611.15,Credit Card,Success,2026-04-10
TXN00804,CUST1545,PROD078,5274.31,Debit Card,Success,2026-02-20
TXN00805,CUST0805,PROD016,13079.16,UPI,Success,2026-04-26
TXN00806,CUST1236,PROD084,13502.56,Net Banking,Success,2026-07-17
TXN00807,CUST0379,PROD015,1024.87,UPI,Success,2026-07-25
TXN00808,CUST0410,PROD098,11490.1,Debit Card,Success,2026-07-11
TXN00809,CUST1816,PROD076,16393.63,Net Banking,Success,2026-04-03
TXN00810,CUST1327,PROD081,4750.24,Debit Card,Success,2026-08-16
TXN00811,CUST1047,PROD004,6336.05,Credit Card,Success,2026-02-25
TXN00812,CUST0423,PROD064,18946.54,Debit Card,Success,2026-04-10
TXN00813,CUST0801,PROD078,15126.4,Net Banking,Failed,2026-05-06
TXN00814,CUST1223,PROD037,15941.06,Credit Card,Success,2026-06-20
TXN00815,CUST1263,PROD014,17711.36,UPI,Failed,2026-08-07
TXN00816,CUST0103,PROD002,18946.38,Debit Card,Success,2026-01-01
TXN00817,CUST0782,PROD094,11448.6,UPI,Success,2026-02-10
TXN00818,CUST0754,PROD028,12986.29,Debit Card,Success,2026-04-19
TXN00819,CUST0574,PROD054,13141.79,UPI,Success,2026-03-18
TXN00820,CUST0619,PROD019,5401.97,Credit Card,Success,2026-08-16
TXN00821,CUST1883,PROD082,14936.36,UPI,Success,2026-06-24
TXN00822,CUST0358,PROD002,2429.22,Credit Card,Success,2026-07-05
TXN00823,CUST1782,PROD075,13959.39,Debit Card,Success,2026-03-11
TXN00824,CUST1440,PROD073,9698.55,Credit Card,Success,2026-07-07
TXN00825,CUST0134,PROD051,13624.78,UPI,Success,2026-01-08
TXN00826,CUST0886,PROD060,8366.0,Wallet,Success,2026-01-04
TXN00827,CUST1345,PROD009,19196.69,Debit Card,Success,2026-08-13
TXN00828,CUST1473,PROD062,4213.43,UPI,Success,2026-03-10
TXN00829,CUST1973,PROD025,4849.41,UPI,Success,2026-04-25
TXN00830,CUST1789,PROD073,16740.77,Wallet,Success,2026-04-22
TXN00831,CUST1622,PROD030,14368.27,UPI,Success,2026-07-10
TXN00832,CUST0746,PROD012,12041.37,Net Banking,Failed,2026-04-27
TXN00833,CUST0336,PROD048,13240.31,Wallet,Failed,2026-04-06
TXN00834,CUST0299,PROD042,14756.86,Net Banking,Success,2026-03-30
TXN00835,CUST1189,PROD052,7567.78,Debit Card,Success,2026-03-30
TXN00836,CUST1668,PROD087,15082.85,Wallet,Success,2026-05-07
TXN00837,CUST0738,PROD056,1911.62,Credit Card,Success,2026-03-06
TXN00838,CUST1894,PROD046,12980.19,Wallet,Success,2026-04-26
TXN00839,CUST1823,PROD006,7000.38,Credit Card,Failed,2026-08-09
TXN00840,CUST0700,PROD070,12727.41,Credit Card,Failed,2026-07-10
TXN00841,CUST0286,PROD027,16528.77,UPI,Success,2026-04-12
TXN00842,CUST1804,PROD015,19811.98,UPI,Failed,2026-05-20
TXN00843,CUST0213,PROD074,280.0,Credit Card,Success,2026-05-21
TXN00844,CUST1401,PROD091,15796.94,UPI,Success,2026-05-06
TXN00845,CUST1499,PROD048,11059.32,Wallet,Success,2026-04-12
TXN00846,CUST0449,PROD074,7152.46,UPI,Success,2026-04-15
TXN00847,CUST1312,PROD083,9182.35,Credit Card,Success,2026-08-02
TXN00848,CUST1830,PROD065,16038.72,Credit Card,Success,2026-05-07
TXN00849,CUST1424,PROD040,4988.3,Debit Card,Success,2026-04-14
TXN00850,CUST1110,PROD082,2112.43,Credit Card,Success,2026-07-28
TXN00851,CUST0034,PROD004,6056.52,Credit Card,Success,2026-02-23
TXN00852,CUST0138,PROD033,9161.47,Net Banking,Success,2026-01-31
TXN00853,CUST1355,PROD052,409.26,Debit Card,Success,2026-06-02
TXN00854,CUST0795,PROD048,4327.28,Wallet,Failed,2026-04-20
TXN00855,CUST1884,PROD062,12777.35,UPI,Success,2026-06-01
TXN00856,CUST0065,PROD064,6528.71,Debit Card,Success,2026-01-08
TXN00857,CUST1764,PROD050,15107.78,UPI,Success,2026-07-17
TXN00858,CUST1411,PROD076,12480.59,Net Banking,Success,2026-03-31
TXN00859,CUST0779,PROD005,19262.81,UPI,Success,2026-07-14
TXN00860,CUST0517,PROD070,2022.57,UPI,Success,2026-03-04
TXN00861,CUST0778,PROD096,6880.18,Net Banking,Success,2026-06-04
TXN00862,CUST0662,PROD040,11141.99,Net Banking,Success,2026-06-30
TXN00863,CUST1257,PROD053,2080.08,Credit Card,Failed,2026-06-25
TXN00864,CUST1767,PROD087,15660.53,Net Banking,Success,2026-05-10
TXN00865,CUST1029,PROD024,9370.96,Wallet,Success,2026-06-28
TXN00866,CUST1642,PROD069,13143.31,Debit Card,Failed,2026-01-13
TXN00867,CUST0241,PROD090,10431.38,Net Banking,Success,2026-02-14
TXN00868,CUST1749,PROD021,988.37,Debit Card,Success,2026-06-03
TXN00869,CUST0225,PROD088,3264.96,UPI,Success,2026-08-03
TXN00870,CUST0988,PROD063,5131.04,Credit Card,Success,2026-04-10
TXN00871,CUST0090,PROD039,3817.02,Wallet,Success,2026-03-29
TXN00872,CUST0469,PROD092,9004.39,UPI,Success,2026-06-29
TXN00873,CUST0337,PROD018,2813.58,Wallet,Success,2026-06-04
TXN00874,CUST0898,PROD064,7460.18,Net Banking,Success,2026-06-28
TXN00875,CUST1451,PROD068,17974.25,Wallet,Success,2026-04-05
TXN00876,CUST0858,PROD061,864.03,Wallet,Success,2026-04-22
TXN00877,CUST0138,PROD009,1927.41,Debit Card,Success,2026-08-13
TXN00878,CUST0822,PROD065,18401.63,Credit Card,Success,2026-08-13
TXN00879,CUST0050,PROD021,1910.28,Credit Card,Success,2026-02-17
TXN00880,CUST1352,PROD070,7591.67,Net Banking,Success,2026-03-09
TXN00881,CUST1989,PROD085,3873.1,UPI,Failed,2026-04-16
TXN00882,CUST0082,PROD030,4208.46,Credit Card,Success,2026-03-18
TXN00883,CUST0023,PROD048,1387.88,UPI,Success,2026-07-21
TXN00884,CUST1075,PROD086,5464.57,UPI,Success,2026-05-16
TXN00885,CUST1804,PROD018,6526.68,Net Banking,Success,2026-03-04
TXN00886,CUST0387,PROD085,9600.24,Credit Card,Success,2026-05-03
TXN00887,CUST0354,PROD050,11150.04,Wallet,Success,2026-06-10
TXN00888,CUST0300,PROD086,2713.72,Credit Card,Success,2026-05-11
TXN00889,CUST0979,PROD066,19799.37,Wallet,Success,2026-01-19
TXN00890,CUST0506,PROD081,15117.59,Debit Card,Success,2026-08-03
TXN00891,CUST1696,PROD034,8246.55,Net Banking,Success,2026-07-12
TXN00892,CUST1784,PROD042,15656.51,Credit Card,Success,2026-01-08
TXN00893,CUST0801,PROD058,12207.44,Credit Card,Success,2026-08-10
TXN00894,CUST0982,PROD079,18997.88,Net Banking,Success,2026-05-11
TXN00895,CUST0495,PROD077,10520.92,UPI,Success,2026-05-08
TXN00896,CUST1229,PROD004,8462.87,UPI,Success,2026-05-24
TXN00897,CUST1583,PROD083,990.98,Net Banking,Success,2026-03-13
TXN00898,CUST0952,PROD084,16174.87,Debit Card,Failed,2026-03-29
TXN00899,CUST1240,PROD042,18402.67,Net Banking,Failed,2026-08-07
TXN00900,CUST0999,PROD050,15196.87,Wallet,Failed,2026-08-03
TXN00901,CUST1892,PROD088,12183.06,Wallet,Success,2026-06-19
TXN00902,CUST0962,PROD044,2001.56,Debit Card,Failed,2026-05-06
TXN00903,CUST1059,PROD079,12701.04,Debit Card,Success,2026-03-06
TXN00904,CUST1792,PROD037,11969.79,Debit Card,Success,2026-02-28
TXN00905,CUST1858,PROD031,11407.1,Debit Card,Success,2026-03-31
TXN00906,CUST1692,PROD043,10449.9,Debit Card,Success,2026-04-16
TXN00907,CUST1225,PROD055,13459.76,Wallet,Success,2026-02-18
TXN00908,CUST1643,PROD099,13828.98,Debit Card,Failed,2026-02-18
TXN00909,CUST1133,PROD042,4248.4,Wallet,Failed,2026-04-29
TXN00910,CUST0356,PROD016,14546.94,Debit Card,Success,2026-08-13
TXN00911,CUST0422,PROD077,15840.91,Debit Card,Success,2026-08-01
TXN00912,CUST1818,PROD083,16229.63,Credit Card,Success,2026-04-06
TXN00913,CUST0992,PROD092,5560.66,Net Banking,Failed,2026-05-26
TXN00914,CUST0700,PROD019,5243.57,Debit Card,Success,2026-01-19
TXN00915,CUST1980,PROD049,16299.67,UPI,Success,2026-04-11
TXN00916,CUST0387,PROD033,18570.55,Wallet,Failed,2026-04-27
TXN00917,CUST1682,PROD036,10320.14,Credit Card,Success,2026-04-18
TXN00918,CUST0105,PROD055,12636.63,Wallet,Success,2026-05-06
TXN00919,CUST0976,PROD056,7860.32,Credit Card,Success,2026-01-31
TXN00920,CUST0252,PROD047,15250.46,UPI,Success,2026-01-14
TXN00921,CUST0569,PROD014,11060.12,Credit Card,Success,2026-03-10
TXN00922,CUST1896,PROD096,13797.14,UPI,Failed,2026-02-22
TXN00923,CUST0123,PROD002,2406.35,Debit Card,Success,2026-06-09
TXN00924,CUST0881,PROD031,4763.67,Wallet,Failed,2026-06-08
TXN00925,CUST1540,PROD035,18571.46,Credit Card,Success,2026-04-01
TXN00926,CUST0048,PROD071,11765.58,Credit Card,Success,2026-07-15
TXN00927,CUST1651,PROD050,4222.2,UPI,Success,2026-06-07
TXN00928,CUST0187,PROD074,14861.03,Net Banking,Success,2026-03-11
TXN00929,CUST0196,PROD032,16938.57,Credit Card,Success,2026-02-26
TXN00930,CUST1249,PROD022,17859.33,Debit Card,Success,2026-02-26
TXN00931,CUST0007,PROD031,13489.0,Wallet,Failed,2026-04-22
TXN00932,CUST1740,PROD050,9034.07,UPI,Success,2026-03-01
TXN00933,CUST0837,PROD092,8993.83,Net Banking,Failed,2026-02-08
TXN00934,CUST1538,PROD049,655.93,Debit Card,Success,2026-07-15
TXN00935,CUST1806,PROD087,9932.09,Wallet,Success,2026-07-22
TXN00936,CUST0660,PROD003,10080.84,Net Banking,Success,2026-06-07
TXN00937,CUST1243,PROD027,7584.63,UPI,Failed,2026-06-30
TXN00938,CUST1715,PROD090,13728.91,Net Banking,Success,2026-02-13
TXN00939,CUST0447,PROD041,7194.66,Credit Card,Success,2026-03-12
TXN00940,CUST1841,PROD030,7712.99,Net Banking,Success,2026-08-13
TXN00941,CUST1406,PROD073,5032.64,UPI,Success,2026-06-28
TXN00942,CUST1461,PROD003,7899.62,Debit Card,Success,2026-03-30
TXN00943,CUST0042,PROD063,8838.58,Net Banking,Success,2026-04-25
TXN00944,CUST0896,PROD033,7094.96,Debit Card,Success,2026-03-10
TXN00945,CUST0981,PROD021,3537.12,Wallet,Failed,2026-08-07
TXN00946,CUST1227,PROD068,16240.81,UPI,Success,2026-08-05
TXN00947,CUST0747,PROD007,15262.06,Credit Card,Success,2026-01-24
TXN00948,CUST1261,PROD090,11145.92,UPI,Failed,2026-03-06
TXN00949,CUST1909,PROD033,9171.4,Credit Card,Success,2026-03-17
TXN00950,CUST0571,PROD024,4735.96,Credit Card,Failed,2026-03-21
TXN00951,CUST0137,PROD030,17461.84,UPI,Failed,2026-06-08
TXN00952,CUST1341,PROD095,3683.69,Net Banking,Success,2026-05-21
TXN00953,CUST1833,PROD022,4877.66,Credit Card,Failed,2026-07-26
TXN00954,CUST1460,PROD010,1534.17,Debit Card,Success,2026-01-26
TXN00955,CUST1094,PROD016,15625.37,Debit Card,Success,2026-05-22
TXN00956,CUST0313,PROD069,18656.57,UPI,Success,2026-03-04
TXN00957,CUST1752,PROD022,15373.72,UPI,Failed,2026-05-12
TXN00958,CUST1034,PROD008,7997.35,UPI,Success,2026-02-12
TXN00959,CUST0320,PROD017,4990.13,Debit Card,Failed,2026-06-05
TXN00960,CUST1604,PROD036,9355.62,Credit Card,Success,2026-04-27
TXN00961,CUST1462,PROD032,3409.32,UPI,Success,2026-06-05
TXN00962,CUST0773,PROD018,211.35,Wallet,Success,2026-04-28
TXN00963,CUST1388,PROD097,8021.34,Net Banking,Failed,2026-05-19
TXN00964,CUST0956,PROD083,18877.05,Wallet,Failed,2026-04-01
TXN00965,CUST1472,PROD096,8222.93,Wallet,Success,2026-03-06
TXN00966,CUST0342,PROD065,17186.95,UPI,Success,2026-02-02
TXN00967,CUST0151,PROD077,19895.35,Debit Card,Success,2026-08-04
TXN00968,CUST1238,PROD053,7774.93,Debit Card,Success,2026-03-18
TXN00969,CUST0645,PROD063,4134.32,Credit Card,Success,2026-01-05
TXN00970,CUST1588,PROD082,15056.88,Wallet,Success,2026-04-26
TXN00971,CUST1330,PROD039,8047.94,UPI,Success,2026-02-06
TXN00972,CUST1851,PROD057,5207.82,Net Banking,Success,2026-04-13
TXN00973,CUST0761,PROD027,9373.33,UPI,Success,2026-04-17
TXN00974,CUST1941,PROD019,17961.37,Debit Card,Success,2026-01-26
TXN00975,CUST0109,PROD045,9408.77,Net Banking,Success,2026-04-09
TXN00976,CUST1226,PROD038,7224.53,Wallet,Success,2026-05-12
TXN00977,CUST0083,PROD062,1541.56,Credit Card,Success,2026-03-26
TXN00978,CUST1889,PROD065,3485.72,Credit Card,Failed,2026-01-26
TXN00979,CUST0553,PROD008,688.73,Wallet,Success,2026-02-25
TXN00980,CUST0050,PROD058,8187.56,Wallet,Success,2026-07-24
TXN00981,CUST0711,PROD080,6665.58,UPI,Failed,2026-04-05
TXN00982,CUST1200,PROD016,17693.95,Net Banking,Success,2026-07-14
TXN00983,CUST1564,PROD066,915.89,Wallet,Failed,2026-07-19
TXN00984,CUST1037,PROD009,19973.16,Net Banking,Success,2026-02-09
TXN00985,CUST1353,PROD092,8909.26,Debit Card,Success,2026-07-04
TXN00986,CUST0292,PROD098,18316.9,Wallet,Success,2026-01-24
TXN00987,CUST0565,PROD051,4560.7,Debit Card,Success,2026-01-12
TXN00988,CUST1953,PROD018,4050.97,Credit Card,Success,2026-05-26
TXN00989,CUST1638,PROD020,8652.85,Debit Card,Success,2026-05-26
TXN00990,CUST0002,PROD009,3435.15,Debit Card,Success,2026-01-10
TXN00991,CUST1612,PROD009,4538.07,Net Banking,Success,2026-02-12
TXN00992,CUST0164,PROD086,9300.2,Debit Card,Failed,2026-08-19
TXN00993,CUST1491,PROD048,17041.76,Wallet,Failed,2026-03-08
TXN00994,CUST1123,PROD095,6745.88,Debit Card,Failed,2026-06-20
TXN00995,CUST0319,PROD086,13702.75,Wallet,Failed,2026-07-03
TXN00996,CUST1398,PROD036,16162.54,Credit Card,Success,2026-07-19
TXN00997,CUST1669,PROD003,8790.69,Debit Card,Failed,2026-03-11
TXN00998,CUST0616,PROD064,19460.67,UPI,Failed,2026-04-14
TXN00999,CUST0616,PROD033,2308.64,Wallet,Success,2026-02-07
TXN01000,CUST1730,PROD029,17638.77,Net Banking,Success,2026-03-05
TXN01001,CUST1897,PROD013,14008.16,Debit Card,Success,2026-05-10
TXN01002,CUST1521,PROD052,8501.97,Debit Card,Success,2026-03-26
TXN01003,CUST0497,PROD021,12536.55,UPI,Success,2026-06-19
TXN01004,CUST1897,PROD008,8825.34,Net Banking,Success,2026-07-28
TXN01005,CUST0849,PROD061,19571.5,Debit Card,Success,2026-03-27
TXN01006,CUST0631,PROD031,9833.1,Net Banking,Failed,2026-05-06
TXN01007,CUST0439,PROD052,8716.09,Debit Card,Success,2026-03-02
TXN01008,CUST1251,PROD022,6855.0,Debit Card,Failed,2026-06-03
TXN01009,CUST0772,PROD011,2193.06,UPI,Success,2026-01-22
TXN01010,CUST1107,PROD055,9954.44,Credit Card,Success,2026-01-24
TXN01011,CUST0005,PROD061,3715.95,Debit Card,Success,2026-02-04
TXN01012,CUST1391,PROD088,18378.05,Debit Card,Failed,2026-06-29
TXN01013,CUST0180,PROD006,3471.39,Debit Card,Success,2026-03-21
TXN01014,CUST0080,PROD075,1830.45,Wallet,Success,2026-01-11
TXN01015,CUST1683,PROD025,15832.95,Net Banking,Success,2026-08-18
TXN01016,CUST0221,PROD035,11948.73,Wallet,Success,2026-06-07
TXN01017,CUST1704,PROD079,5832.01,Net Banking,Failed,2026-01-17
TXN01018,CUST1746,PROD034,3316.4,Wallet,Success,2026-07-18
TXN01019,CUST1017,PROD078,4631.08,UPI,Success,2026-03-14
TXN01020,CUST1746,PROD044,13367.17,Net Banking,Success,2026-06-27
TXN01021,CUST0735,PROD066,6266.7,Net Banking,Success,2026-06-17
TXN01022,CUST1653,PROD031,15926.3,Debit Card,Success,2026-08-05
TXN01023,CUST0432,PROD031,9333.48,Credit Card,Success,2026-06-30
TXN01024,CUST0163,PROD008,11836.13,Credit Card,Success,2026-01-31
TXN01025,CUST0920,PROD017,3156.67,Debit Card,Success,2026-01-19
TXN01026,CUST1409,PROD041,11669.55,Net Banking,Success,2026-07-03
TXN01027,CUST0840,PROD016,18611.49,Wallet,Failed,2026-06-21
TXN01028,CUST0620,PROD091,4353.48,UPI,Success,2026-05-02
TXN01029,CUST0321,PROD051,3991.47,UPI,Success,2026-01-17
TXN01030,CUST1723,PROD033,7913.27,Net Banking,Success,2026-07-28
TXN01031,CUST1349,PROD051,15717.75,Debit Card,Success,2026-08-09
TXN01032,CUST0273,PROD042,14956.57,Net Banking,Success,2026-07-01
TXN01033,CUST1963,PROD097,11418.06,Credit Card,Success,2026-06-29
TXN01034,CUST1781,PROD022,19094.93,UPI,Success,2026-04-17
TXN01035,CUST1794,PROD043,3133.72,Credit Card,Success,2026-08-15
TXN01036,CUST1051,PROD078,10008.08,Credit Card,Success,2026-03-13
TXN01037,CUST0856,PROD005,15463.03,Debit Card,Success,2026-06-11
TXN01038,CUST1639,PROD079,7585.87,UPI,Success,2026-01-01
TXN01039,CUST1581,PROD065,4193.92,Debit Card,Failed,2026-02-07
TXN01040,CUST0561,PROD068,7935.67,Wallet,Failed,2026-05-16
TXN01041,CUST1898,PROD079,4093.89,UPI,Success,2026-07-17
TXN01042,CUST1975,PROD093,11901.31,Wallet,Success,2026-03-16
TXN01043,CUST0092,PROD037,6785.59,Wallet,Success,2026-04-15
TXN01044,CUST0972,PROD054,18595.16,Wallet,Failed,2026-08-15
TXN01045,CUST0473,PROD041,16729.08,Net Banking,Success,2026-02-27
TXN01046,CUST0615,PROD084,17072.86,Credit Card,Failed,2026-07-29
TXN01047,CUST0521,PROD051,5454.25,Credit Card,Success,2026-05-16
TXN01048,CUST0455,PROD058,4931.8,Net Banking,Success,2026-01-01
TXN01049,CUST1964,PROD010,16087.35,Wallet,Failed,2026-03-12
TXN01050,CUST1925,PROD054,523.6,Debit Card,Failed,2026-08-11
TXN01051,CUST1359,PROD007,10033.38,Credit Card,Failed,2026-05-29
TXN01052,CUST1355,PROD071,5893.63,Credit Card,Success,2026-01-30
TXN01053,CUST1149,PROD093,6706.03,Credit Card,Success,2026-05-20
TXN01054,CUST1404,PROD055,1777.6,Credit Card,Success,2026-06-15
TXN01055,CUST0043,PROD013,2771.57,Debit Card,Success,2026-07-11
TXN01056,CUST1347,PROD038,13501.86,Credit Card,Success,2026-04-17
TXN01057,CUST0418,PROD094,3445.36,Debit Card,Success,2026-01-25
TXN01058,CUST1111,PROD089,11063.88,UPI,Success,2026-01-18
TXN01059,CUST1789,PROD016,17090.0,Credit Card,Success,2026-01-01
TXN01060,CUST1595,PROD099,15929.65,Credit Card,Success,2026-03-11
TXN01061,CUST1567,PROD058,6883.09,Wallet,Success,2026-05-09
TXN01062,CUST1047,PROD016,9728.59,Debit Card,Success,2026-06-07
TXN01063,CUST0730,PROD012,7194.16,Credit Card,Failed,2026-04-10
TXN01064,CUST1936,PROD033,14561.24,UPI,Success,2026-06-08
TXN01065,CUST0333,PROD019,6973.6,Wallet,Success,2026-05-14
TXN01066,CUST0981,PROD097,12705.09,Debit Card,Success,2026-01-08
TXN01067,CUST1624,PROD097,8761.55,Wallet,Success,2026-07-26
TXN01068,CUST0435,PROD022,3964.84,Net Banking,Failed,2026-06-13
TXN01069,CUST1532,PROD090,1524.63,Credit Card,Success,2026-07-10
TXN01070,CUST1142,PROD099,9265.49,Debit Card,Success,2026-03-24
TXN01071,CUST1844,PROD006,920.31,UPI,Failed,2026-02-18
TXN01072,CUST0728,PROD003,19755.72,Debit Card,Success,2026-04-06
TXN01073,CUST1536,PROD001,19397.76,Net Banking,Success,2026-08-09
TXN01074,CUST0275,PROD013,11974.04,UPI,Failed,2026-05-24
TXN01075,CUST0279,PROD061,9988.04,Debit Card,Success,2026-05-22
TXN01076,CUST1280,PROD005,15765.7,Debit Card,Success,2026-06-13
TXN01077,CUST0640,PROD069,16478.86,UPI,Success,2026-03-17
TXN01078,CUST0113,PROD039,13363.51,Debit Card,Success,2026-02-05
TXN01079,CUST0314,PROD036,6930.84,UPI,Failed,2026-04-16
TXN01080,CUST0746,PROD010,10066.08,Debit Card,Success,2026-07-09
TXN01081,CUST0047,PROD004,19628.83,Credit Card,Success,2026-03-25
TXN01082,CUST1781,PROD018,18641.92,Wallet,Success,2026-06-04
TXN01083,CUST0743,PROD015,2084.11,Debit Card,Success,2026-03-09
TXN01084,CUST1820,PROD016,3815.86,Wallet,Success,2026-02-24
TXN01085,CUST0475,PROD007,5674.99,Wallet,Failed,2026-08-04
TXN01086,CUST1870,PROD011,16269.23,Wallet,Failed,2026-05-21
TXN01087,CUST0609,PROD071,13226.41,Net Banking,Success,2026-01-26
TXN01088,CUST0639,PROD054,2040.76,Debit Card,Success,2026-03-27
TXN01089,CUST0281,PROD009,2067.44,UPI,Success,2026-05-31
TXN01090,CUST1826,PROD062,1041.99,Debit Card,Success,2026-07-27
TXN01091,CUST1110,PROD014,5432.79,Wallet,Success,2026-06-01
TXN01092,CUST0168,PROD043,3533.92,Wallet,Success,2026-06-16
TXN01093,CUST1292,PROD003,9512.25,Credit Card,Success,2026-07-06
TXN01094,CUST1512,PROD088,10291.75,UPI,Failed,2026-04-15
TXN01095,CUST1793,PROD035,11618.48,Credit Card,Success,2026-07-06
TXN01096,CUST1122,PROD031,1375.56,Wallet,Success,2026-02-24
TXN01097,CUST0395,PROD068,5995.58,Net Banking,Failed,2026-02-04
TXN01098,CUST0843,PROD075,5895.72,Wallet,Success,2026-03-05
TXN01099,CUST1448,PROD054,5248.99,Net Banking,Success,2026-06-04
TXN01100,CUST0235,PROD052,11896.6,Debit Card,Success,2026-07-11
TXN01101,CUST1181,PROD024,16326.04,UPI,Success,2026-05-29
TXN01102,CUST0272,PROD092,996.08,UPI,Success,2026-03-05
TXN01103,CUST1401,PROD051,2832.65,Debit Card,Success,2026-02-25
TXN01104,CUST1177,PROD001,13106.69,UPI,Success,2026-07-03
TXN01105,CUST0847,PROD014,6958.87,Credit Card,Success,2026-04-25
TXN01106,CUST1484,PROD083,15754.83,Debit Card,Success,2026-08-11
TXN01107,CUST0842,PROD049,13258.5,Debit Card,Success,2026-06-24
TXN01108,CUST1359,PROD026,17183.57,Credit Card,Success,2026-02-07
TXN01109,CUST0724,PROD025,17425.03,Credit Card,Success,2026-08-08
TXN01110,CUST1002,PROD036,8861.53,UPI,Success,2026-03-06
TXN01111,CUST0950,PROD021,1415.81,UPI,Success,2026-08-16
TXN01112,CUST1074,PROD038,4236.03,Debit Card,Success,2026-01-29
TXN01113,CUST0581,PROD036,3705.79,UPI,Success,2026-07-16
TXN01114,CUST1610,PROD098,10685.93,Net Banking,Success,2026-05-31
TXN01115,CUST0621,PROD083,4641.45,Debit Card,Success,2026-02-21
TXN01116,CUST1974,PROD050,5538.86,Credit Card,Success,2026-05-03
TXN01117,CUST1854,PROD018,539.49,Net Banking,Success,2026-03-02
TXN01118,CUST0449,PROD071,10292.01,UPI,Success,2026-02-07
TXN01119,CUST1478,PROD048,10536.16,UPI,Success,2026-06-26
TXN01120,CUST1766,PROD085,10426.31,Net Banking,Success,2026-03-21
TXN01121,CUST0129,PROD073,19151.65,Credit Card,Success,2026-01-28
TXN01122,CUST0517,PROD032,15203.19,Wallet,Failed,2026-06-21
TXN01123,CUST1177,PROD068,18452.18,Net Banking,Failed,2026-06-10
TXN01124,CUST0007,PROD020,19180.71,Wallet,Success,2026-03-25
TXN01125,CUST1164,PROD044,228.92,Credit Card,Success,2026-02-19
TXN01126,CUST1501,PROD040,14473.44,Debit Card,Success,2026-04-19
TXN01127,CUST1201,PROD026,12651.17,Wallet,Failed,2026-06-21
TXN01128,CUST1156,PROD046,2102.58,Wallet,Success,2026-05-01
TXN01129,CUST1824,PROD032,6629.36,Debit Card,Success,2026-08-08
TXN01130,CUST0966,PROD098,4975.11,Net Banking,Success,2026-03-27
TXN01131,CUST0883,PROD072,525.34,UPI,Failed,2026-01-20
TXN01132,CUST1835,PROD018,4779.83,UPI,Success,2026-08-10
TXN01133,CUST0957,PROD053,10792.62,UPI,Success,2026-07-09
TXN01134,CUST1395,PROD071,8937.37,Credit Card,Success,2026-02-04
TXN01135,CUST0448,PROD048,2117.75,UPI,Failed,2026-03-07
TXN01136,CUST0838,PROD016,19828.05,Wallet,Success,2026-06-14
TXN01137,CUST1830,PROD027,2050.96,Wallet,Success,2026-03-02
TXN01138,CUST0192,PROD033,15863.77,Credit Card,Success,2026-05-18
TXN01139,CUST0975,PROD089,5686.21,UPI,Success,2026-02-12
TXN01140,CUST1674,PROD028,15955.3,Debit Card,Success,2026-08-16
TXN01141,CUST0182,PROD065,11741.01,Debit Card,Success,2026-05-28
TXN01142,CUST0875,PROD090,7109.38,Net Banking,Failed,2026-04-02
TXN01143,CUST1426,PROD022,732.61,Wallet,Success,2026-01-25
TXN01144,CUST1367,PROD036,4012.38,Credit Card,Success,2026-07-30
TXN01145,CUST1511,PROD006,14702.32,Credit Card,Success,2026-02-20
TXN01146,CUST0272,PROD038,9324.93,Net Banking,Success,2026-06-19
TXN01147,CUST1267,PROD018,823.52,Credit Card,Success,2026-07-05
TXN01148,CUST1285,PROD097,17627.29,Net Banking,Success,2026-03-18
TXN01149,CUST1409,PROD009,16705.67,Net Banking,Success,2026-02-10
TXN01150,CUST0016,PROD022,7615.81,Credit Card,Success,2026-05-17
TXN01151,CUST0223,PROD011,15335.47,UPI,Success,2026-02-24
TXN01152,CUST0851,PROD014,8805.45,Credit Card,Success,2026-06-29
TXN01153,CUST1462,PROD067,14331.7,Wallet,Failed,2026-08-15
TXN01154,CUST1842,PROD075,19691.27,Net Banking,Success,2026-08-15
TXN01155,CUST1698,PROD077,10750.39,Credit Card,Success,2026-05-26
TXN01156,CUST0871,PROD023,12296.79,Net Banking,Success,2026-07-23
TXN01157,CUST0647,PROD034,12204.37,UPI,Success,2026-07-07
TXN01158,CUST0832,PROD038,7635.42,Net Banking,Success,2026-05-18
TXN01159,CUST1792,PROD075,2483.88,Credit Card,Success,2026-06-27
TXN01160,CUST0471,PROD095,14065.34,UPI,Failed,2026-08-08
TXN01161,CUST0982,PROD051,18204.79,Credit Card,Success,2026-05-29
TXN01162,CUST1061,PROD024,10872.7,Credit Card,Success,2026-03-01
TXN01163,CUST1860,PROD007,10266.64,Wallet,Success,2026-06-05
TXN01164,CUST0495,PROD069,11135.09,Wallet,Failed,2026-03-28
TXN01165,CUST0192,PROD034,5370.58,Credit Card,Success,2026-05-21
TXN01166,CUST0091,PROD055,9912.07,Credit Card,Success,2026-08-03
TXN01167,CUST1645,PROD029,14035.76,Wallet,Success,2026-01-23
TXN01168,CUST1280,PROD057,1614.42,Wallet,Success,2026-07-04
TXN01169,CUST1511,PROD098,6572.48,Debit Card,Success,2026-02-12
TXN01170,CUST0062,PROD005,15356.49,UPI,Success,2026-07-19
TXN01171,CUST1768,PROD093,800.88,Credit Card,Failed,2026-03-24
TXN01172,CUST0167,PROD011,13821.54,UPI,Success,2026-05-04
TXN01173,CUST1605,PROD069,13021.44,Wallet,Success,2026-01-15
TXN01174,CUST1473,PROD020,19770.38,Net Banking,Success,2026-03-22
TXN01175,CUST1628,PROD065,12983.02,Debit Card,Success,2026-07-12
TXN01176,CUST0327,PROD011,11006.35,Wallet,Failed,2026-02-07
TXN01177,CUST1106,PROD062,5886.24,UPI,Success,2026-05-14
TXN01178,CUST0360,PROD098,5921.75,UPI,Success,2026-06-09
TXN01179,CUST0778,PROD061,999.59,Net Banking,Success,2026-04-22
TXN01180,CUST0091,PROD077,1167.29,Debit Card,Success,2026-06-19
TXN01181,CUST0774,PROD045,12806.02,Debit Card,Failed,2026-01-23
TXN01182,CUST0564,PROD068,3169.18,Wallet,Success,2026-04-07
TXN01183,CUST0483,PROD053,3155.61,Wallet,Success,2026-03-10
TXN01184,CUST0659,PROD048,13294.21,Debit Card,Success,2026-04-04
TXN01185,CUST1608,PROD074,7631.45,Wallet,Success,2026-01-11
TXN01186,CUST1281,PROD061,1250.13,Credit Card,Success,2026-02-23
TXN01187,CUST1234,PROD079,11253.6,Debit Card,Success,2026-06-08
TXN01188,CUST1582,PROD080,15616.55,Wallet,Success,2026-08-08
TXN01189,CUST0258,PROD009,1402.09,UPI,Success,2026-07-25
TXN01190,CUST1773,PROD051,5205.74,UPI,Failed,2026-05-16
TXN01191,CUST1875,PROD068,14822.42,Debit Card,Success,2026-03-08
TXN01192,CUST1122,PROD061,10069.26,Wallet,Success,2026-03-05
TXN01193,CUST0775,PROD092,15324.29,UPI,Success,2026-05-16
TXN01194,CUST0549,PROD032,3266.25,Credit Card,Success,2026-01-17
TXN01195,CUST1268,PROD087,6043.99,Wallet,Failed,2026-02-13
TXN01196,CUST1322,PROD086,13406.18,Net Banking,Success,2026-03-20
TXN01197,CUST0325,PROD003,5005.78,Credit Card,Success,2026-04-18
TXN01198,CUST1480,PROD093,16931.78,Credit Card,Success,2026-04-21
TXN01199,CUST0635,PROD100,5186.63,UPI,Success,2026-04-29
TXN01200,CUST0598,PROD081,7919.64,Debit Card,Success,2026-04-01
TXN01201,CUST1775,PROD006,3894.46,Credit Card,Success,2026-07-21
TXN01202,CUST0697,PROD070,13727.03,Credit Card,Success,2026-03-17
TXN01203,CUST1370,PROD011,9502.67,Net Banking,Success,2026-03-20
TXN01204,CUST1768,PROD038,10357.01,Wallet,Failed,2026-07-28
TXN01205,CUST1877,PROD003,15486.33,UPI,Success,2026-07-07
TXN01206,CUST0495,PROD072,14008.64,Credit Card,Success,2026-05-13
TXN01207,CUST0680,PROD093,19455.03,Wallet,Success,2026-04-30
TXN01208,CUST1380,PROD089,6930.59,UPI,Success,2026-03-16
TXN01209,CUST0490,PROD027,18346.42,Debit Card,Success,2026-02-23
TXN01210,CUST1697,PROD068,5302.8,UPI,Success,2026-03-22
TXN01211,CUST1492,PROD029,16172.76,UPI,Success,2026-07-26
TXN01212,CUST0194,PROD092,12077.13,Net Banking,Success,2026-05-15
TXN01213,CUST1115,PROD007,12207.84,Credit Card,Failed,2026-02-20
TXN01214,CUST0188,PROD081,13639.9,Credit Card,Success,2026-05-07
TXN01215,CUST0830,PROD083,6595.8,UPI,Success,2026-02-27
TXN01216,CUST1751,PROD005,14522.54,Wallet,Failed,2026-01-22
TXN01217,CUST1018,PROD098,19241.68,UPI,Success,2026-04-10
TXN01218,CUST1968,PROD065,17195.89,Wallet,Failed,2026-07-19
TXN01219,CUST1827,PROD002,411.3,Credit Card,Success,2026-02-17
TXN01220,CUST1661,PROD004,11804.59,Net Banking,Success,2026-03-27
TXN01221,CUST1126,PROD017,16784.42,UPI,Success,2026-05-15
TXN01222,CUST1410,PROD049,6810.27,Net Banking,Success,2026-06-13
TXN01223,CUST1494,PROD037,16496.21,UPI,Success,2026-06-02
TXN01224,CUST1878,PROD001,17669.17,Credit Card,Success,2026-06-24
TXN01225,CUST0754,PROD079,15883.23,UPI,Success,2026-02-04
TXN01226,CUST0638,PROD078,1604.07,Wallet,Failed,2026-02-01
TXN01227,CUST0588,PROD014,10876.74,Credit Card,Success,2026-02-27
TXN01228,CUST1086,PROD062,6990.42,Wallet,Success,2026-01-07
TXN01229,CUST1550,PROD053,4055.18,Credit Card,Success,2026-07-28
TXN01230,CUST1243,PROD078,10215.88,Credit Card,Success,2026-01-19
TXN01231,CUST0564,PROD043,6886.35,UPI,Success,2026-01-20
TXN01232,CUST1913,PROD005,13969.26,Debit Card,Success,2026-08-08
TXN01233,CUST1065,PROD069,8263.51,UPI,Success,2026-07-11
TXN01234,CUST1292,PROD003,15604.77,Credit Card,Success,2026-03-28
TXN01235,CUST1917,PROD051,8687.66,UPI,Failed,2026-07-22
TXN01236,CUST1421,PROD013,2506.95,Net Banking,Success,2026-02-02
TXN01237,CUST1923,PROD006,18888.19,UPI,Failed,2026-08-12
TXN01238,CUST1813,PROD027,7354.18,Wallet,Success,2026-04-12
TXN01239,CUST1676,PROD098,739.94,Net Banking,Success,2026-02-09
TXN01240,CUST0657,PROD096,4414.5,Credit Card,Success,2026-02-14
TXN01241,CUST1839,PROD044,7244.75,Net Banking,Failed,2026-07-29
TXN01242,CUST1127,PROD024,8837.56,Net Banking,Success,2026-01-28
TXN01243,CUST0870,PROD098,11315.14,Wallet,Success,2026-02-06
TXN01244,CUST1075,PROD034,5949.94,UPI,Success,2026-01-11
TXN01245,CUST0623,PROD071,298.19,Net Banking,Success,2026-05-16
TXN01246,CUST0702,PROD039,4901.03,Wallet,Failed,2026-08-09
TXN01247,CUST0280,PROD053,1113.19,Debit Card,Failed,2026-03-01
TXN01248,CUST1483,PROD016,1257.33,Debit Card,Success,2026-06-20
TXN01249,CUST1416,PROD089,557.47,UPI,Failed,2026-07-30
TXN01250,CUST0755,PROD073,11700.7,Debit Card,Success,2026-01-17
TXN01251,CUST1176,PROD024,18712.24,Net Banking,Success,2026-07-02
TXN01252,CUST1194,PROD022,8176.53,Wallet,Failed,2026-06-03
TXN01253,CUST1931,PROD081,8530.61,Wallet,Success,2026-06-09
TXN01254,CUST1781,PROD100,13204.07,Wallet,Failed,2026-08-01
TXN01255,CUST1556,PROD077,14971.18,Net Banking,Success,2026-06-23
TXN01256,CUST1821,PROD067,6051.84,Debit Card,Failed,2026-05-18
TXN01257,CUST0787,PROD082,19048.32,Credit Card,Success,2026-03-05
TXN01258,CUST1158,PROD014,6029.27,Wallet,Success,2026-07-17
TXN01259,CUST1167,PROD080,15887.51,Credit Card,Success,2026-08-08
TXN01260,CUST1824,PROD025,2345.43,Credit Card,Success,2026-08-03
TXN01261,CUST1599,PROD019,15570.12,Net Banking,Failed,2026-04-21
TXN01262,CUST1147,PROD008,8274.82,UPI,Failed,2026-06-29
TXN01263,CUST0969,PROD020,8080.28,Net Banking,Success,2026-01-31
TXN01264,CUST1992,PROD004,12910.33,Credit Card,Success,2026-02-14
TXN01265,CUST1151,PROD093,4716.59,Credit Card,Success,2026-06-05
TXN01266,CUST1373,PROD085,12127.52,Credit Card,Failed,2026-04-03
TXN01267,CUST0284,PROD085,17961.9,UPI,Success,2026-07-13
TXN01268,CUST1696,PROD001,17965.57,UPI,Success,2026-04-15
TXN01269,CUST1848,PROD089,11412.1,Debit Card,Success,2026-04-22
TXN01270,CUST1125,PROD019,8243.37,Debit Card,Failed,2026-07-15
TXN01271,CUST1386,PROD019,8796.08,UPI,Failed,2026-03-10
TXN01272,CUST0784,PROD074,7690.26,UPI,Success,2026-04-15
TXN01273,CUST0031,PROD072,9742.2,UPI,Success,2026-04-20
TXN01274,CUST1570,PROD025,16183.2,Wallet,Success,2026-03-22
TXN01275,CUST1892,PROD097,2579.68,Credit Card,Success,2026-08-04
TXN01276,CUST0817,PROD070,3149.25,Debit Card,Failed,2026-05-31
TXN01277,CUST0557,PROD081,18000.08,UPI,Success,2026-08-07
TXN01278,CUST0980,PROD097,4629.95,Wallet,Success,2026-01-02
TXN01279,CUST1230,PROD051,18165.31,UPI,Success,2026-04-10
TXN01280,CUST0240,PROD098,7866.31,UPI,Success,2026-02-21
TXN01281,CUST1369,PROD025,16323.41,UPI,Success,2026-03-27
TXN01282,CUST1937,PROD009,7628.79,Wallet,Success,2026-01-15
TXN01283,CUST0165,PROD038,12671.27,Debit Card,Success,2026-01-19
TXN01284,CUST0929,PROD053,15518.36,Wallet,Success,2026-08-09
TXN01285,CUST1786,PROD075,18998.59,Net Banking,Success,2026-06-14
TXN01286,CUST0104,PROD094,7493.55,Debit Card,Success,2026-06-13
TXN01287,CUST0035,PROD064,8924.86,Debit Card,Success,2026-06-03
TXN01288,CUST0333,PROD008,14343.44,Credit Card,Success,2026-04-25
TXN01289,CUST1563,PROD053,13493.59,Credit Card,Success,2026-06-02
TXN01290,CUST0040,PROD072,16013.61,Net Banking,Success,2026-07-10
TXN01291,CUST1890,PROD050,18477.18,Wallet,Failed,2026-02-11
TXN01292,CUST0137,PROD099,15599.25,Net Banking,Failed,2026-01-06
TXN01293,CUST1382,PROD069,5403.42,Credit Card,Success,2026-02-19
TXN01294,CUST0930,PROD030,1965.9,Debit Card,Success,2026-02-03
TXN01295,CUST1465,PROD022,4211.85,UPI,Success,2026-04-13
TXN01296,CUST1116,PROD011,9392.25,Credit Card,Success,2026-02-22
TXN01297,CUST0161,PROD078,3434.98,UPI,Success,2026-04-08
TXN01298,CUST1537,PROD055,4911.87,Debit Card,Success,2026-05-12
TXN01299,CUST0958,PROD064,11013.03,Net Banking,Success,2026-03-30
TXN01300,CUST0390,PROD028,9060.29,Wallet,Success,2026-08-17
TXN01301,CUST0629,PROD034,11932.59,Credit Card,Failed,2026-07-05
TXN01302,CUST0662,PROD007,2988.85,Debit Card,Failed,2026-04-12
TXN01303,CUST0089,PROD013,8736.96,UPI,Success,2026-03-14
TXN01304,CUST0926,PROD027,13704.57,UPI,Success,2026-08-01
TXN01305,CUST0964,PROD069,2344.0,Net Banking,Success,2026-02-06
TXN01306,CUST1367,PROD066,3572.3,UPI,Success,2026-02-17
TXN01307,CUST1708,PROD021,12853.44,Net Banking,Failed,2026-08-13
TXN01308,CUST1099,PROD024,2226.29,Debit Card,Failed,2026-02-19
TXN01309,CUST1906,PROD054,3598.07,Debit Card,Success,2026-05-20
TXN01310,CUST1607,PROD094,13798.23,Credit Card,Success,2026-04-23
TXN01311,CUST1775,PROD030,17519.72,Credit Card,Success,2026-05-19
TXN01312,CUST1737,PROD066,3708.89,Debit Card,Success,2026-06-24
TXN01313,CUST0060,PROD044,4732.38,Net Banking,Success,2026-07-12
TXN01314,CUST1010,PROD090,11854.51,Net Banking,Success,2026-07-04
TXN01315,CUST1395,PROD016,9180.76,UPI,Success,2026-06-29
TXN01316,CUST1764,PROD064,4871.81,Wallet,Success,2026-04-14
TXN01317,CUST1762,PROD002,7428.71,Net Banking,Failed,2026-01-01
TXN01318,CUST0295,PROD011,13246.43,Credit Card,Success,2026-02-13
TXN01319,CUST1289,PROD045,6692.23,UPI,Success,2026-02-10
TXN01320,CUST1391,PROD085,7447.6,Debit Card,Failed,2026-07-18
TXN01321,CUST0917,PROD014,13797.6,Wallet,Success,2026-04-14
TXN01322,CUST1501,PROD010,10552.18,Credit Card,Success,2026-07-17
TXN01323,CUST1169,PROD018,6682.37,Net Banking,Failed,2026-04-12
TXN01324,CUST1956,PROD006,11239.02,Debit Card,Success,2026-05-17
TXN01325,CUST0881,PROD080,12257.43,Wallet,Success,2026-03-15
TXN01326,CUST1952,PROD021,2712.11,Debit Card,Success,2026-01-10
TXN01327,CUST1949,PROD078,13897.51,Wallet,Success,2026-02-28
TXN01328,CUST1997,PROD093,12044.81,Debit Card,Failed,2026-06-27
TXN01329,CUST1985,PROD038,13037.74,Wallet,Success,2026-03-18
TXN01330,CUST1733,PROD095,12272.65,UPI,Success,2026-05-22
TXN01331,CUST0581,PROD045,9146.9,Wallet,Success,2026-05-20
TXN01332,CUST1972,PROD097,18275.79,Net Banking,Success,2026-06-27
TXN01333,CUST0732,PROD023,4858.56,Net Banking,Success,2026-05-20
TXN01334,CUST0800,PROD062,4080.58,Credit Card,Success,2026-07-16
TXN01335,CUST1913,PROD079,9149.73,UPI,Failed,2026-04-08
TXN01336,CUST0131,PROD093,12630.82,Net Banking,Failed,2026-04-29
TXN01337,CUST1090,PROD064,7812.59,Wallet,Failed,2026-02-08
TXN01338,CUST1875,PROD056,10214.95,Credit Card,Success,2026-07-03
TXN01339,CUST0656,PROD067,11620.72,UPI,Failed,2026-05-07
TXN01340,CUST0652,PROD088,10582.86,Credit Card,Success,2026-04-13
TXN01341,CUST0756,PROD007,13970.93,UPI,Success,2026-08-15
TXN01342,CUST1548,PROD050,7742.6,Debit Card,Success,2026-06-08
TXN01343,CUST1166,PROD005,806.56,Credit Card,Success,2026-02-01
TXN01344,CUST1843,PROD070,3682.96,Debit Card,Success,2026-07-11
TXN01345,CUST0550,PROD033,3814.61,Net Banking,Success,2026-05-15
TXN01346,CUST1216,PROD051,4082.92,Wallet,Success,2026-04-01
TXN01347,CUST0381,PROD082,5083.17,Wallet,Failed,2026-02-04
TXN01348,CUST1735,PROD035,15832.79,Credit Card,Success,2026-08-01
TXN01349,CUST1119,PROD074,18703.82,Net Banking,Success,2026-03-29
TXN01350,CUST0534,PROD011,13752.49,Credit Card,Failed,2026-03-25
TXN01351,CUST1560,PROD044,14503.93,Credit Card,Success,2026-05-04
TXN01352,CUST0797,PROD022,19378.83,Net Banking,Failed,2026-02-13
TXN01353,CUST0454,PROD089,4600.95,Wallet,Success,2026-05-16
TXN01354,CUST0210,PROD029,17236.91,UPI,Failed,2026-05-10
TXN01355,CUST1456,PROD051,7510.78,Net Banking,Failed,2026-01-07
TXN01356,CUST0539,PROD050,19001.63,Debit Card,Success,2026-05-24
TXN01357,CUST1250,PROD042,15168.56,Debit Card,Success,2026-07-17
TXN01358,CUST0460,PROD001,4044.36,Wallet,Success,2026-06-10
TXN01359,CUST1798,PROD087,17898.57,Wallet,Success,2026-07-31
TXN01360,CUST1898,PROD015,18294.83,Net Banking,Success,2026-06-03
TXN01361,CUST0097,PROD026,10526.54,Debit Card,Failed,2026-06-30
TXN01362,CUST0484,PROD035,15910.34,Debit Card,Success,2026-01-23
TXN01363,CUST0808,PROD040,1946.5,Net Banking,Success,2026-03-17
TXN01364,CUST0670,PROD042,4205.48,Credit Card,Success,2026-02-25
TXN01365,CUST1269,PROD028,16387.27,Wallet,Success,2026-05-02
TXN01366,CUST0488,PROD055,9057.07,UPI,Success,2026-03-23
TXN01367,CUST1966,PROD080,5461.94,Credit Card,Success,2026-08-05
TXN01368,CUST0581,PROD099,15890.59,Debit Card,Success,2026-01-10
TXN01369,CUST0936,PROD050,12391.23,Wallet,Failed,2026-02-01
TXN01370,CUST0969,PROD072,1390.82,Credit Card,Success,2026-07-07
TXN01371,CUST0014,PROD035,7347.53,Wallet,Failed,2026-03-02
TXN01372,CUST1143,PROD099,7096.66,Credit Card,Success,2026-02-11
TXN01373,CUST1142,PROD100,8677.4,Debit Card,Failed,2026-01-15
TXN01374,CUST1038,PROD054,15887.45,Wallet,Success,2026-04-26
TXN01375,CUST0573,PROD039,17279.34,Net Banking,Success,2026-02-05
TXN01376,CUST1045,PROD044,19666.45,Debit Card,Failed,2026-08-17
TXN01377,CUST1295,PROD044,14711.18,Debit Card,Success,2026-04-19
TXN01378,CUST1614,PROD092,16863.21,Credit Card,Failed,2026-03-15
TXN01379,CUST0264,PROD039,19168.5,UPI,Success,2026-01-31
TXN01380,CUST0681,PROD004,2895.28,UPI,Success,2026-08-06
TXN01381,CUST0088,PROD020,16072.11,Credit Card,Failed,2026-04-06
TXN01382,CUST1326,PROD030,1640.41,Credit Card,Success,2026-03-02
TXN01383,CUST1637,PROD042,17396.0,Credit Card,Success,2026-01-18
TXN01384,CUST0664,PROD044,9714.48,Credit Card,Success,2026-05-14
TXN01385,CUST1138,PROD095,3806.55,Debit Card,Success,2026-01-26
TXN01386,CUST0583,PROD067,10590.88,Net Banking,Failed,2026-04-09
TXN01387,CUST1270,PROD092,9914.46,Credit Card,Success,2026-05-08
TXN01388,CUST0920,PROD082,15818.79,Debit Card,Success,2026-07-04
TXN01389,CUST0307,PROD096,326.03,Wallet,Success,2026-04-04
TXN01390,CUST1883,PROD048,5900.68,Wallet,Success,2026-01-18
TXN01391,CUST1650,PROD023,14209.8,UPI,Success,2026-07-26
TXN01392,CUST0390,PROD009,2700.65,Credit Card,Success,2026-06-05
TXN01393,CUST1284,PROD040,12556.54,Net Banking,Success,2026-01-16
TXN01394,CUST1814,PROD012,10487.89,Debit Card,Success,2026-04-17
TXN01395,CUST0328,PROD027,14407.38,Debit Card,Success,2026-04-29
TXN01396,CUST1091,PROD022,15385.31,Wallet,Success,2026-04-14
TXN01397,CUST1363,PROD059,3703.44,Debit Card,Success,2026-02-16
TXN01398,CUST0951,PROD042,5354.75,Wallet,Success,2026-04-03
TXN01399,CUST0991,PROD018,7702.41,Wallet,Success,2026-08-09
TXN01400,CUST0667,PROD019,12448.51,Net Banking,Success,2026-05-11
TXN01401,CUST1843,PROD085,11165.24,UPI,Success,2026-07-06
TXN01402,CUST0109,PROD071,17406.8,Net Banking,Success,2026-07-03
TXN01403,CUST1322,PROD061,3675.87,Credit Card,Success,2026-04-28
TXN01404,CUST0908,PROD092,14620.41,Wallet,Success,2026-05-25
TXN01405,CUST1960,PROD004,6651.29,Credit Card,Failed,2026-02-14
TXN01406,CUST1957,PROD073,18210.9,Net Banking,Success,2026-02-24
TXN01407,CUST1957,PROD013,14709.54,Debit Card,Failed,2026-07-24
TXN01408,CUST0155,PROD082,6203.33,Wallet,Success,2026-05-22
TXN01409,CUST0485,PROD022,6637.03,Credit Card,Failed,2026-04-04
TXN01410,CUST1753,PROD070,4223.09,Debit Card,Success,2026-05-23
TXN01411,CUST0856,PROD016,9884.24,Net Banking,Success,2026-06-15
TXN01412,CUST0449,PROD021,16203.19,Credit Card,Success,2026-03-16
TXN01413,CUST1170,PROD043,5368.55,Wallet,Success,2026-03-06
TXN01414,CUST1252,PROD092,14555.59,Net Banking,Failed,2026-02-16
TXN01415,CUST1690,PROD075,8888.16,Wallet,Success,2026-02-17
TXN01416,CUST0902,PROD009,3409.37,Credit Card,Failed,2026-03-26
TXN01417,CUST0960,PROD098,10634.6,UPI,Success,2026-05-08
TXN01418,CUST1005,PROD091,17928.58,Credit Card,Failed,2026-03-25
TXN01419,CUST1949,PROD072,18926.92,Credit Card,Success,2026-05-13
TXN01420,CUST0306,PROD004,16283.95,UPI,Success,2026-07-12
TXN01421,CUST1625,PROD047,8063.21,UPI,Failed,2026-07-22
TXN01422,CUST0386,PROD023,945.61,Debit Card,Failed,2026-01-12
TXN01423,CUST1002,PROD078,16254.49,Net Banking,Failed,2026-06-25
TXN01424,CUST1032,PROD065,17299.74,Debit Card,Success,2026-04-23
TXN01425,CUST1420,PROD095,14496.48,Debit Card,Failed,2026-08-13
TXN01426,CUST0732,PROD024,4888.56,Net Banking,Success,2026-05-17
TXN01427,CUST1636,PROD097,15848.65,UPI,Success,2026-07-28
TXN01428,CUST0036,PROD036,19564.2,Net Banking,Success,2026-03-02
TXN01429,CUST1669,PROD074,17132.68,Debit Card,Success,2026-05-27
TXN01430,CUST0943,PROD009,7068.37,Credit Card,Success,2026-08-12
TXN01431,CUST1786,PROD094,11496.22,UPI,Success,2026-08-11
TXN01432,CUST1596,PROD020,12929.65,Wallet,Success,2026-02-12
TXN01433,CUST1360,PROD004,2031.01,Net Banking,Success,2026-02-20
TXN01434,CUST1339,PROD095,10325.34,Wallet,Success,2026-01-15
TXN01435,CUST1868,PROD001,11615.67,UPI,Success,2026-05-01
TXN01436,CUST1407,PROD076,10097.33,UPI,Success,2026-06-05
TXN01437,CUST0815,PROD007,12739.16,Credit Card,Success,2026-07-07
TXN01438,CUST0425,PROD021,2537.97,Net Banking,Success,2026-06-25
TXN01439,CUST0956,PROD097,13271.62,UPI,Failed,2026-01-14
TXN01440,CUST1580,PROD096,13534.07,UPI,Success,2026-01-30
TXN01441,CUST0825,PROD014,2764.15,UPI,Success,2026-02-16
TXN01442,CUST1265,PROD093,831.96,Debit Card,Failed,2026-02-04
TXN01443,CUST1557,PROD057,18661.57,Wallet,Success,2026-02-20
TXN01444,CUST0076,PROD038,11523.3,Net Banking,Success,2026-04-21
TXN01445,CUST0427,PROD069,465.5,Net Banking,Success,2026-02-15
TXN01446,CUST1591,PROD067,2251.87,Debit Card,Success,2026-07-15
TXN01447,CUST0206,PROD012,5832.12,Wallet,Success,2026-07-22
TXN01448,CUST1281,PROD068,2984.1,UPI,Failed,2026-03-28
TXN01449,CUST1362,PROD042,19643.28,Wallet,Success,2026-02-08
TXN01450,CUST0770,PROD017,538.87,Wallet,Success,2026-07-30
TXN01451,CUST1435,PROD047,19892.43,Net Banking,Success,2026-03-31
TXN01452,CUST1660,PROD095,14772.47,Credit Card,Failed,2026-01-01
TXN01453,CUST1222,PROD045,2738.43,Wallet,Success,2026-06-27
TXN01454,CUST1687,PROD003,15571.99,Net Banking,Success,2026-02-28
TXN01455,CUST0291,PROD036,3976.98,Wallet,Success,2026-04-02
TXN01456,CUST1106,PROD047,7869.9,Credit Card,Success,2026-07-15
TXN01457,CUST1734,PROD004,5335.27,Credit Card,Success,2026-01-20
TXN01458,CUST0289,PROD062,18617.67,UPI,Success,2026-04-19
TXN01459,CUST1258,PROD021,9690.35,Net Banking,Success,2026-05-23
TXN01460,CUST0124,PROD022,12061.52,Net Banking,Success,2026-01-16
TXN01461,CUST0884,PROD055,17266.89,Net Banking,Success,2026-01-06
TXN01462,CUST0267,PROD017,17228.22,UPI,Success,2026-05-16
TXN01463,CUST0655,PROD034,19067.71,UPI,Success,2026-02-10
TXN01464,CUST1437,PROD091,17355.8,Credit Card,Success,2026-01-09
TXN01465,CUST0256,PROD003,12399.52,Net Banking,Failed,2026-04-14
TXN01466,CUST1873,PROD099,12868.81,Net Banking,Success,2026-04-05
TXN01467,CUST1276,PROD009,7543.58,Debit Card,Success,2026-06-01
TXN01468,CUST0584,PROD055,16901.41,Debit Card,Success,2026-03-05
TXN01469,CUST1724,PROD014,2909.81,Debit Card,Success,2026-07-27
TXN01470,CUST0890,PROD001,2389.09,UPI,Success,2026-05-23
TXN01471,CUST1633,PROD066,2628.21,UPI,Success,2026-02-23
TXN01472,CUST1135,PROD030,2187.47,Debit Card,Success,2026-04-13
TXN01473,CUST1002,PROD021,8591.34,Wallet,Success,2026-01-11
TXN01474,CUST1059,PROD013,16284.26,Debit Card,Success,2026-06-21
TXN01475,CUST0220,PROD019,11936.4,UPI,Success,2026-08-11
TXN01476,CUST1443,PROD008,9376.42,Wallet,Success,2026-02-20
TXN01477,CUST0837,PROD058,2213.0,Net Banking,Success,2026-01-14
TXN01478,CUST0681,PROD011,19381.75,Debit Card,Success,2026-07-28
TXN01479,CUST1987,PROD068,19086.97,Debit Card,Success,2026-05-06
TXN01480,CUST1641,PROD052,3664.62,Credit Card,Success,2026-06-30
TXN01481,CUST0036,PROD073,8814.9,Wallet,Failed,2026-03-31
TXN01482,CUST1386,PROD046,9047.03,Net Banking,Failed,2026-06-30
TXN01483,CUST0520,PROD064,787.74,Wallet,Success,2026-01-31
TXN01484,CUST0684,PROD026,19995.22,Credit Card,Failed,2026-07-25
TXN01485,CUST0825,PROD021,16487.19,Debit Card,Success,2026-04-23
TXN01486,CUST1822,PROD051,8848.82,UPI,Success,2026-02-08
TXN01487,CUST1199,PROD009,10587.4,Credit Card,Success,2026-08-01
TXN01488,CUST0039,PROD005,1340.1,Net Banking,Success,2026-03-10
TXN01489,CUST0872,PROD013,6349.91,Wallet,Success,2026-03-26
TXN01490,CUST1547,PROD009,15943.05,Net Banking,Failed,2026-01-13
TXN01491,CUST0995,PROD086,9453.7,UPI,Success,2026-03-06
TXN01492,CUST1534,PROD084,5401.34,Wallet,Failed,2026-03-02
TXN01493,CUST0140,PROD092,11345.83,Debit Card,Failed,2026-06-29
TXN01494,CUST0007,PROD041,5135.95,UPI,Success,2026-07-01
TXN01495,CUST1607,PROD023,1037.48,Wallet,Failed,2026-06-06
TXN01496,CUST0078,PROD076,6093.05,Wallet,Success,2026-08-01
TXN01497,CUST1904,PROD051,15709.85,Net Banking,Success,2026-05-16
TXN01498,CUST1328,PROD009,4133.54,Net Banking,Success,2026-06-01
TXN01499,CUST1667,PROD054,7767.98,Debit Card,Success,2026-05-23
TXN01500,CUST0842,PROD049,19117.95,Credit Card,Success,2026-02-08
TXN01501,CUST0588,PROD007,9803.42,Debit Card,Success,2026-05-27
TXN01502,CUST0478,PROD023,15291.46,Credit Card,Success,2026-04-22
TXN01503,CUST1510,PROD089,19347.41,Wallet,Failed,2026-06-21
TXN01504,CUST0593,PROD075,11455.56,Wallet,Success,2026-01-30
TXN01505,CUST1653,PROD002,1526.51,Debit Card,Success,2026-07-30
TXN01506,CUST1810,PROD056,16992.81,Credit Card,Success,2026-06-19
TXN01507,CUST0439,PROD060,1209.42,Wallet,Success,2026-04-28
TXN01508,CUST0217,PROD012,8332.69,Credit Card,Success,2026-08-04
TXN01509,CUST1292,PROD085,12629.85,Wallet,Success,2026-01-25
TXN01510,CUST0482,PROD048,13750.05,Wallet,Failed,2026-07-12
TXN01511,CUST1051,PROD077,10188.24,Wallet,Success,2026-07-19
TXN01512,CUST1845,PROD019,17969.45,Net Banking,Success,2026-01-22
TXN01513,CUST1497,PROD069,10172.26,Debit Card,Failed,2026-05-31
TXN01514,CUST0063,PROD010,19416.06,Debit Card,Success,2026-04-13
TXN01515,CUST1096,PROD018,3382.18,Net Banking,Success,2026-01-31
TXN01516,CUST1069,PROD066,14801.42,Wallet,Success,2026-03-01
TXN01517,CUST1992,PROD065,7601.23,Wallet,Success,2026-01-03
TXN01518,CUST0127,PROD004,5338.11,Net Banking,Success,2026-01-12
TXN01519,CUST0656,PROD061,13398.36,Credit Card,Success,2026-08-01
TXN01520,CUST0779,PROD073,1885.54,Net Banking,Success,2026-06-02
TXN01521,CUST1566,PROD083,13426.08,Wallet,Success,2026-02-10
TXN01522,CUST1382,PROD076,5554.24,Wallet,Success,2026-02-12
TXN01523,CUST1147,PROD065,3178.65,Net Banking,Failed,2026-07-05
TXN01524,CUST1932,PROD086,18618.26,UPI,Success,2026-05-03
TXN01525,CUST0089,PROD076,7221.9,UPI,Success,2026-07-02
TXN01526,CUST1853,PROD012,15844.31,UPI,Success,2026-04-19
TXN01527,CUST0875,PROD006,9988.24,Credit Card,Success,2026-05-22
TXN01528,CUST0999,PROD037,13549.01,Wallet,Failed,2026-07-26
TXN01529,CUST0460,PROD043,14512.73,UPI,Success,2026-04-01
TXN01530,CUST1190,PROD085,13466.56,Credit Card,Success,2026-04-12
TXN01531,CUST1311,PROD006,17718.4,Debit Card,Failed,2026-04-18
TXN01532,CUST0771,PROD050,11026.61,Debit Card,Failed,2026-07-04
TXN01533,CUST0880,PROD004,5459.76,Debit Card,Success,2026-05-11
TXN01534,CUST0133,PROD057,429.98,Debit Card,Success,2026-05-24
TXN01535,CUST0791,PROD019,3364.18,Wallet,Success,2026-04-02
TXN01536,CUST1691,PROD081,8251.29,Wallet,Success,2026-05-19
TXN01537,CUST0001,PROD065,19359.69,Credit Card,Success,2026-07-22
TXN01538,CUST1095,PROD052,10747.53,Credit Card,Failed,2026-05-09
TXN01539,CUST0085,PROD056,2921.7,Net Banking,Success,2026-03-08
TXN01540,CUST0310,PROD097,10638.74,Wallet,Success,2026-06-04
TXN01541,CUST0871,PROD003,12540.13,UPI,Success,2026-01-17
TXN01542,CUST0152,PROD028,19974.47,Wallet,Success,2026-01-29
TXN01543,CUST0733,PROD085,15158.72,Credit Card,Success,2026-06-03
TXN01544,CUST1464,PROD053,2337.62,Net Banking,Success,2026-02-24
TXN01545,CUST1832,PROD001,6966.23,UPI,Success,2026-03-05
TXN01546,CUST0658,PROD072,10318.66,Debit Card,Success,2026-04-13
TXN01547,CUST1864,PROD022,7334.26,Debit Card,Success,2026-03-13
TXN01548,CUST0297,PROD034,2666.47,Net Banking,Success,2026-01-25
TXN01549,CUST1332,PROD005,17486.23,Debit Card,Success,2026-06-28
TXN01550,CUST0058,PROD073,8444.54,UPI,Success,2026-08-05
TXN01551,CUST1548,PROD095,9787.94,UPI,Failed,2026-07-11
TXN01552,CUST0260,PROD090,5322.1,Wallet,Failed,2026-05-18
TXN01553,CUST1292,PROD006,11024.75,UPI,Success,2026-07-06
TXN01554,CUST0946,PROD071,3080.11,UPI,Success,2026-03-11
TXN01555,CUST0555,PROD053,10436.04,Credit Card,Success,2026-01-27
TXN01556,CUST1275,PROD024,18398.51,Net Banking,Success,2026-06-10
TXN01557,CUST1119,PROD055,12406.07,Wallet,Success,2026-05-18
TXN01558,CUST1432,PROD075,8037.39,Wallet,Success,2026-06-08
TXN01559,CUST0639,PROD065,7747.02,UPI,Success,2026-03-21
TXN01560,CUST0697,PROD076,5372.13,UPI,Success,2026-03-22
TXN01561,CUST0255,PROD079,2868.4,Credit Card,Success,2026-06-03
TXN01562,CUST1731,PROD088,15664.71,Credit Card,Success,2026-04-03
TXN01563,CUST1821,PROD089,1080.87,UPI,Success,2026-01-30
TXN01564,CUST0161,PROD055,13718.77,Credit Card,Failed,2026-01-16
TXN01565,CUST1102,PROD097,15471.59,Net Banking,Success,2026-07-26
TXN01566,CUST0863,PROD041,5121.35,Credit Card,Success,2026-07-01
TXN01567,CUST1055,PROD075,5346.13,Wallet,Success,2026-04-06
TXN01568,CUST0777,PROD063,352.03,Wallet,Failed,2026-01-07
TXN01569,CUST0617,PROD018,6114.52,Debit Card,Success,2026-05-29
TXN01570,CUST0097,PROD038,18426.07,Debit Card,Failed,2026-04-07
TXN01571,CUST1257,PROD056,8740.53,UPI,Success,2026-04-16
TXN01572,CUST1617,PROD056,5390.19,Debit Card,Success,2026-01-04
TXN01573,CUST0868,PROD047,9902.58,Debit Card,Failed,2026-04-24
TXN01574,CUST1828,PROD004,11509.96,Debit Card,Success,2026-07-20
TXN01575,CUST1976,PROD029,4007.29,Wallet,Success,2026-05-10
TXN01576,CUST0871,PROD017,5001.83,Debit Card,Success,2026-07-20
TXN01577,CUST1637,PROD052,17542.54,Credit Card,Success,2026-07-20
TXN01578,CUST1578,PROD054,6862.85,UPI,Success,2026-03-16
TXN01579,CUST0813,PROD081,6813.24,Debit Card,Success,2026-06-05
TXN01580,CUST1896,PROD007,381.29,Net Banking,Success,2026-06-22
TXN01581,CUST1753,PROD024,2544.6,Debit Card,Success,2026-02-08
TXN01582,CUST1973,PROD098,16004.2,Net Banking,Success,2026-04-20
TXN01583,CUST0637,PROD052,2859.86,Wallet,Success,2026-03-22
TXN01584,CUST0800,PROD004,2252.39,Debit Card,Success,2026-02-15
TXN01585,CUST0190,PROD048,18232.23,Wallet,Success,2026-08-07
TXN01586,CUST1093,PROD067,12860.47,UPI,Failed,2026-01-16
TXN01587,CUST0031,PROD014,9596.79,Net Banking,Success,2026-05-13
TXN01588,CUST1457,PROD064,19834.41,Credit Card,Success,2026-02-02
TXN01589,CUST0355,PROD074,11991.38,Net Banking,Success,2026-04-02
TXN01590,CUST1907,PROD035,9033.08,Net Banking,Success,2026-07-03
TXN01591,CUST1747,PROD022,12844.16,UPI,Success,2026-04-19
TXN01592,CUST1496,PROD015,18406.53,Credit Card,Failed,2026-01-14
TXN01593,CUST0515,PROD030,14761.23,Net Banking,Success,2026-08-15
TXN01594,CUST0467,PROD056,7045.24,Net Banking,Failed,2026-05-31
TXN01595,CUST0099,PROD060,11171.33,Credit Card,Success,2026-07-29
TXN01596,CUST0543,PROD066,3661.6,UPI,Failed,2026-02-02
TXN01597,CUST1423,PROD097,4804.7,Debit Card,Success,2026-03-25
TXN01598,CUST1633,PROD097,19602.98,UPI,Success,2026-03-10
TXN01599,CUST1385,PROD055,5238.4,Debit Card,Success,2026-06-17
TXN01600,CUST1336,PROD060,6903.08,Credit Card,Success,2026-02-07
TXN01601,CUST0229,PROD018,18900.39,Net Banking,Success,2026-02-09
TXN01602,CUST1577,PROD069,12372.58,Net Banking,Failed,2026-07-08
TXN01603,CUST1503,PROD011,9124.85,Net Banking,Success,2026-08-19
TXN01604,CUST0498,PROD086,6010.7,Credit Card,Success,2026-06-14
TXN01605,CUST0348,PROD004,3994.24,Wallet,Failed,2026-08-02
TXN01606,CUST0778,PROD088,3560.38,Net Banking,Success,2026-01-19
TXN01607,CUST1463,PROD002,13170.08,UPI,Failed,2026-01-16
TXN01608,CUST1606,PROD050,19253.86,UPI,Success,2026-07-31
TXN01609,CUST0674,PROD092,12779.76,Net Banking,Failed,2026-01-09
TXN01610,CUST1624,PROD030,6634.99,Wallet,Success,2026-05-20
TXN01611,CUST0547,PROD080,17897.13,Credit Card,Success,2026-03-26
TXN01612,CUST0025,PROD005,17185.2,UPI,Failed,2026-08-09
TXN01613,CUST0142,PROD092,17477.22,Net Banking,Failed,2026-04-23
TXN01614,CUST0587,PROD066,18119.06,Net Banking,Success,2026-08-04
TXN01615,CUST0353,PROD036,5231.23,Debit Card,Success,2026-06-21
TXN01616,CUST0537,PROD055,1259.05,Credit Card,Failed,2026-05-17
TXN01617,CUST1801,PROD047,13830.99,Wallet,Failed,2026-05-02
TXN01618,CUST0446,PROD058,14150.62,UPI,Success,2026-05-22
TXN01619,CUST1315,PROD088,13088.04,Debit Card,Success,2026-07-24
TXN01620,CUST1319,PROD077,2641.99,Net Banking,Failed,2026-05-18
TXN01621,CUST1050,PROD085,5258.04,Net Banking,Failed,2026-05-18
TXN01622,CUST1164,PROD075,8626.58,Wallet,Failed,2026-05-31
TXN01623,CUST1591,PROD020,17719.02,Wallet,Success,2026-07-15
TXN01624,CUST0627,PROD041,9728.57,Credit Card,Success,2026-06-29
TXN01625,CUST0215,PROD036,16826.96,Credit Card,Success,2026-06-24
TXN01626,CUST0772,PROD030,921.3,Wallet,Failed,2026-01-23
TXN01627,CUST1532,PROD049,14267.36,Debit Card,Success,2026-02-14
TXN01628,CUST1853,PROD027,16666.5,Credit Card,Failed,2026-06-16
TXN01629,CUST0921,PROD021,10524.98,Wallet,Success,2026-03-02
TXN01630,CUST0310,PROD015,19709.54,Wallet,Success,2026-06-18
TXN01631,CUST0062,PROD051,18415.02,Wallet,Success,2026-02-10
TXN01632,CUST0354,PROD067,17365.29,Wallet,Failed,2026-01-13
TXN01633,CUST1893,PROD028,3522.11,UPI,Success,2026-02-01
TXN01634,CUST0031,PROD024,4754.38,UPI,Success,2026-08-16
TXN01635,CUST0130,PROD089,10536.03,Net Banking,Success,2026-04-29
TXN01636,CUST0235,PROD006,18218.81,Wallet,Failed,2026-05-11
TXN01637,CUST1884,PROD087,9720.76,UPI,Success,2026-04-09
TXN01638,CUST1122,PROD011,16393.03,Debit Card,Success,2026-02-18
TXN01639,CUST1632,PROD012,5917.52,Credit Card,Failed,2026-07-05
TXN01640,CUST0593,PROD041,13067.54,UPI,Failed,2026-06-14
TXN01641,CUST1046,PROD097,1137.82,Debit Card,Success,2026-05-04
TXN01642,CUST1604,PROD097,15375.4,Credit Card,Success,2026-05-21
TXN01643,CUST0645,PROD040,8291.63,Debit Card,Success,2026-05-31
TXN01644,CUST0072,PROD001,4131.4,UPI,Success,2026-07-17
TXN01645,CUST1711,PROD097,8204.7,UPI,Success,2026-02-16
TXN01646,CUST1674,PROD036,18880.48,Wallet,Success,2026-07-10
TXN01647,CUST0897,PROD010,6761.87,UPI,Success,2026-06-26
TXN01648,CUST0887,PROD086,7920.69,UPI,Success,2026-03-10
TXN01649,CUST0027,PROD083,7981.15,Debit Card,Success,2026-04-05
TXN01650,CUST1452,PROD012,14140.78,Credit Card,Success,2026-08-17
TXN01651,CUST0004,PROD058,10924.75,Net Banking,Failed,2026-01-26
TXN01652,CUST1676,PROD076,5523.52,Net Banking,Success,2026-06-08
TXN01653,CUST1071,PROD079,497.88,Wallet,Success,2026-07-17
TXN01654,CUST0881,PROD054,11055.05,Wallet,Success,2026-03-17
TXN01655,CUST0774,PROD069,14567.19,Wallet,Success,2026-05-25
TXN01656,CUST0327,PROD050,12217.28,UPI,Failed,2026-07-20
TXN01657,CUST0480,PROD070,8782.29,Wallet,Failed,2026-05-23
TXN01658,CUST0243,PROD061,10676.94,Net Banking,Failed,2026-06-24
TXN01659,CUST0149,PROD047,806.57,Wallet,Success,2026-07-25
TXN01660,CUST0370,PROD047,9179.98,Wallet,Success,2026-01-20
TXN01661,CUST1837,PROD049,662.8,Credit Card,Success,2026-06-02
TXN01662,CUST0046,PROD012,2827.48,Debit Card,Success,2026-08-14
TXN01663,CUST1740,PROD081,10535.14,Credit Card,Success,2026-05-24
TXN01664,CUST0031,PROD039,19560.0,UPI,Failed,2026-05-22
TXN01665,CUST0755,PROD018,18826.75,Net Banking,Success,2026-07-20
TXN01666,CUST0688,PROD066,6424.22,Net Banking,Success,2026-01-31
TXN01667,CUST0936,PROD038,14180.11,Credit Card,Success,2026-06-21
TXN01668,CUST0608,PROD050,12122.04,UPI,Success,2026-07-20
TXN01669,CUST1110,PROD087,15985.25,Wallet,Success,2026-06-15
TXN01670,CUST0575,PROD012,12249.32,Net Banking,Success,2026-06-01
TXN01671,CUST0893,PROD035,3705.12,Wallet,Success,2026-02-06
TXN01672,CUST0685,PROD066,11835.17,UPI,Success,2026-04-26
TXN01673,CUST1477,PROD094,7455.54,UPI,Failed,2026-02-03
TXN01674,CUST0710,PROD088,6014.24,UPI,Success,2026-05-05
TXN01675,CUST0892,PROD100,10214.79,Wallet,Success,2026-01-01
TXN01676,CUST0259,PROD047,10039.51,Wallet,Success,2026-01-01
TXN01677,CUST1922,PROD094,1185.66,Net Banking,Success,2026-06-11
TXN01678,CUST1896,PROD091,17989.83,Debit Card,Success,2026-04-15
TXN01679,CUST0941,PROD022,4383.19,Debit Card,Success,2026-02-04
TXN01680,CUST0364,PROD065,3426.51,Wallet,Success,2026-05-24
TXN01681,CUST1818,PROD093,17732.48,UPI,Success,2026-03-13
TXN01682,CUST0183,PROD063,10499.38,Wallet,Success,2026-07-29
TXN01683,CUST0330,PROD089,5383.99,Credit Card,Success,2026-04-26
TXN01684,CUST0280,PROD054,1635.26,Debit Card,Success,2026-05-19
TXN01685,CUST0987,PROD009,1366.57,Wallet,Success,2026-03-31
TXN01686,CUST0188,PROD015,11572.35,Wallet,Success,2026-01-01
TXN01687,CUST1729,PROD060,17740.99,UPI,Success,2026-01-28
TXN01688,CUST0381,PROD055,1801.24,UPI,Success,2026-08-14
TXN01689,CUST0466,PROD057,1254.15,Credit Card,Success,2026-05-26
TXN01690,CUST0090,PROD005,9355.03,Net Banking,Failed,2026-07-27
TXN01691,CUST0643,PROD088,491.18,Debit Card,Success,2026-05-04
TXN01692,CUST1797,PROD065,11565.25,Wallet,Success,2026-03-21
TXN01693,CUST1432,PROD038,4694.67,Credit Card,Failed,2026-06-15
TXN01694,CUST1069,PROD060,8381.45,Wallet,Success,2026-05-23
TXN01695,CUST1772,PROD053,7023.35,Debit Card,Success,2026-06-02
TXN01696,CUST1960,PROD061,15366.62,UPI,Failed,2026-04-16
TXN01697,CUST1625,PROD093,10390.47,Net Banking,Success,2026-02-06
TXN01698,CUST1649,PROD040,16256.55,Credit Card,Success,2026-01-22
TXN01699,CUST0073,PROD034,6779.34,Debit Card,Failed,2026-02-09
TXN01700,CUST1360,PROD079,8184.98,Credit Card,Success,2026-06-25
TXN01701,CUST0960,PROD038,4424.05,Debit Card,Success,2026-08-14
TXN01702,CUST0525,PROD068,15326.03,Credit Card,Success,2026-07-30
TXN01703,CUST1785,PROD020,8529.4,Net Banking,Success,2026-01-16
TXN01704,CUST1118,PROD056,970.57,Net Banking,Success,2026-04-20
TXN01705,CUST1205,PROD071,4536.78,Debit Card,Success,2026-07-03
TXN01706,CUST1907,PROD070,10166.92,Debit Card,Success,2026-05-21
TXN01707,CUST0652,PROD030,7775.98,Debit Card,Success,2026-07-24
TXN01708,CUST1874,PROD018,10895.8,Debit Card,Success,2026-03-26
TXN01709,CUST0913,PROD057,18554.84,UPI,Success,2026-06-30
TXN01710,CUST0738,PROD058,12473.52,UPI,Success,2026-04-01
TXN01711,CUST1968,PROD051,3357.22,Credit Card,Success,2026-05-25
TXN01712,CUST1217,PROD005,10908.67,Debit Card,Success,2026-03-27
TXN01713,CUST0088,PROD064,12653.09,UPI,Failed,2026-03-21
TXN01714,CUST0209,PROD030,2174.65,UPI,Success,2026-01-22
TXN01715,CUST1596,PROD065,18839.79,Wallet,Success,2026-01-25
TXN01716,CUST0292,PROD043,16147.74,Net Banking,Success,2026-06-30
TXN01717,CUST0111,PROD088,14113.4,UPI,Success,2026-02-13
TXN01718,CUST1469,PROD080,7544.79,Debit Card,Success,2026-03-01
TXN01719,CUST1431,PROD011,13715.24,UPI,Success,2026-01-01
TXN01720,CUST0374,PROD057,18042.11,Wallet,Success,2026-07-20
TXN01721,CUST1786,PROD008,409.4,Net Banking,Success,2026-08-09
TXN01722,CUST0162,PROD041,2397.68,Credit Card,Success,2026-02-24
TXN01723,CUST1980,PROD084,13790.43,Debit Card,Success,2026-05-31
TXN01724,CUST1298,PROD080,6927.73,Debit Card,Success,2026-04-23
TXN01725,CUST1958,PROD064,2177.88,Credit Card,Success,2026-04-24
TXN01726,CUST0950,PROD077,11104.74,Wallet,Success,2026-04-01
TXN01727,CUST1319,PROD004,18286.41,UPI,Success,2026-06-20
TXN01728,CUST0020,PROD051,5899.34,Wallet,Success,2026-06-23
TXN01729,CUST1987,PROD039,15502.65,Credit Card,Failed,2026-01-04
TXN01730,CUST0243,PROD001,5693.2,UPI,Success,2026-02-02
TXN01731,CUST0878,PROD006,10228.35,Debit Card,Success,2026-06-28
TXN01732,CUST0148,PROD070,6137.86,UPI,Success,2026-06-07
TXN01733,CUST1340,PROD044,17633.9,Credit Card,Failed,2026-06-07
TXN01734,CUST0736,PROD045,15247.31,Debit Card,Failed,2026-03-04
TXN01735,CUST0698,PROD019,1104.95,UPI,Success,2026-04-10
TXN01736,CUST0122,PROD053,19282.33,Wallet,Success,2026-05-26
TXN01737,CUST1320,PROD003,8076.11,Wallet,Success,2026-04-20
TXN01738,CUST0151,PROD070,7859.78,Net Banking,Success,2026-04-23
TXN01739,CUST0091,PROD100,13969.95,Net Banking,Failed,2026-03-03
TXN01740,CUST0547,PROD089,13668.32,Credit Card,Success,2026-07-03
TXN01741,CUST1168,PROD037,6273.78,Debit Card,Success,2026-06-28
TXN01742,CUST0043,PROD001,7974.08,Net Banking,Success,2026-04-28
TXN01743,CUST0685,PROD042,359.39,Debit Card,Success,2026-02-11
TXN01744,CUST0150,PROD064,4407.83,Debit Card,Success,2026-04-08
TXN01745,CUST0267,PROD051,3836.17,Net Banking,Failed,2026-01-28
TXN01746,CUST0522,PROD024,11725.84,Credit Card,Failed,2026-06-10
TXN01747,CUST1439,PROD100,3159.14,Credit Card,Success,2026-07-22
TXN01748,CUST0678,PROD013,1580.93,UPI,Failed,2026-07-08
TXN01749,CUST0082,PROD083,17921.6,UPI,Success,2026-04-18
TXN01750,CUST0501,PROD001,12816.69,Wallet,Success,2026-05-19
TXN01751,CUST1046,PROD033,5010.92,UPI,Success,2026-02-08
TXN01752,CUST0787,PROD051,8992.62,Credit Card,Failed,2026-07-23
TXN01753,CUST1900,PROD001,5775.48,Debit Card,Success,2026-06-23
TXN01754,CUST0685,PROD097,17553.85,Wallet,Failed,2026-05-25
TXN01755,CUST0924,PROD042,17172.76,Credit Card,Success,2026-08-09
TXN01756,CUST0351,PROD076,14791.54,Net Banking,Success,2026-07-17
TXN01757,CUST0344,PROD051,1119.24,Credit Card,Success,2026-08-04
TXN01758,CUST1375,PROD023,15987.32,Credit Card,Success,2026-08-15
TXN01759,CUST0758,PROD046,10509.08,Debit Card,Success,2026-01-20
TXN01760,CUST0949,PROD004,13959.08,UPI,Success,2026-02-02
TXN01761,CUST0235,PROD012,16062.83,Credit Card,Success,2026-08-04
TXN01762,CUST1462,PROD097,11104.47,Credit Card,Success,2026-02-16
TXN01763,CUST1435,PROD022,2159.7,Wallet,Success,2026-07-23
TXN01764,CUST0139,PROD046,18156.71,UPI,Failed,2026-05-15
TXN01765,CUST1174,PROD063,14511.23,Debit Card,Failed,2026-06-25
TXN01766,CUST0194,PROD056,2307.04,Wallet,Success,2026-01-29
TXN01767,CUST0434,PROD069,7554.28,Wallet,Success,2026-05-21
TXN01768,CUST1496,PROD076,17638.35,Net Banking,Success,2026-05-26
TXN01769,CUST0343,PROD091,13876.49,Wallet,Failed,2026-04-08
TXN01770,CUST0092,PROD091,1196.81,Debit Card,Success,2026-07-17
TXN01771,CUST0981,PROD069,15358.64,Wallet,Success,2026-06-29
TXN01772,CUST0138,PROD071,19585.97,Credit Card,Failed,2026-06-05
TXN01773,CUST1861,PROD075,9695.92,Wallet,Success,2026-02-14
TXN01774,CUST0680,PROD040,17351.41,UPI,Failed,2026-06-18
TXN01775,CUST0283,PROD022,14503.17,Credit Card,Success,2026-05-03
TXN01776,CUST0111,PROD023,11113.76,Debit Card,Failed,2026-06-07
TXN01777,CUST0262,PROD081,18547.1,Credit Card,Success,2026-02-28
TXN01778,CUST0122,PROD033,1955.87,Net Banking,Success,2026-03-13
TXN01779,CUST1342,PROD028,14676.62,Wallet,Success,2026-07-11
TXN01780,CUST0136,PROD054,19483.97,Wallet,Failed,2026-04-03
TXN01781,CUST1456,PROD026,14081.8,Credit Card,Success,2026-06-22
TXN01782,CUST0262,PROD005,12754.07,Debit Card,Success,2026-01-13
TXN01783,CUST0449,PROD017,2785.57,Net Banking,Success,2026-04-23
TXN01784,CUST1742,PROD017,13969.96,Credit Card,Success,2026-01-27
TXN01785,CUST1471,PROD025,1020.29,Credit Card,Failed,2026-07-18
TXN01786,CUST0192,PROD054,6842.21,Net Banking,Success,2026-01-13
TXN01787,CUST0811,PROD026,257.14,UPI,Success,2026-07-31
TXN01788,CUST1465,PROD077,4770.02,Net Banking,Success,2026-08-01
TXN01789,CUST0942,PROD046,8078.1,UPI,Failed,2026-05-30
TXN01790,CUST1101,PROD029,2813.98,UPI,Success,2026-01-19
TXN01791,CUST1226,PROD012,8431.07,UPI,Success,2026-08-15
TXN01792,CUST0612,PROD049,17330.74,Credit Card,Failed,2026-01-11
TXN01793,CUST1535,PROD068,4519.76,UPI,Success,2026-07-21
TXN01794,CUST0508,PROD095,10916.0,UPI,Failed,2026-03-12
TXN01795,CUST0793,PROD051,3411.61,UPI,Success,2026-05-26
TXN01796,CUST1923,PROD016,8512.03,Wallet,Success,2026-01-04
TXN01797,CUST0752,PROD052,11232.16,Net Banking,Success,2026-04-05
TXN01798,CUST0944,PROD097,17564.86,Net Banking,Success,2026-01-11
TXN01799,CUST1435,PROD051,18611.26,Wallet,Failed,2026-01-22
TXN01800,CUST1647,PROD051,7368.61,Debit Card,Failed,2026-01-16
TXN01801,CUST0588,PROD100,15308.73,Debit Card,Success,2026-03-07
TXN01802,CUST0904,PROD056,7952.02,Debit Card,Failed,2026-02-20
TXN01803,CUST1578,PROD025,14402.14,Net Banking,Success,2026-05-26
TXN01804,CUST0018,PROD039,13015.02,Credit Card,Success,2026-04-07
TXN01805,CUST0389,PROD017,16960.89,Credit Card,Success,2026-04-09
TXN01806,CUST1807,PROD016,1951.5,Debit Card,Success,2026-02-07
TXN01807,CUST1610,PROD053,13376.2,Debit Card,Failed,2026-08-01
TXN01808,CUST1425,PROD042,5477.79,UPI,Failed,2026-02-08
TXN01809,CUST1742,PROD066,12797.4,Wallet,Success,2026-01-11
TXN01810,CUST1944,PROD077,19017.35,UPI,Failed,2026-06-08
TXN01811,CUST1906,PROD053,3120.87,Debit Card,Success,2026-03-03
TXN01812,CUST1348,PROD077,11503.69,Debit Card,Success,2026-04-08
TXN01813,CUST0412,PROD072,6908.94,Credit Card,Success,2026-03-03
TXN01814,CUST1940,PROD059,19487.34,Debit Card,Success,2026-02-17
TXN01815,CUST0747,PROD069,4869.83,Debit Card,Success,2026-03-04
TXN01816,CUST1945,PROD005,16216.55,UPI,Success,2026-03-03
TXN01817,CUST1447,PROD047,16997.12,Net Banking,Success,2026-05-16
TXN01818,CUST0058,PROD048,19606.73,Debit Card,Success,2026-03-10
TXN01819,CUST1595,PROD094,7930.01,Wallet,Success,2026-06-26
TXN01820,CUST1023,PROD043,15962.11,Wallet,Success,2026-04-13
TXN01821,CUST1479,PROD099,18866.28,Debit Card,Success,2026-06-12
TXN01822,CUST0739,PROD031,8844.41,Net Banking,Success,2026-05-25
TXN01823,CUST0805,PROD050,18637.63,Wallet,Success,2026-06-02
TXN01824,CUST1971,PROD009,8731.98,Credit Card,Success,2026-03-13
TXN01825,CUST0363,PROD044,5853.9,Wallet,Success,2026-01-06
TXN01826,CUST1173,PROD043,18520.8,Debit Card,Failed,2026-06-08
TXN01827,CUST0180,PROD044,3870.22,Wallet,Success,2026-04-13
TXN01828,CUST0662,PROD048,11599.19,Debit Card,Success,2026-04-12
TXN01829,CUST0373,PROD015,17098.28,UPI,Success,2026-03-03
TXN01830,CUST1782,PROD036,2906.84,Wallet,Success,2026-04-05
TXN01831,CUST0545,PROD024,7819.16,Debit Card,Success,2026-07-28
TXN01832,CUST1368,PROD034,13083.17,Credit Card,Success,2026-05-30
TXN01833,CUST1624,PROD021,18830.98,UPI,Success,2026-07-29
TXN01834,CUST1591,PROD041,17745.39,UPI,Success,2026-02-24
TXN01835,CUST1161,PROD053,4556.21,Net Banking,Success,2026-07-17
TXN01836,CUST0214,PROD088,18092.6,Wallet,Success,2026-01-08
TXN01837,CUST1016,PROD068,16474.64,Credit Card,Success,2026-02-12
TXN01838,CUST0163,PROD048,14651.81,UPI,Failed,2026-04-25
TXN01839,CUST0576,PROD041,3297.08,Debit Card,Success,2026-04-03
TXN01840,CUST0887,PROD065,15990.71,Debit Card,Success,2026-03-08
TXN01841,CUST0100,PROD015,10044.96,Credit Card,Success,2026-06-14
TXN01842,CUST1417,PROD068,8336.26,Credit Card,Success,2026-03-29
TXN01843,CUST1854,PROD057,9363.42,Wallet,Success,2026-02-03
TXN01844,CUST0820,PROD088,6613.49,Credit Card,Success,2026-02-18
TXN01845,CUST0007,PROD015,5717.42,UPI,Success,2026-01-16
TXN01846,CUST1670,PROD020,16310.69,UPI,Success,2026-05-18
TXN01847,CUST1900,PROD048,6644.58,UPI,Success,2026-05-13
TXN01848,CUST0052,PROD020,9780.13,Credit Card,Success,2026-06-24
TXN01849,CUST0135,PROD040,3888.91,Credit Card,Success,2026-04-29
TXN01850,CUST0872,PROD004,12163.46,Wallet,Success,2026-02-28
TXN01851,CUST1576,PROD028,15308.66,UPI,Success,2026-05-16
TXN01852,CUST0337,PROD005,4129.5,Net Banking,Failed,2026-02-20
TXN01853,CUST0709,PROD045,14241.91,Net Banking,Success,2026-05-13
TXN01854,CUST1857,PROD093,730.42,Credit Card,Failed,2026-06-15
TXN01855,CUST1488,PROD081,17147.71,Credit Card,Success,2026-07-20
TXN01856,CUST0262,PROD093,7595.87,Debit Card,Success,2026-06-07
TXN01857,CUST1863,PROD031,3137.5,Net Banking,Success,2026-02-08
TXN01858,CUST1433,PROD079,3964.06,Wallet,Failed,2026-05-14
TXN01859,CUST0357,PROD001,5889.12,Net Banking,Success,2026-08-07
TXN01860,CUST1602,PROD046,4664.94,Net Banking,Success,2026-02-28
TXN01861,CUST0179,PROD065,7130.16,Net Banking,Success,2026-01-09
TXN01862,CUST0188,PROD007,11114.3,UPI,Failed,2026-04-28
TXN01863,CUST0384,PROD050,12221.26,UPI,Failed,2026-07-21
TXN01864,CUST1653,PROD021,16629.35,Net Banking,Success,2026-02-21
TXN01865,CUST0203,PROD002,9929.57,Net Banking,Success,2026-02-09
TXN01866,CUST0726,PROD083,16937.37,Wallet,Success,2026-07-30
TXN01867,CUST1829,PROD072,13619.86,Credit Card,Success,2026-06-11
TXN01868,CUST1974,PROD064,13391.17,Net Banking,Success,2026-08-04
TXN01869,CUST1094,PROD034,15631.14,Credit Card,Success,2026-05-03
TXN01870,CUST0907,PROD097,5400.58,Credit Card,Success,2026-02-07
TXN01871,CUST1415,PROD020,3004.36,Wallet,Success,2026-02-11
TXN01872,CUST1300,PROD014,15136.75,Debit Card,Success,2026-03-16
TXN01873,CUST0709,PROD072,19809.71,Wallet,Success,2026-08-08
TXN01874,CUST1470,PROD086,19818.09,Credit Card,Success,2026-06-11
TXN01875,CUST1504,PROD046,8219.54,Credit Card,Failed,2026-04-07
TXN01876,CUST0692,PROD028,7557.49,Net Banking,Success,2026-01-13
TXN01877,CUST1707,PROD082,15849.04,Credit Card,Success,2026-05-03
TXN01878,CUST1752,PROD083,2471.86,Debit Card,Success,2026-01-15
TXN01879,CUST1401,PROD063,5660.44,Credit Card,Success,2026-07-31
TXN01880,CUST0995,PROD086,6442.06,Wallet,Success,2026-08-08
TXN01881,CUST1582,PROD016,13133.38,Credit Card,Success,2026-03-24
TXN01882,CUST1820,PROD085,1620.39,Net Banking,Success,2026-07-18
TXN01883,CUST0822,PROD085,1335.17,Debit Card,Success,2026-07-20
TXN01884,CUST0470,PROD074,16597.8,Debit Card,Success,2026-05-02
TXN01885,CUST0130,PROD041,14663.85,Net Banking,Success,2026-07-22
TXN01886,CUST0741,PROD041,5178.26,Credit Card,Success,2026-01-19
TXN01887,CUST0755,PROD012,8676.76,Debit Card,Success,2026-07-04
TXN01888,CUST0159,PROD073,15375.26,Debit Card,Success,2026-06-22
TXN01889,CUST0878,PROD035,534.76,UPI,Failed,2026-06-21
TXN01890,CUST1477,PROD049,11930.02,Wallet,Success,2026-02-24
TXN01891,CUST0924,PROD071,10033.69,Credit Card,Success,2026-07-26
TXN01892,CUST0978,PROD001,16261.83,Debit Card,Success,2026-01-05
TXN01893,CUST0891,PROD021,13399.94,Wallet,Success,2026-01-19
TXN01894,CUST0197,PROD018,14633.49,Credit Card,Success,2026-01-23
TXN01895,CUST0151,PROD026,11517.16,Net Banking,Failed,2026-07-12
TXN01896,CUST0827,PROD060,10733.21,Net Banking,Success,2026-06-15
TXN01897,CUST0075,PROD073,19106.84,Credit Card,Success,2026-05-02
TXN01898,CUST0338,PROD055,9912.88,Credit Card,Success,2026-05-04
TXN01899,CUST1635,PROD078,19704.78,Credit Card,Success,2026-02-17
TXN01900,CUST1336,PROD050,13564.01,Net Banking,Success,2026-01-08
TXN01901,CUST1425,PROD074,19283.93,Wallet,Success,2026-05-17
TXN01902,CUST1329,PROD070,8523.06,Credit Card,Failed,2026-03-02
TXN01903,CUST1844,PROD090,13920.78,UPI,Failed,2026-02-21
TXN01904,CUST0188,PROD081,15445.28,Debit Card,Success,2026-03-26
TXN01905,CUST0064,PROD066,13507.85,Wallet,Success,2026-07-21
TXN01906,CUST0373,PROD030,2668.85,Credit Card,Success,2026-01-12
TXN01907,CUST1201,PROD009,7169.06,Debit Card,Success,2026-01-07
TXN01908,CUST1654,PROD049,5591.29,Wallet,Success,2026-03-14
TXN01909,CUST1638,PROD037,9702.77,UPI,Success,2026-07-02
TXN01910,CUST0288,PROD054,19369.76,Net Banking,Success,2026-04-29
TXN01911,CUST0634,PROD070,13374.55,Net Banking,Success,2026-04-22
TXN01912,CUST0610,PROD074,9066.96,Debit Card,Success,2026-04-26
TXN01913,CUST0860,PROD026,7836.01,Net Banking,Success,2026-03-30
TXN01914,CUST0527,PROD043,853.92,Credit Card,Success,2026-04-15
TXN01915,CUST0645,PROD090,4567.7,UPI,Failed,2026-02-20
TXN01916,CUST1514,PROD050,19506.02,Net Banking,Failed,2026-05-25
TXN01917,CUST0382,PROD060,8939.31,Wallet,Success,2026-01-29
TXN01918,CUST0282,PROD073,13979.72,Debit Card,Success,2026-02-27
TXN01919,CUST0102,PROD089,7545.04,UPI,Success,2026-04-30
TXN01920,CUST0754,PROD045,2380.41,Credit Card,Success,2026-05-16
TXN01921,CUST0847,PROD087,4286.13,Credit Card,Success,2026-03-18
TXN01922,CUST1748,PROD041,12358.81,Wallet,Failed,2026-05-15
TXN01923,CUST1722,PROD073,15316.32,Net Banking,Success,2026-06-06
TXN01924,CUST1890,PROD037,8396.16,Credit Card,Success,2026-04-22
TXN01925,CUST1992,PROD043,15123.64,Debit Card,Success,2026-08-12
TXN01926,CUST0630,PROD091,5296.48,Debit Card,Failed,2026-01-19
TXN01927,CUST0249,PROD051,11473.83,Wallet,Success,2026-06-04
TXN01928,CUST1543,PROD078,5000.67,Debit Card,Success,2026-06-30
TXN01929,CUST1185,PROD058,5844.76,Debit Card,Success,2026-05-28
TXN01930,CUST0541,PROD003,10611.33,Wallet,Success,2026-06-23
TXN01931,CUST0300,PROD029,1145.34,Wallet,Success,2026-03-26
TXN01932,CUST0263,PROD078,14514.41,Credit Card,Failed,2026-07-05
TXN01933,CUST1371,PROD069,12922.4,Wallet,Failed,2026-08-14
TXN01934,CUST1758,PROD035,2175.23,UPI,Success,2026-02-10
TXN01935,CUST1832,PROD098,11505.94,UPI,Success,2026-02-03
TXN01936,CUST0236,PROD062,15281.34,Debit Card,Success,2026-05-03
TXN01937,CUST1842,PROD067,7085.4,Net Banking,Success,2026-03-15
TXN01938,CUST0690,PROD061,16046.99,Credit Card,Success,2026-02-03
TXN01939,CUST0501,PROD002,1049.63,Wallet,Success,2026-03-13
TXN01940,CUST1738,PROD039,7753.73,Credit Card,Failed,2026-01-17
TXN01941,CUST0458,PROD073,1281.23,Credit Card,Success,2026-01-08
TXN01942,CUST0219,PROD018,15619.95,Net Banking,Success,2026-02-22
TXN01943,CUST1759,PROD051,17313.52,Wallet,Success,2026-05-16
TXN01944,CUST0390,PROD043,11730.54,Net Banking,Success,2026-06-10
TXN01945,CUST1138,PROD056,19422.88,Wallet,Failed,2026-01-21
TXN01946,CUST0448,PROD009,5369.61,Wallet,Success,2026-04-03
TXN01947,CUST0388,PROD034,13976.11,Net Banking,Success,2026-04-12
TXN01948,CUST0174,PROD010,4611.88,Wallet,Success,2026-05-19
TXN01949,CUST0099,PROD027,6073.14,Credit Card,Success,2026-02-16
TXN01950,CUST0323,PROD086,14869.06,Credit Card,Success,2026-01-09
TXN01951,CUST0635,PROD059,5996.55,Net Banking,Success,2026-03-09
TXN01952,CUST1344,PROD014,570.59,Net Banking,Failed,2026-03-01
TXN01953,CUST0852,PROD065,14880.74,Net Banking,Failed,2026-06-22
TXN01954,CUST1703,PROD004,846.86,Debit Card,Success,2026-07-22
TXN01955,CUST1166,PROD036,7752.3,UPI,Success,2026-05-30
TXN01956,CUST1815,PROD084,1975.48,Net Banking,Success,2026-06-19
TXN01957,CUST1822,PROD037,1475.34,Credit Card,Success,2026-03-09
TXN01958,CUST0619,PROD027,16861.15,Credit Card,Success,2026-01-15
TXN01959,CUST1099,PROD047,18955.53,Credit Card,Failed,2026-02-11
TXN01960,CUST1249,PROD036,8558.06,Credit Card,Success,2026-03-28
TXN01961,CUST1540,PROD044,14650.69,Credit Card,Success,2026-07-12
TXN01962,CUST0412,PROD018,10502.22,Wallet,Success,2026-02-09
TXN01963,CUST0020,PROD018,521.59,Net Banking,Failed,2026-03-26
TXN01964,CUST0221,PROD028,4247.34,Credit Card,Success,2026-01-03
TXN01965,CUST0450,PROD026,5222.05,Net Banking,Success,2026-04-30
TXN01966,CUST1504,PROD089,2632.54,Net Banking,Success,2026-08-19
TXN01967,CUST0748,PROD002,8863.28,Credit Card,Success,2026-04-20
TXN01968,CUST1249,PROD079,7077.99,Debit Card,Success,2026-07-28
TXN01969,CUST1841,PROD096,1321.98,Debit Card,Success,2026-03-13
TXN01970,CUST0115,PROD011,18842.93,Credit Card,Failed,2026-02-14
TXN01971,CUST1139,PROD099,5314.64,Credit Card,Success,2026-05-05
TXN01972,CUST0060,PROD028,5562.89,Credit Card,Success,2026-07-22
TXN01973,CUST0261,PROD070,6060.9,Wallet,Success,2026-01-18
TXN01974,CUST0187,PROD059,14410.45,Credit Card,Success,2026-02-11
TXN01975,CUST0107,PROD048,1358.1,Net Banking,Success,2026-07-28
TXN01976,CUST1353,PROD070,9358.89,UPI,Success,2026-07-18
TXN01977,CUST1316,PROD082,13881.48,Debit Card,Success,2026-03-24
TXN01978,CUST0217,PROD080,15775.86,Credit Card,Success,2026-06-03
TXN01979,CUST0103,PROD050,7323.26,Credit Card,Failed,2026-05-19
TXN01980,CUST1787,PROD057,3250.91,Net Banking,Success,2026-06-23
TXN01981,CUST0696,PROD065,17469.75,Credit Card,Success,2026-01-17
TXN01982,CUST0649,PROD077,994.04,Debit Card,Success,2026-05-30
TXN01983,CUST0808,PROD098,10768.77,Debit Card,Failed,2026-07-02
TXN01984,CUST1485,PROD095,3119.17,Net Banking,Success,2026-03-05
TXN01985,CUST1285,PROD025,9137.12,UPI,Success,2026-07-16
TXN01986,CUST0205,PROD017,1873.82,UPI,Failed,2026-01-13
TXN01987,CUST0938,PROD066,1030.88,Debit Card,Failed,2026-06-28
TXN01988,CUST0852,PROD096,12360.98,UPI,Success,2026-06-21
TXN01989,CUST1752,PROD007,17286.49,Debit Card,Success,2026-05-05
TXN01990,CUST1635,PROD081,18664.14,Credit Card,Success,2026-06-03
TXN01991,CUST0213,PROD076,19438.16,Debit Card,Success,2026-06-08
TXN01992,CUST0365,PROD077,6503.12,UPI,Success,2026-08-15
TXN01993,CUST0209,PROD023,3674.96,Net Banking,Success,2026-05-07
TXN01994,CUST0512,PROD029,11239.61,Credit Card,Success,2026-02-16
TXN01995,CUST0739,PROD038,3163.14,Net Banking,Success,2026-01-29
TXN01996,CUST0772,PROD087,6545.95,Debit Card,Failed,2026-07-27
TXN01997,CUST1801,PROD083,7773.5,Credit Card,Success,2026-02-19
TXN01998,CUST1418,PROD070,16365.79,Debit Card,Success,2026-02-21
TXN01999,CUST0619,PROD057,17568.74,UPI,Success,2026-08-02
TXN02000,CUST1029,PROD067,10082.1,Wallet,Success,2026-06-03
TXN02001,CUST0025,PROD035,9399.57,Credit Card,Success,2026-07-25
TXN02002,CUST1762,PROD048,12354.22,Wallet,Success,2026-04-07
TXN02003,CUST0147,PROD079,15368.56,Credit Card,Success,2026-03-22
TXN02004,CUST1018,PROD033,12553.5,Net Banking,Success,2026-02-16
TXN02005,CUST1300,PROD085,4342.22,Wallet,Success,2026-08-13
TXN02006,CUST0849,PROD030,5506.55,Net Banking,Success,2026-04-26
TXN02007,CUST0654,PROD022,3368.36,Wallet,Success,2026-04-02
TXN02008,CUST0036,PROD054,1794.96,Debit Card,Failed,2026-04-13
TXN02009,CUST0172,PROD019,16228.52,UPI,Success,2026-02-04
TXN02010,CUST1173,PROD093,18563.44,Wallet,Success,2026-02-08
TXN02011,CUST0240,PROD010,6587.09,Net Banking,Success,2026-08-10
TXN02012,CUST0087,PROD020,11909.97,Wallet,Success,2026-03-22
TXN02013,CUST0477,PROD056,5038.4,Credit Card,Success,2026-06-21
TXN02014,CUST0353,PROD080,14509.85,Credit Card,Success,2026-06-20
TXN02015,CUST0884,PROD049,1704.76,Debit Card,Failed,2026-06-19
TXN02016,CUST1054,PROD004,12996.88,Debit Card,Success,2026-05-22
TXN02017,CUST0399,PROD027,14532.26,Wallet,Success,2026-02-27
TXN02018,CUST0090,PROD035,11563.15,Credit Card,Success,2026-08-07
TXN02019,CUST0132,PROD083,1857.42,Credit Card,Success,2026-08-06
TXN02020,CUST1946,PROD023,15685.8,Debit Card,Failed,2026-04-06
TXN02021,CUST1358,PROD015,14282.33,Credit Card,Success,2026-05-18
TXN02022,CUST1113,PROD054,10808.55,Debit Card,Success,2026-04-13
TXN02023,CUST0213,PROD098,11740.41,Debit Card,Success,2026-05-16
TXN02024,CUST1140,PROD069,1358.06,Debit Card,Success,2026-03-21
TXN02025,CUST1715,PROD087,219.01,Net Banking,Success,2026-07-23
TXN02026,CUST1168,PROD065,18328.21,Net Banking,Failed,2026-05-08
TXN02027,CUST0984,PROD032,16671.78,Debit Card,Success,2026-05-14
TXN02028,CUST1307,PROD052,5779.03,Net Banking,Success,2026-08-11
TXN02029,CUST1588,PROD096,2551.29,Credit Card,Success,2026-04-22
TXN02030,CUST0607,PROD085,3769.79,Credit Card,Success,2026-06-06
TXN02031,CUST1657,PROD019,3745.1,Credit Card,Success,2026-02-19
TXN02032,CUST0626,PROD089,1466.48,Credit Card,Failed,2026-03-14
TXN02033,CUST0519,PROD069,4495.77,Debit Card,Success,2026-01-29
TXN02034,CUST1921,PROD066,18357.32,UPI,Success,2026-05-26
TXN02035,CUST0965,PROD079,9040.97,Net Banking,Failed,2026-07-31
TXN02036,CUST1249,PROD077,19539.93,Wallet,Failed,2026-03-13
TXN02037,CUST0198,PROD084,3385.5,Credit Card,Success,2026-06-28
TXN02038,CUST1507,PROD071,594.07,Net Banking,Success,2026-02-26
TXN02039,CUST0840,PROD003,14802.51,Credit Card,Success,2026-07-10
TXN02040,CUST0128,PROD001,7087.14,Credit Card,Failed,2026-02-20
TXN02041,CUST0690,PROD025,10970.64,UPI,Success,2026-02-18
TXN02042,CUST0659,PROD081,1118.98,Credit Card,Success,2026-07-27
TXN02043,CUST0501,PROD068,18003.06,UPI,Success,2026-05-21
TXN02044,CUST1133,PROD089,3404.41,Wallet,Success,2026-04-17
TXN02045,CUST1352,PROD100,11378.19,UPI,Success,2026-06-06
TXN02046,CUST0924,PROD051,10772.84,Credit Card,Success,2026-04-21
TXN02047,CUST1549,PROD056,18684.54,Credit Card,Success,2026-08-08
TXN02048,CUST1729,PROD072,19860.28,Wallet,Failed,2026-02-22
TXN02049,CUST1829,PROD050,13528.86,Credit Card,Success,2026-08-14
TXN02050,CUST1669,PROD062,8268.68,UPI,Failed,2026-07-11
TXN02051,CUST0689,PROD082,2458.09,Wallet,Success,2026-06-11
TXN02052,CUST0363,PROD051,9206.54,Net Banking,Failed,2026-03-05
TXN02053,CUST0625,PROD100,2351.47,Credit Card,Success,2026-01-20
TXN02054,CUST1360,PROD065,15863.82,Credit Card,Failed,2026-02-21
TXN02055,CUST0313,PROD013,13525.93,Wallet,Success,2026-08-06
TXN02056,CUST0716,PROD024,9329.51,UPI,Failed,2026-06-03
TXN02057,CUST0977,PROD042,14223.29,UPI,Success,2026-07-15
TXN02058,CUST1952,PROD062,9961.57,UPI,Success,2026-01-25
TXN02059,CUST1548,PROD081,14522.36,Wallet,Success,2026-07-31
TXN02060,CUST0013,PROD082,17997.31,Wallet,Success,2026-05-18
TXN02061,CUST1754,PROD084,16301.73,UPI,Failed,2026-03-05
TXN02062,CUST0261,PROD060,12212.64,UPI,Success,2026-04-15
TXN02063,CUST1881,PROD065,13956.91,Wallet,Success,2026-04-01
TXN02064,CUST1187,PROD069,12936.38,Debit Card,Success,2026-05-19
TXN02065,CUST1354,PROD064,3728.26,UPI,Success,2026-06-22
TXN02066,CUST1437,PROD051,7662.03,Net Banking,Failed,2026-06-28
TXN02067,CUST0788,PROD098,3582.14,Debit Card,Failed,2026-08-11
TXN02068,CUST1699,PROD013,2939.64,Credit Card,Success,2026-04-25
TXN02069,CUST1264,PROD065,11944.9,Credit Card,Success,2026-08-17
TXN02070,CUST0668,PROD029,12126.41,Net Banking,Success,2026-06-21
TXN02071,CUST1565,PROD057,14815.85,Credit Card,Failed,2026-08-15
TXN02072,CUST1765,PROD078,645.0,Net Banking,Success,2026-03-10
TXN02073,CUST1567,PROD080,8357.71,Debit Card,Success,2026-06-01
TXN02074,CUST1566,PROD057,11567.07,Net Banking,Success,2026-04-12
TXN02075,CUST1152,PROD001,11154.27,Net Banking,Success,2026-06-02
TXN02076,CUST1405,PROD088,10061.0,Debit Card,Failed,2026-05-24
TXN02077,CUST1743,PROD074,5827.69,UPI,Failed,2026-03-12
TXN02078,CUST0397,PROD078,16079.26,Debit Card,Success,2026-08-05
TXN02079,CUST0842,PROD060,5002.13,Net Banking,Failed,2026-08-03
TXN02080,CUST1933,PROD081,6998.58,Wallet,Failed,2026-04-13
TXN02081,CUST1656,PROD069,2314.99,Debit Card,Failed,2026-04-08
TXN02082,CUST1094,PROD004,5451.38,UPI,Failed,2026-03-22
TXN02083,CUST0342,PROD085,12872.19,Net Banking,Success,2026-07-26
TXN02084,CUST0670,PROD022,2541.7,UPI,Success,2026-08-16
TXN02085,CUST0817,PROD018,19231.35,Net Banking,Success,2026-01-11
TXN02086,CUST0594,PROD071,12116.22,UPI,Failed,2026-01-16
TXN02087,CUST0367,PROD035,10785.9,Debit Card,Failed,2026-03-06
TXN02088,CUST0214,PROD099,4584.5,Wallet,Failed,2026-05-23
TXN02089,CUST1138,PROD025,17523.69,UPI,Success,2026-07-25
TXN02090,CUST0989,PROD040,13401.79,Wallet,Success,2026-05-19
TXN02091,CUST1268,PROD077,14790.49,UPI,Failed,2026-03-09
TXN02092,CUST0712,PROD054,19688.11,UPI,Success,2026-03-02
TXN02093,CUST1896,PROD058,15808.4,UPI,Success,2026-01-04
TXN02094,CUST0436,PROD006,13657.21,Net Banking,Success,2026-07-04
TXN02095,CUST0209,PROD076,17794.37,Wallet,Success,2026-07-19
TXN02096,CUST1322,PROD027,542.29,Net Banking,Success,2026-04-02
TXN02097,CUST0199,PROD072,5368.97,Credit Card,Success,2026-05-25
TXN02098,CUST1109,PROD086,16924.48,Net Banking,Success,2026-03-17
TXN02099,CUST1167,PROD007,10152.54,UPI,Success,2026-05-03
TXN02100,CUST1088,PROD061,3407.51,UPI,Success,2026-08-13
TXN02101,CUST0232,PROD081,15052.38,Debit Card,Success,2026-04-20
TXN02102,CUST0098,PROD030,5573.39,Debit Card,Success,2026-03-17
TXN02103,CUST0270,PROD077,11987.06,Net Banking,Success,2026-01-12
TXN02104,CUST0562,PROD086,6990.29,Wallet,Success,2026-04-19
TXN02105,CUST1677,PROD048,3463.73,Net Banking,Success,2026-01-10
TXN02106,CUST1613,PROD100,2695.71,Debit Card,Failed,2026-03-24
TXN02107,CUST1224,PROD056,17470.41,Debit Card,Success,2026-02-05
TXN02108,CUST1574,PROD023,3847.89,Credit Card,Success,2026-08-07
TXN02109,CUST1248,PROD002,6769.35,Debit Card,Success,2026-02-25
TXN02110,CUST1625,PROD004,5320.67,Net Banking,Success,2026-03-20
TXN02111,CUST0622,PROD070,5913.76,Debit Card,Success,2026-07-21
TXN02112,CUST1224,PROD029,12095.49,Credit Card,Success,2026-03-25
TXN02113,CUST1737,PROD030,10780.68,UPI,Success,2026-03-22
TXN02114,CUST1701,PROD011,19395.09,Debit Card,Success,2026-03-15
TXN02115,CUST0447,PROD014,3491.24,Wallet,Success,2026-08-01
TXN02116,CUST0007,PROD095,5132.91,Credit Card,Success,2026-02-02
TXN02117,CUST1906,PROD009,18600.06,Net Banking,Success,2026-07-19
TXN02118,CUST1891,PROD100,12873.83,Net Banking,Success,2026-06-12
TXN02119,CUST0322,PROD055,15493.54,Wallet,Success,2026-05-18
TXN02120,CUST1265,PROD045,11202.56,Debit Card,Failed,2026-07-02
TXN02121,CUST0666,PROD022,3782.7,Debit Card,Success,2026-06-21
TXN02122,CUST1396,PROD045,2970.87,Debit Card,Success,2026-08-08
TXN02123,CUST0832,PROD015,19554.47,Net Banking,Success,2026-03-25
TXN02124,CUST1260,PROD011,9082.81,Debit Card,Success,2026-01-15
TXN02125,CUST1084,PROD082,1133.84,Wallet,Success,2026-03-20
TXN02126,CUST0530,PROD058,9191.34,Net Banking,Success,2026-03-10
TXN02127,CUST1567,PROD047,12844.85,Credit Card,Success,2026-04-02
TXN02128,CUST0898,PROD068,14689.64,Debit Card,Success,2026-08-07
TXN02129,CUST1707,PROD060,2557.83,Debit Card,Failed,2026-05-29
TXN02130,CUST0941,PROD026,5347.16,Wallet,Success,2026-08-05
TXN02131,CUST0076,PROD043,4781.09,Wallet,Success,2026-05-11
TXN02132,CUST0456,PROD025,2671.27,Net Banking,Success,2026-02-25
TXN02133,CUST1790,PROD009,13829.94,Wallet,Failed,2026-03-03
TXN02134,CUST0374,PROD055,18739.51,Net Banking,Failed,2026-05-12
TXN02135,CUST1096,PROD023,16279.28,UPI,Success,2026-05-23
TXN02136,CUST1627,PROD023,9702.4,Credit Card,Success,2026-05-02
TXN02137,CUST0585,PROD072,8808.94,UPI,Success,2026-03-22
TXN02138,CUST0372,PROD016,9014.37,Net Banking,Success,2026-03-20
TXN02139,CUST1704,PROD085,4411.6,Credit Card,Success,2026-03-25
TXN02140,CUST1664,PROD066,1190.05,Wallet,Success,2026-05-12
TXN02141,CUST0730,PROD055,13774.07,Debit Card,Success,2026-02-18
TXN02142,CUST1781,PROD049,10031.97,Net Banking,Success,2026-07-08
TXN02143,CUST1521,PROD049,18683.6,Net Banking,Failed,2026-06-01
TXN02144,CUST1910,PROD009,19741.35,Credit Card,Success,2026-02-27
TXN02145,CUST0280,PROD076,12171.1,Net Banking,Success,2026-03-07
TXN02146,CUST0537,PROD044,1242.63,Wallet,Failed,2026-05-31
TXN02147,CUST1619,PROD004,13851.98,UPI,Failed,2026-01-29
TXN02148,CUST1220,PROD071,6937.63,Wallet,Success,2026-02-28
TXN02149,CUST1089,PROD030,16686.67,Debit Card,Success,2026-06-25
TXN02150,CUST0195,PROD091,1882.69,Net Banking,Failed,2026-06-02
TXN02151,CUST0595,PROD037,3569.98,Net Banking,Success,2026-03-17
TXN02152,CUST1508,PROD066,15574.28,Wallet,Failed,2026-03-18
TXN02153,CUST1484,PROD059,11740.21,Credit Card,Failed,2026-04-23
TXN02154,CUST1866,PROD048,16512.93,Net Banking,Success,2026-08-16
TXN02155,CUST1301,PROD091,11506.09,Wallet,Success,2026-07-13
TXN02156,CUST1937,PROD067,14889.57,Wallet,Success,2026-08-04
TXN02157,CUST0367,PROD019,1614.85,Wallet,Success,2026-07-10
TXN02158,CUST1498,PROD069,12262.21,UPI,Success,2026-08-18
TXN02159,CUST0613,PROD068,10900.87,Wallet,Success,2026-06-13
TXN02160,CUST1841,PROD011,9350.02,Wallet,Failed,2026-03-26
TXN02161,CUST0613,PROD034,18523.72,UPI,Success,2026-07-27
TXN02162,CUST1628,PROD027,8623.99,Credit Card,Failed,2026-07-14
TXN02163,CUST0802,PROD067,2275.26,Credit Card,Success,2026-02-16
TXN02164,CUST0430,PROD068,10154.99,Net Banking,Failed,2026-07-12
TXN02165,CUST0234,PROD100,1821.94,Wallet,Success,2026-03-04
TXN02166,CUST1709,PROD069,1779.77,Wallet,Success,2026-03-28
TXN02167,CUST1818,PROD003,14810.19,Wallet,Success,2026-06-08
TXN02168,CUST1707,PROD014,9016.84,UPI,Success,2026-05-28
TXN02169,CUST0647,PROD019,11293.43,Net Banking,Failed,2026-04-19
TXN02170,CUST0426,PROD029,16497.63,UPI,Success,2026-04-06
TXN02171,CUST1525,PROD065,10861.53,Net Banking,Success,2026-01-06
TXN02172,CUST1575,PROD086,6504.65,Net Banking,Success,2026-02-02
TXN02173,CUST1529,PROD096,2606.45,Credit Card,Failed,2026-05-28
TXN02174,CUST0164,PROD002,5122.67,Wallet,Success,2026-08-08
TXN02175,CUST1747,PROD074,19698.23,Credit Card,Success,2026-03-20
TXN02176,CUST0716,PROD016,5018.32,UPI,Failed,2026-04-20
TXN02177,CUST0121,PROD089,10716.15,Wallet,Success,2026-07-31
TXN02178,CUST1753,PROD065,14400.14,Debit Card,Success,2026-01-11
TXN02179,CUST0125,PROD018,6126.87,Net Banking,Success,2026-07-02
TXN02180,CUST0821,PROD009,18134.38,Wallet,Success,2026-06-28
TXN02181,CUST0422,PROD049,15199.01,Net Banking,Success,2026-02-05
TXN02182,CUST0445,PROD089,7103.84,Wallet,Success,2026-07-04
TXN02183,CUST1164,PROD032,4337.92,Wallet,Success,2026-03-03
TXN02184,CUST1443,PROD001,12607.3,Debit Card,Success,2026-05-20
TXN02185,CUST0186,PROD047,12730.81,Net Banking,Success,2026-03-16
TXN02186,CUST0177,PROD084,6819.38,Net Banking,Success,2026-04-09
TXN02187,CUST1198,PROD063,11448.38,Debit Card,Success,2026-04-02
TXN02188,CUST0208,PROD049,5945.51,Wallet,Success,2026-04-11
TXN02189,CUST1352,PROD018,16798.72,Net Banking,Success,2026-03-03
TXN02190,CUST0373,PROD059,757.83,Wallet,Failed,2026-02-10
TXN02191,CUST0864,PROD099,13073.11,UPI,Success,2026-04-15
TXN02192,CUST1873,PROD032,6040.71,UPI,Success,2026-05-14
TXN02193,CUST1654,PROD033,5277.21,Net Banking,Success,2026-07-29
TXN02194,CUST0072,PROD014,12544.35,Net Banking,Success,2026-06-28
TXN02195,CUST1300,PROD027,6828.29,Debit Card,Success,2026-08-12
TXN02196,CUST1697,PROD034,1048.5,UPI,Success,2026-04-06
TXN02197,CUST0387,PROD086,11292.29,Credit Card,Success,2026-01-01
TXN02198,CUST0439,PROD002,5428.36,Net Banking,Success,2026-05-05
TXN02199,CUST0865,PROD018,18685.81,UPI,Success,2026-05-11
TXN02200,CUST1298,PROD034,13593.36,UPI,Failed,2026-04-27
TXN02201,CUST1547,PROD075,4752.35,Credit Card,Success,2026-03-23
TXN02202,CUST1179,PROD053,11587.63,Net Banking,Success,2026-01-12
TXN02203,CUST0824,PROD034,13964.42,Wallet,Success,2026-08-09
TXN02204,CUST1167,PROD023,3628.04,Debit Card,Failed,2026-05-18
TXN02205,CUST1043,PROD059,15352.16,Debit Card,Success,2026-08-12
TXN02206,CUST0230,PROD091,4895.16,Debit Card,Failed,2026-08-01
TXN02207,CUST1534,PROD059,2888.54,UPI,Success,2026-05-06
TXN02208,CUST0545,PROD026,621.21,Wallet,Failed,2026-04-19
TXN02209,CUST0246,PROD014,15199.67,Debit Card,Success,2026-08-03
TXN02210,CUST0416,PROD040,18952.8,Wallet,Failed,2026-06-01
TXN02211,CUST1846,PROD009,10243.69,Wallet,Success,2026-02-22
TXN02212,CUST0908,PROD084,14998.78,Credit Card,Success,2026-05-12
TXN02213,CUST0440,PROD052,5822.5,Net Banking,Success,2026-05-02
TXN02214,CUST1699,PROD033,2067.0,UPI,Failed,2026-07-03
TXN02215,CUST0026,PROD080,18280.26,Credit Card,Failed,2026-03-31
TXN02216,CUST1692,PROD082,17492.28,Credit Card,Failed,2026-01-06
TXN02217,CUST0262,PROD051,2838.16,Credit Card,Success,2026-03-09
TXN02218,CUST1893,PROD034,1542.84,Credit Card,Success,2026-08-05
TXN02219,CUST1832,PROD011,12302.02,Debit Card,Success,2026-07-05
TXN02220,CUST0946,PROD018,344.99,Debit Card,Success,2026-07-14
TXN02221,CUST0041,PROD008,14204.07,Wallet,Success,2026-05-07
TXN02222,CUST0205,PROD073,4458.81,Debit Card,Success,2026-03-11
TXN02223,CUST1721,PROD071,12936.28,Wallet,Success,2026-01-16
TXN02224,CUST1464,PROD079,6329.41,Credit Card,Success,2026-06-12
TXN02225,CUST1538,PROD036,10970.93,UPI,Failed,2026-04-30
TXN02226,CUST1496,PROD095,11248.81,Net Banking,Success,2026-02-08
TXN02227,CUST1773,PROD074,8256.1,Credit Card,Success,2026-02-16
TXN02228,CUST0161,PROD064,16871.24,Credit Card,Success,2026-07-23
TXN02229,CUST0594,PROD002,5447.29,Credit Card,Success,2026-08-16
TXN02230,CUST0859,PROD013,2336.07,Wallet,Success,2026-08-01
TXN02231,CUST0073,PROD025,6248.48,Net Banking,Success,2026-05-15
TXN02232,CUST1409,PROD049,4459.22,UPI,Success,2026-05-02
TXN02233,CUST1119,PROD052,9083.29,Credit Card,Success,2026-06-17
TXN02234,CUST1914,PROD020,15624.91,Wallet,Success,2026-01-09
TXN02235,CUST1597,PROD031,7940.29,Net Banking,Success,2026-07-25
TXN02236,CUST0144,PROD074,7335.74,Wallet,Failed,2026-04-15
TXN02237,CUST0064,PROD002,6911.49,Wallet,Success,2026-05-02
TXN02238,CUST0062,PROD008,2096.44,Credit Card,Success,2026-03-04
TXN02239,CUST1957,PROD073,19320.8,Net Banking,Success,2026-01-07
TXN02240,CUST1261,PROD060,1971.61,UPI,Success,2026-07-12
TXN02241,CUST0352,PROD021,2051.78,Wallet,Success,2026-02-22
TXN02242,CUST1160,PROD006,14916.24,UPI,Success,2026-05-01
TXN02243,CUST1016,PROD019,3875.63,Debit Card,Success,2026-01-07
TXN02244,CUST1783,PROD091,15514.78,Net Banking,Success,2026-07-10
TXN02245,CUST1016,PROD015,11475.69,UPI,Success,2026-05-21
TXN02246,CUST1709,PROD001,9204.81,Credit Card,Success,2026-03-20
TXN02247,CUST0111,PROD019,16536.04,Debit Card,Success,2026-07-14
TXN02248,CUST1755,PROD017,3836.61,UPI,Success,2026-02-06
TXN02249,CUST0032,PROD019,6977.96,Wallet,Success,2026-02-24
TXN02250,CUST1547,PROD011,3009.94,UPI,Failed,2026-07-07
TXN02251,CUST0557,PROD040,14889.77,Net Banking,Success,2026-04-25
TXN02252,CUST0770,PROD079,647.56,Credit Card,Success,2026-06-22
TXN02253,CUST1314,PROD081,7191.82,Credit Card,Success,2026-01-25
TXN02254,CUST0964,PROD053,1762.28,Wallet,Success,2026-04-30
TXN02255,CUST1475,PROD072,677.31,Credit Card,Success,2026-06-23
TXN02256,CUST1942,PROD045,16577.79,Wallet,Failed,2026-04-02
TXN02257,CUST0719,PROD015,7768.85,UPI,Success,2026-02-03
TXN02258,CUST1178,PROD086,2386.71,Wallet,Success,2026-05-18
TXN02259,CUST0350,PROD056,10901.75,Debit Card,Failed,2026-04-14
TXN02260,CUST1644,PROD069,17720.94,Net Banking,Failed,2026-03-07
TXN02261,CUST0877,PROD066,13554.4,Credit Card,Success,2026-02-02
TXN02262,CUST0777,PROD008,18175.52,Wallet,Success,2026-05-09
TXN02263,CUST0639,PROD059,5324.59,Credit Card,Success,2026-05-11
TXN02264,CUST1682,PROD085,11238.31,Wallet,Success,2026-01-23
TXN02265,CUST1172,PROD005,9915.77,Wallet,Success,2026-06-08
TXN02266,CUST0176,PROD056,6155.36,Net Banking,Failed,2026-01-13
TXN02267,CUST1510,PROD093,15329.01,Credit Card,Success,2026-07-30
TXN02268,CUST1246,PROD094,12581.48,Credit Card,Success,2026-08-02
TXN02269,CUST0472,PROD036,10898.58,Net Banking,Success,2026-05-11
TXN02270,CUST0920,PROD006,10182.56,Credit Card,Failed,2026-01-31
TXN02271,CUST1978,PROD068,8322.32,Net Banking,Success,2026-03-12
TXN02272,CUST0304,PROD092,17142.52,UPI,Success,2026-02-13
TXN02273,CUST0409,PROD096,14591.69,Credit Card,Success,2026-06-25
TXN02274,CUST0736,PROD043,229.5,Credit Card,Success,2026-02-23
TXN02275,CUST0125,PROD003,559.84,Net Banking,Success,2026-05-13
TXN02276,CUST1625,PROD038,14926.78,Net Banking,Success,2026-04-14
TXN02277,CUST1216,PROD015,12321.29,Wallet,Failed,2026-01-01
TXN02278,CUST1171,PROD099,15607.27,UPI,Success,2026-01-24
TXN02279,CUST0244,PROD052,16006.76,Wallet,Success,2026-01-06
TXN02280,CUST0788,PROD073,15108.78,Credit Card,Success,2026-06-10
TXN02281,CUST0285,PROD088,9990.55,Wallet,Failed,2026-04-27
TXN02282,CUST1936,PROD099,11627.96,Wallet,Success,2026-04-28
TXN02283,CUST0796,PROD002,10927.19,Debit Card,Success,2026-07-07
TXN02284,CUST1113,PROD011,18867.49,Wallet,Success,2026-08-10
TXN02285,CUST0984,PROD034,7892.46,UPI,Success,2026-01-11
TXN02286,CUST1887,PROD077,16355.53,Wallet,Success,2026-05-31
TXN02287,CUST1402,PROD029,5131.02,UPI,Success,2026-01-31
TXN02288,CUST1952,PROD058,1833.14,Wallet,Success,2026-01-25
TXN02289,CUST0652,PROD012,13310.63,Debit Card,Success,2026-05-23
TXN02290,CUST0676,PROD065,3002.13,Debit Card,Success,2026-05-27
TXN02291,CUST1993,PROD003,3944.43,UPI,Success,2026-03-08
TXN02292,CUST0744,PROD027,6614.05,Debit Card,Success,2026-03-03
TXN02293,CUST0842,PROD004,9040.26,Wallet,Failed,2026-04-07
TXN02294,CUST1224,PROD033,5810.99,Debit Card,Success,2026-08-16
TXN02295,CUST0885,PROD057,3135.74,UPI,Success,2026-01-14
TXN02296,CUST1128,PROD018,5486.53,UPI,Success,2026-06-14
TXN02297,CUST1447,PROD099,10873.68,Wallet,Success,2026-01-24
TXN02298,CUST1886,PROD018,13121.84,Net Banking,Failed,2026-05-12
TXN02299,CUST1890,PROD099,5921.92,Credit Card,Success,2026-01-01
TXN02300,CUST0289,PROD005,10711.39,UPI,Success,2026-05-09
TXN02301,CUST0537,PROD089,6630.28,Net Banking,Success,2026-02-04
TXN02302,CUST1618,PROD046,12816.03,Net Banking,Success,2026-02-19
TXN02303,CUST0328,PROD029,7019.93,UPI,Success,2026-04-27
TXN02304,CUST0604,PROD012,3357.51,Wallet,Success,2026-01-25
TXN02305,CUST1130,PROD090,6773.91,UPI,Success,2026-05-21
TXN02306,CUST1922,PROD009,12641.17,Debit Card,Success,2026-07-21
TXN02307,CUST1157,PROD003,5879.92,Net Banking,Success,2026-08-10
TXN02308,CUST1810,PROD005,1404.48,Credit Card,Success,2026-06-04
TXN02309,CUST0114,PROD034,8644.12,UPI,Success,2026-01-07
TXN02310,CUST0262,PROD072,4997.6,Net Banking,Success,2026-02-06
TXN02311,CUST0061,PROD012,14523.44,Credit Card,Success,2026-07-10
TXN02312,CUST1852,PROD017,11442.41,Net Banking,Success,2026-06-10
TXN02313,CUST0719,PROD012,2676.85,Debit Card,Failed,2026-06-17
TXN02314,CUST1465,PROD048,428.26,Net Banking,Success,2026-07-08
TXN02315,CUST1539,PROD042,4642.89,Debit Card,Success,2026-07-28
TXN02316,CUST0782,PROD093,1110.87,Debit Card,Success,2026-08-13
TXN02317,CUST1831,PROD019,19573.69,Credit Card,Success,2026-04-18
TXN02318,CUST0785,PROD004,2320.0,Debit Card,Success,2026-01-23
TXN02319,CUST0015,PROD047,10084.57,Credit Card,Success,2026-07-10
TXN02320,CUST1008,PROD020,5337.57,Wallet,Success,2026-03-31
TXN02321,CUST0171,PROD063,19983.63,Credit Card,Success,2026-05-17
TXN02322,CUST1926,PROD041,15185.87,Credit Card,Success,2026-07-11
TXN02323,CUST1369,PROD024,8005.97,Wallet,Success,2026-01-01
TXN02324,CUST1736,PROD054,14131.13,Debit Card,Success,2026-04-10
TXN02325,CUST1952,PROD020,17147.33,UPI,Failed,2026-03-12
TXN02326,CUST1801,PROD057,17700.71,Wallet,Success,2026-04-15
TXN02327,CUST1046,PROD035,15844.12,Net Banking,Success,2026-03-17
TXN02328,CUST1700,PROD011,13315.35,UPI,Success,2026-05-29
TXN02329,CUST0741,PROD002,922.69,Wallet,Success,2026-01-28
TXN02330,CUST1026,PROD073,9770.78,Credit Card,Success,2026-03-19
TXN02331,CUST0482,PROD041,17309.07,Credit Card,Success,2026-07-27
TXN02332,CUST0110,PROD040,14575.95,Net Banking,Failed,2026-08-13
TXN02333,CUST0313,PROD015,3186.15,Net Banking,Success,2026-03-28
TXN02334,CUST1239,PROD095,15073.96,Debit Card,Success,2026-02-11
TXN02335,CUST1178,PROD023,540.4,Debit Card,Success,2026-04-13
TXN02336,CUST1317,PROD012,15375.02,Wallet,Success,2026-01-26
TXN02337,CUST1586,PROD026,11024.7,Wallet,Success,2026-01-21
TXN02338,CUST0950,PROD032,249.92,Net Banking,Success,2026-06-21
TXN02339,CUST0629,PROD029,6879.79,Debit Card,Failed,2026-05-31
TXN02340,CUST1791,PROD065,16164.57,UPI,Failed,2026-07-05
TXN02341,CUST1059,PROD036,11816.39,Wallet,Success,2026-04-18
TXN02342,CUST0830,PROD052,5341.47,UPI,Success,2026-07-18
TXN02343,CUST1735,PROD013,16367.86,Credit Card,Success,2026-01-12
TXN02344,CUST0330,PROD048,6357.84,Debit Card,Success,2026-06-18
TXN02345,CUST1643,PROD093,3892.46,UPI,Success,2026-08-09
TXN02346,CUST1451,PROD052,1208.96,Wallet,Success,2026-06-06
TXN02347,CUST0009,PROD031,10034.09,Wallet,Success,2026-01-26
TXN02348,CUST0109,PROD008,4212.19,Credit Card,Success,2026-01-16
TXN02349,CUST1218,PROD058,11105.02,Wallet,Failed,2026-06-01
TXN02350,CUST1869,PROD007,1787.6,Debit Card,Success,2026-07-26
TXN02351,CUST1922,PROD002,4355.16,UPI,Success,2026-05-02
TXN02352,CUST0220,PROD097,13859.21,UPI,Failed,2026-07-11
TXN02353,CUST1685,PROD060,15286.17,Net Banking,Success,2026-05-23
TXN02354,CUST1599,PROD096,2278.25,Net Banking,Success,2026-06-11
TXN02355,CUST1558,PROD046,13738.11,UPI,Failed,2026-06-07
TXN02356,CUST0530,PROD013,11720.32,Net Banking,Failed,2026-03-14
TXN02357,CUST0674,PROD047,18441.04,UPI,Success,2026-06-10
TXN02358,CUST0422,PROD057,6946.38,Wallet,Success,2026-03-28
TXN02359,CUST1447,PROD016,648.15,Wallet,Failed,2026-02-12
TXN02360,CUST1385,PROD057,10547.21,Net Banking,Success,2026-01-01
TXN02361,CUST1597,PROD060,12055.14,Credit Card,Success,2026-01-15
TXN02362,CUST0230,PROD054,2294.52,Wallet,Failed,2026-01-08
TXN02363,CUST0228,PROD100,12388.28,Credit Card,Success,2026-08-02
TXN02364,CUST1831,PROD026,13601.55,Wallet,Success,2026-08-14
TXN02365,CUST0515,PROD062,9910.12,Wallet,Success,2026-01-31
TXN02366,CUST0994,PROD044,16782.53,Net Banking,Success,2026-01-11
TXN02367,CUST1147,PROD014,18013.47,Credit Card,Success,2026-01-02
TXN02368,CUST1121,PROD002,13539.98,Wallet,Success,2026-07-03
TXN02369,CUST1607,PROD046,9417.34,UPI,Success,2026-05-09
TXN02370,CUST0348,PROD084,5286.48,Debit Card,Success,2026-08-11
TXN02371,CUST1636,PROD099,2872.08,Net Banking,Success,2026-08-13
TXN02372,CUST0333,PROD016,7935.92,Net Banking,Failed,2026-01-10
TXN02373,CUST1370,PROD098,7772.05,Net Banking,Success,2026-04-01
TXN02374,CUST0816,PROD086,9548.76,Net Banking,Success,2026-04-10
TXN02375,CUST0136,PROD056,12470.93,Credit Card,Failed,2026-01-31
TXN02376,CUST1741,PROD047,14000.23,Credit Card,Success,2026-08-13
TXN02377,CUST0660,PROD008,14768.84,Net Banking,Success,2026-08-03
TXN02378,CUST1687,PROD019,7890.22,Net Banking,Success,2026-01-02
TXN02379,CUST0446,PROD026,7406.78,Wallet,Success,2026-07-28
TXN02380,CUST1829,PROD021,5784.97,UPI,Failed,2026-02-24
TXN02381,CUST1103,PROD029,11642.17,Wallet,Success,2026-03-15
TXN02382,CUST1031,PROD009,4563.73,Debit Card,Success,2026-01-03
TXN02383,CUST1513,PROD055,12093.6,UPI,Success,2026-07-27
TXN02384,CUST0648,PROD030,1127.64,Debit Card,Success,2026-01-26
TXN02385,CUST0773,PROD061,14449.96,Wallet,Success,2026-07-15
TXN02386,CUST1431,PROD038,8204.74,Credit Card,Success,2026-07-23
TXN02387,CUST1368,PROD079,17277.53,Debit Card,Failed,2026-03-01
TXN02388,CUST0186,PROD012,262.18,UPI,Success,2026-01-05
TXN02389,CUST1868,PROD064,8528.1,Credit Card,Success,2026-07-16
TXN02390,CUST1036,PROD075,15787.31,UPI,Success,2026-08-08
TXN02391,CUST0968,PROD032,11125.83,UPI,Success,2026-03-24
TXN02392,CUST1119,PROD099,1711.93,Net Banking,Success,2026-04-25
TXN02393,CUST1654,PROD013,2852.93,Debit Card,Failed,2026-06-01
TXN02394,CUST1020,PROD065,2149.56,Debit Card,Success,2026-04-03
TXN02395,CUST0771,PROD082,1103.17,Wallet,Success,2026-06-21
TXN02396,CUST0330,PROD030,14740.17,Credit Card,Success,2026-01-05
TXN02397,CUST1612,PROD038,8815.61,Debit Card,Success,2026-07-08
TXN02398,CUST0866,PROD099,9359.0,UPI,Success,2026-02-06
TXN02399,CUST0133,PROD057,2214.56,Credit Card,Success,2026-04-28
TXN02400,CUST1694,PROD065,9384.14,Net Banking,Success,2026-04-03
TXN02401,CUST1546,PROD084,9717.55,Credit Card,Success,2026-06-14
TXN02402,CUST1362,PROD093,1411.79,Net Banking,Success,2026-01-26
TXN02403,CUST0629,PROD030,10695.51,Credit Card,Success,2026-07-18
TXN02404,CUST0608,PROD010,16842.63,Debit Card,Success,2026-05-09
TXN02405,CUST1376,PROD024,7789.79,Wallet,Success,2026-02-11
TXN02406,CUST0681,PROD034,15457.44,Wallet,Success,2026-04-11
TXN02407,CUST0303,PROD058,3881.54,Debit Card,Success,2026-05-13
TXN02408,CUST0919,PROD054,8686.49,UPI,Success,2026-02-04
TXN02409,CUST1337,PROD049,13727.21,Net Banking,Success,2026-02-06
TXN02410,CUST1761,PROD091,4289.24,Credit Card,Failed,2026-03-28
TXN02411,CUST1981,PROD052,9622.58,Credit Card,Success,2026-06-27
TXN02412,CUST1237,PROD017,4514.18,Net Banking,Failed,2026-05-16
TXN02413,CUST1712,PROD061,12226.15,UPI,Success,2026-04-15
TXN02414,CUST1059,PROD067,19874.23,Credit Card,Success,2026-06-01
TXN02415,CUST0118,PROD089,6825.26,Credit Card,Success,2026-04-05
TXN02416,CUST0013,PROD045,15806.49,Wallet,Failed,2026-06-25
TXN02417,CUST1582,PROD019,9590.45,Net Banking,Success,2026-05-28
TXN02418,CUST1960,PROD042,12004.39,Net Banking,Success,2026-04-26
TXN02419,CUST1591,PROD002,6422.56,Debit Card,Success,2026-06-24
TXN02420,CUST0923,PROD008,14787.56,Wallet,Success,2026-05-09
TXN02421,CUST1024,PROD091,6912.22,Credit Card,Success,2026-03-07
TXN02422,CUST1742,PROD010,11816.59,UPI,Success,2026-08-09
TXN02423,CUST1703,PROD068,5341.51,Credit Card,Success,2026-08-05
TXN02424,CUST0431,PROD052,15041.67,Net Banking,Success,2026-02-03
TXN02425,CUST0370,PROD008,14182.1,Credit Card,Success,2026-02-14
TXN02426,CUST0212,PROD014,15279.22,Net Banking,Success,2026-08-02
TXN02427,CUST1334,PROD063,8633.34,Net Banking,Success,2026-01-31
TXN02428,CUST0867,PROD022,1332.68,Credit Card,Failed,2026-03-17
TXN02429,CUST1809,PROD070,7564.59,Debit Card,Failed,2026-03-15
TXN02430,CUST0828,PROD074,11158.49,Debit Card,Success,2026-01-09
TXN02431,CUST1926,PROD014,16743.8,UPI,Success,2026-05-29
TXN02432,CUST1198,PROD023,3906.17,Credit Card,Success,2026-08-19
TXN02433,CUST1969,PROD073,15935.33,UPI,Success,2026-01-04
TXN02434,CUST0378,PROD087,8070.91,UPI,Success,2026-05-07
TXN02435,CUST0865,PROD070,700.41,Net Banking,Success,2026-01-19
TXN02436,CUST1810,PROD098,582.67,UPI,Success,2026-02-25
TXN02437,CUST1893,PROD025,9023.83,UPI,Success,2026-07-19
TXN02438,CUST1404,PROD002,18838.97,Wallet,Success,2026-03-16
TXN02439,CUST0428,PROD024,8382.72,Credit Card,Success,2026-04-28
TXN02440,CUST1878,PROD036,7659.36,UPI,Success,2026-02-27
TXN02441,CUST0328,PROD073,5717.01,Net Banking,Success,2026-04-24
TXN02442,CUST1876,PROD072,305.52,Wallet,Success,2026-02-26
TXN02443,CUST1519,PROD051,15173.4,Debit Card,Success,2026-03-25
TXN02444,CUST0321,PROD045,12392.49,Wallet,Success,2026-06-06
TXN02445,CUST0223,PROD090,12151.74,Wallet,Success,2026-07-08
TXN02446,CUST0261,PROD060,14074.14,Net Banking,Success,2026-07-14
TXN02447,CUST1108,PROD012,3369.29,UPI,Success,2026-05-27
TXN02448,CUST0456,PROD045,13113.9,Wallet,Success,2026-03-18
TXN02449,CUST0122,PROD017,16642.81,Net Banking,Success,2026-07-03
TXN02450,CUST0810,PROD083,6756.33,Net Banking,Success,2026-02-13
TXN02451,CUST1133,PROD083,6213.7,Wallet,Success,2026-02-22
TXN02452,CUST0543,PROD080,15028.59,Debit Card,Success,2026-05-31
TXN02453,CUST0928,PROD093,211.3,Wallet,Success,2026-08-08
TXN02454,CUST0618,PROD001,8490.18,Debit Card,Success,2026-05-07
TXN02455,CUST1734,PROD003,3558.99,UPI,Success,2026-05-20
TXN02456,CUST1158,PROD022,11981.43,Credit Card,Success,2026-02-12
TXN02457,CUST1852,PROD048,15577.26,Credit Card,Failed,2026-03-18
TXN02458,CUST0067,PROD036,5329.15,UPI,Failed,2026-05-27
TXN02459,CUST0462,PROD023,17995.29,Credit Card,Success,2026-03-31
TXN02460,CUST0423,PROD023,329.9,Credit Card,Success,2026-02-12
TXN02461,CUST0138,PROD006,3248.49,Debit Card,Success,2026-04-06
TXN02462,CUST1748,PROD008,2447.74,Credit Card,Success,2026-08-15
TXN02463,CUST0581,PROD043,15965.05,UPI,Success,2026-06-24
TXN02464,CUST1752,PROD052,11701.73,Wallet,Failed,2026-07-28
TXN02465,CUST0584,PROD089,15710.68,Credit Card,Success,2026-06-09
TXN02466,CUST0395,PROD021,6031.96,Net Banking,Success,2026-03-05
TXN02467,CUST1213,PROD055,2818.8,Wallet,Success,2026-07-27
TXN02468,CUST0711,PROD073,14983.1,Credit Card,Success,2026-05-18
TXN02469,CUST0259,PROD035,15102.64,Credit Card,Failed,2026-01-24
TXN02470,CUST0118,PROD057,15645.5,Wallet,Success,2026-07-12
TXN02471,CUST0642,PROD079,12102.64,UPI,Success,2026-02-04
TXN02472,CUST0293,PROD032,19346.22,Credit Card,Success,2026-04-13
TXN02473,CUST0986,PROD059,6318.0,Debit Card,Success,2026-04-06
TXN02474,CUST0135,PROD002,7801.83,Debit Card,Success,2026-06-02
TXN02475,CUST1160,PROD027,18053.4,Wallet,Success,2026-03-29
TXN02476,CUST1201,PROD017,3780.07,UPI,Success,2026-04-25
TXN02477,CUST0205,PROD062,7573.07,Net Banking,Success,2026-07-04
TXN02478,CUST1934,PROD055,17128.42,Net Banking,Success,2026-03-12
TXN02479,CUST0310,PROD086,17090.33,Net Banking,Success,2026-06-11
TXN02480,CUST0785,PROD014,17966.52,UPI,Failed,2026-02-06
TXN02481,CUST0872,PROD016,9081.66,Credit Card,Success,2026-07-16
TXN02482,CUST0010,PROD074,11943.21,Wallet,Success,2026-06-18
TXN02483,CUST0646,PROD018,5555.55,Credit Card,Success,2026-02-18
TXN02484,CUST0129,PROD046,13883.45,Debit Card,Success,2026-08-09
TXN02485,CUST0021,PROD041,2062.93,Credit Card,Success,2026-02-23
TXN02486,CUST1192,PROD082,2280.34,UPI,Failed,2026-03-02
TXN02487,CUST1744,PROD057,9805.27,Net Banking,Success,2026-06-01
TXN02488,CUST0535,PROD060,12188.2,Debit Card,Success,2026-02-02
TXN02489,CUST1762,PROD017,3235.84,Wallet,Failed,2026-01-24
TXN02490,CUST0484,PROD091,16409.04,Debit Card,Failed,2026-06-10
TXN02491,CUST1621,PROD015,11895.88,UPI,Success,2026-07-08
TXN02492,CUST1581,PROD070,9765.43,Net Banking,Success,2026-01-11
TXN02493,CUST1299,PROD049,16624.39,Credit Card,Success,2026-02-20
TXN02494,CUST1552,PROD022,11860.45,Net Banking,Success,2026-05-23
TXN02495,CUST0196,PROD046,17477.62,Credit Card,Success,2026-01-15
TXN02496,CUST0957,PROD092,10949.45,Net Banking,Success,2026-03-16
TXN02497,CUST0118,PROD067,6804.16,Debit Card,Failed,2026-05-09
TXN02498,CUST1087,PROD025,16624.94,Credit Card,Success,2026-05-19
TXN02499,CUST1433,PROD056,14269.91,Credit Card,Success,2026-05-03
TXN02500,CUST1615,PROD023,556.19,Debit Card,Success,2026-05-11
TXN02501,CUST0988,PROD017,13237.55,Credit Card,Success,2026-07-19
TXN02502,CUST0625,PROD028,17272.82,Debit Card,Success,2026-06-13
TXN02503,CUST0165,PROD075,7957.44,Credit Card,Success,2026-05-23
TXN02504,CUST0376,PROD045,370.73,Wallet,Success,2026-01-28
TXN02505,CUST0723,PROD094,15957.13,Net Banking,Success,2026-06-12
TXN02506,CUST1551,PROD039,9055.0,Net Banking,Success,2026-05-22
TXN02507,CUST1207,PROD098,5188.65,UPI,Success,2026-02-16
TXN02508,CUST1744,PROD022,15899.79,Debit Card,Success,2026-03-04
TXN02509,CUST0589,PROD073,11553.27,UPI,Success,2026-06-02
TXN02510,CUST1241,PROD090,13171.46,Credit Card,Success,2026-04-11
TXN02511,CUST0082,PROD018,8316.2,Debit Card,Success,2026-01-01
TXN02512,CUST1696,PROD007,19264.89,Net Banking,Success,2026-04-03
TXN02513,CUST0380,PROD009,9648.84,UPI,Success,2026-03-14
TXN02514,CUST1469,PROD030,12367.56,UPI,Failed,2026-01-13
TXN02515,CUST0450,PROD032,7540.56,Wallet,Failed,2026-02-21
TXN02516,CUST0364,PROD018,3374.38,Net Banking,Success,2026-08-03
TXN02517,CUST0178,PROD076,4599.42,UPI,Success,2026-08-07
TXN02518,CUST0860,PROD003,18648.93,Net Banking,Success,2026-02-06
TXN02519,CUST1350,PROD005,6543.34,Net Banking,Success,2026-03-13
TXN02520,CUST1892,PROD088,15017.57,UPI,Success,2026-08-01
TXN02521,CUST1999,PROD056,17432.11,Debit Card,Success,2026-04-11
TXN02522,CUST1452,PROD068,14321.92,UPI,Success,2026-04-01
TXN02523,CUST1173,PROD042,4719.73,Credit Card,Success,2026-02-14
TXN02524,CUST0868,PROD012,9004.92,Credit Card,Success,2026-04-19
TXN02525,CUST1379,PROD015,4270.6,Credit Card,Success,2026-08-11
TXN02526,CUST0235,PROD002,12929.7,Wallet,Success,2026-07-22
TXN02527,CUST0580,PROD092,2044.44,Debit Card,Success,2026-04-22
TXN02528,CUST1923,PROD026,14365.24,Debit Card,Success,2026-04-10
TXN02529,CUST1844,PROD037,2502.82,Credit Card,Success,2026-07-11
TXN02530,CUST0366,PROD060,9503.39,Net Banking,Failed,2026-08-18
TXN02531,CUST0742,PROD062,19030.23,UPI,Success,2026-08-17
TXN02532,CUST1759,PROD089,4326.88,Wallet,Success,2026-03-06
TXN02533,CUST0369,PROD080,19498.63,Debit Card,Success,2026-07-29
TXN02534,CUST1657,PROD009,9572.95,Debit Card,Success,2026-08-08
TXN02535,CUST1048,PROD071,8939.33,Net Banking,Failed,2026-01-23
TXN02536,CUST1261,PROD073,3937.96,Credit Card,Success,2026-03-18
TXN02537,CUST1807,PROD022,5883.22,Net Banking,Success,2026-02-26
TXN02538,CUST0547,PROD099,5492.92,Net Banking,Success,2026-07-16
TXN02539,CUST0449,PROD035,7037.94,Debit Card,Success,2026-07-19
TXN02540,CUST1027,PROD050,11537.47,Wallet,Success,2026-04-25
TXN02541,CUST0339,PROD046,17508.1,Wallet,Success,2026-07-17
TXN02542,CUST1527,PROD029,7694.31,Credit Card,Success,2026-07-14
TXN02543,CUST1146,PROD073,1020.96,Net Banking,Success,2026-06-26
TXN02544,CUST0406,PROD067,8790.69,Debit Card,Success,2026-06-30
TXN02545,CUST1338,PROD002,19589.21,Wallet,Success,2026-01-01
TXN02546,CUST0466,PROD065,17513.06,Debit Card,Success,2026-06-10
TXN02547,CUST1520,PROD035,3652.75,Debit Card,Success,2026-04-11
TXN02548,CUST0658,PROD100,11881.33,UPI,Failed,2026-01-05
TXN02549,CUST1600,PROD029,9643.72,Debit Card,Success,2026-01-20
TXN02550,CUST0103,PROD040,9876.83,Net Banking,Success,2026-06-15
TXN02551,CUST0602,PROD029,9221.09,Debit Card,Success,2026-05-14
TXN02552,CUST0435,PROD059,1214.34,Net Banking,Success,2026-07-06
TXN02553,CUST1111,PROD097,9137.17,Debit Card,Success,2026-06-16
TXN02554,CUST0526,PROD054,17011.78,Net Banking,Success,2026-02-03
TXN02555,CUST0828,PROD071,18507.4,UPI,Success,2026-08-19
TXN02556,CUST1350,PROD039,17668.91,Wallet,Success,2026-01-23
TXN02557,CUST1673,PROD067,14981.59,UPI,Success,2026-05-27
TXN02558,CUST0306,PROD058,9612.48,Credit Card,Failed,2026-06-28
TXN02559,CUST1727,PROD015,419.64,Debit Card,Success,2026-05-13
TXN02560,CUST0084,PROD090,9197.56,Wallet,Success,2026-08-04
TXN02561,CUST0042,PROD038,19530.6,Net Banking,Success,2026-04-04
TXN02562,CUST0069,PROD044,18008.62,Credit Card,Success,2026-02-28
TXN02563,CUST0547,PROD055,11924.37,Credit Card,Success,2026-03-04
TXN02564,CUST0812,PROD062,12963.32,Credit Card,Success,2026-06-20
TXN02565,CUST1675,PROD052,9525.86,UPI,Failed,2026-07-22
TXN02566,CUST1911,PROD018,3824.12,Net Banking,Success,2026-02-16
TXN02567,CUST1819,PROD061,18242.25,Debit Card,Success,2026-06-14
TXN02568,CUST1259,PROD003,15467.73,Wallet,Failed,2026-04-26
TXN02569,CUST0883,PROD043,4516.99,Debit Card,Failed,2026-07-14
TXN02570,CUST1656,PROD006,7866.77,Credit Card,Failed,2026-07-12
TXN02571,CUST0850,PROD027,6232.66,Credit Card,Failed,2026-07-28
TXN02572,CUST1421,PROD080,17395.47,Net Banking,Success,2026-05-09
TXN02573,CUST0050,PROD095,16907.93,Debit Card,Success,2026-07-24
TXN02574,CUST1729,PROD086,12808.65,Credit Card,Success,2026-05-27
TXN02575,CUST1697,PROD016,13950.49,Debit Card,Failed,2026-01-16
TXN02576,CUST0866,PROD098,14063.14,Wallet,Success,2026-01-20
TXN02577,CUST1399,PROD093,8967.08,Net Banking,Success,2026-04-15
TXN02578,CUST0383,PROD008,15298.22,Credit Card,Failed,2026-04-13
TXN02579,CUST1907,PROD087,17947.01,Net Banking,Success,2026-01-04
TXN02580,CUST1933,PROD075,11710.82,Wallet,Failed,2026-07-16
TXN02581,CUST0165,PROD087,19904.89,Wallet,Success,2026-07-28
TXN02582,CUST1005,PROD016,11324.68,Debit Card,Success,2026-04-18
TXN02583,CUST1583,PROD030,9380.28,UPI,Failed,2026-04-28
TXN02584,CUST0867,PROD040,12292.77,Net Banking,Failed,2026-02-13
TXN02585,CUST0598,PROD021,798.1,Wallet,Failed,2026-07-03
TXN02586,CUST1407,PROD086,4841.47,UPI,Success,2026-08-15
TXN02587,CUST1962,PROD042,6189.24,Wallet,Success,2026-06-13
TXN02588,CUST0232,PROD037,7304.09,Wallet,Success,2026-05-25
TXN02589,CUST0921,PROD004,19878.9,Credit Card,Success,2026-06-03
TXN02590,CUST1264,PROD044,16426.62,Credit Card,Success,2026-04-23
TXN02591,CUST0754,PROD034,19925.44,Credit Card,Success,2026-05-16
TXN02592,CUST0476,PROD072,18266.76,Debit Card,Success,2026-07-10
TXN02593,CUST1663,PROD007,14008.02,UPI,Success,2026-07-20
TXN02594,CUST1485,PROD069,2410.59,Wallet,Success,2026-05-01
TXN02595,CUST0792,PROD082,7662.72,Debit Card,Success,2026-06-14
TXN02596,CUST1389,PROD015,7006.05,Wallet,Failed,2026-06-15
TXN02597,CUST1769,PROD097,15220.74,UPI,Success,2026-01-14
TXN02598,CUST1333,PROD033,17673.19,Credit Card,Failed,2026-05-29
TXN02599,CUST0191,PROD043,229.16,UPI,Success,2026-04-25
TXN02600,CUST0975,PROD007,18750.93,Net Banking,Success,2026-02-09
TXN02601,CUST0088,PROD058,17620.74,UPI,Failed,2026-02-22
TXN02602,CUST1289,PROD070,822.62,UPI,Success,2026-06-13
TXN02603,CUST0327,PROD052,3174.41,Wallet,Success,2026-02-12
TXN02604,CUST1127,PROD023,13095.38,Debit Card,Success,2026-07-17
TXN02605,CUST1726,PROD068,6659.73,UPI,Success,2026-01-08
TXN02606,CUST0302,PROD067,10251.32,Debit Card,Failed,2026-05-29
TXN02607,CUST0377,PROD083,13007.55,Debit Card,Success,2026-06-11
TXN02608,CUST0155,PROD054,10888.77,Wallet,Success,2026-04-19
TXN02609,CUST1473,PROD077,17714.25,UPI,Success,2026-04-09
TXN02610,CUST1639,PROD061,8241.66,UPI,Failed,2026-02-03
TXN02611,CUST0068,PROD068,2842.68,Credit Card,Failed,2026-01-05
TXN02612,CUST0246,PROD059,1325.01,Credit Card,Success,2026-07-13
TXN02613,CUST0399,PROD087,18046.83,Debit Card,Success,2026-03-09
TXN02614,CUST0448,PROD042,16100.76,Credit Card,Success,2026-04-08
TXN02615,CUST0685,PROD067,13673.24,Net Banking,Success,2026-08-13
TXN02616,CUST0167,PROD023,416.85,Debit Card,Success,2026-07-11
TXN02617,CUST0611,PROD021,13221.06,Credit Card,Success,2026-04-06
TXN02618,CUST1222,PROD003,11794.22,Credit Card,Success,2026-02-09
TXN02619,CUST0746,PROD032,377.31,Debit Card,Failed,2026-05-22
TXN02620,CUST0925,PROD052,16493.78,UPI,Success,2026-06-30
TXN02621,CUST1250,PROD049,13050.7,UPI,Success,2026-04-25
TXN02622,CUST1881,PROD097,6014.15,Debit Card,Success,2026-04-07
TXN02623,CUST1730,PROD098,17849.67,UPI,Success,2026-03-20
TXN02624,CUST0727,PROD029,14028.34,Debit Card,Failed,2026-04-19
TXN02625,CUST1544,PROD011,14058.26,Net Banking,Success,2026-07-28
TXN02626,CUST1596,PROD036,13657.46,Net Banking,Success,2026-03-04
TXN02627,CUST1722,PROD066,11026.33,Debit Card,Failed,2026-01-31
TXN02628,CUST0926,PROD064,5125.64,Debit Card,Success,2026-04-05
TXN02629,CUST0842,PROD020,19981.44,Credit Card,Success,2026-02-02
TXN02630,CUST0079,PROD049,8184.0,Wallet,Failed,2026-04-29
TXN02631,CUST1987,PROD068,8273.5,UPI,Success,2026-05-30
TXN02632,CUST0764,PROD075,6346.16,Net Banking,Success,2026-07-29
TXN02633,CUST0277,PROD096,1199.85,Credit Card,Failed,2026-03-07
TXN02634,CUST1075,PROD050,3853.47,Wallet,Failed,2026-04-16
TXN02635,CUST0264,PROD002,7799.87,UPI,Success,2026-04-12
TXN02636,CUST1943,PROD073,11751.46,Credit Card,Success,2026-02-15
TXN02637,CUST0773,PROD079,19708.28,Wallet,Success,2026-08-16
TXN02638,CUST1205,PROD095,12143.41,Wallet,Success,2026-07-07
TXN02639,CUST0442,PROD042,15079.61,Net Banking,Success,2026-07-08
TXN02640,CUST1139,PROD066,9387.03,Net Banking,Failed,2026-05-07
TXN02641,CUST0384,PROD048,18344.02,UPI,Success,2026-04-22
TXN02642,CUST0249,PROD032,5245.18,UPI,Failed,2026-02-14
TXN02643,CUST1941,PROD033,17925.21,Credit Card,Success,2026-07-28
TXN02644,CUST0671,PROD026,12141.83,Credit Card,Failed,2026-07-10
TXN02645,CUST0174,PROD020,19822.63,UPI,Success,2026-04-14
TXN02646,CUST0010,PROD009,5933.94,Net Banking,Success,2026-01-13
TXN02647,CUST0301,PROD079,14542.66,Debit Card,Success,2026-01-18
TXN02648,CUST1747,PROD005,17440.16,Wallet,Success,2026-07-07
TXN02649,CUST0446,PROD039,2540.53,Wallet,Failed,2026-02-22
TXN02650,CUST1016,PROD042,3215.65,Wallet,Success,2026-06-12
TXN02651,CUST0272,PROD005,11910.45,Net Banking,Success,2026-05-19
TXN02652,CUST1706,PROD086,7798.14,Credit Card,Success,2026-02-10
TXN02653,CUST1861,PROD002,6724.23,Credit Card,Success,2026-07-01
TXN02654,CUST1063,PROD024,4823.94,Credit Card,Success,2026-08-01
TXN02655,CUST1168,PROD063,19867.86,Wallet,Success,2026-04-20
TXN02656,CUST1275,PROD034,11262.25,Net Banking,Success,2026-06-08
TXN02657,CUST1875,PROD073,18815.27,Wallet,Success,2026-07-31
TXN02658,CUST1330,PROD048,8165.51,UPI,Success,2026-02-03
TXN02659,CUST0971,PROD085,7417.01,UPI,Success,2026-06-10
TXN02660,CUST1261,PROD053,8298.99,Net Banking,Failed,2026-05-15
TXN02661,CUST0683,PROD062,3228.12,Debit Card,Success,2026-07-15
TXN02662,CUST0635,PROD032,15948.97,Net Banking,Success,2026-03-20
TXN02663,CUST0247,PROD091,3434.66,UPI,Success,2026-02-27
TXN02664,CUST0988,PROD085,12449.72,Net Banking,Success,2026-08-06
TXN02665,CUST0027,PROD007,10024.77,Credit Card,Success,2026-05-07
TXN02666,CUST0151,PROD064,19813.47,UPI,Success,2026-03-31
TXN02667,CUST0859,PROD012,15199.87,Credit Card,Success,2026-07-15
TXN02668,CUST0301,PROD089,6803.81,Wallet,Failed,2026-06-09
TXN02669,CUST1480,PROD010,11897.57,Net Banking,Success,2026-05-13
TXN02670,CUST0431,PROD059,998.23,Credit Card,Success,2026-03-18
TXN02671,CUST1745,PROD040,5646.22,Debit Card,Failed,2026-04-25
TXN02672,CUST1248,PROD001,15638.67,Net Banking,Success,2026-05-07
TXN02673,CUST0910,PROD096,19183.63,Credit Card,Success,2026-04-17
TXN02674,CUST0646,PROD009,18475.5,UPI,Success,2026-08-15
TXN02675,CUST0847,PROD042,1709.08,Wallet,Success,2026-07-13
TXN02676,CUST1611,PROD061,12671.52,Wallet,Success,2026-06-26
TXN02677,CUST0184,PROD062,13962.52,Credit Card,Failed,2026-06-18
TXN02678,CUST1215,PROD045,1753.45,Net Banking,Success,2026-04-01
TXN02679,CUST1990,PROD033,933.38,UPI,Failed,2026-07-28
TXN02680,CUST1628,PROD046,10275.89,Debit Card,Failed,2026-03-30
TXN02681,CUST1520,PROD011,14632.61,UPI,Success,2026-07-26
TXN02682,CUST1834,PROD058,5359.33,Wallet,Success,2026-07-03
TXN02683,CUST1371,PROD047,5127.75,UPI,Success,2026-06-20
TXN02684,CUST0097,PROD083,9939.56,UPI,Success,2026-05-02
TXN02685,CUST0584,PROD002,11839.08,UPI,Success,2026-08-17
TXN02686,CUST0654,PROD040,2521.15,UPI,Success,2026-03-12
TXN02687,CUST1238,PROD092,11009.45,UPI,Failed,2026-02-15
TXN02688,CUST0050,PROD088,4338.32,Net Banking,Success,2026-04-08
TXN02689,CUST1572,PROD095,14681.42,Wallet,Success,2026-03-03
TXN02690,CUST1875,PROD070,11182.72,Debit Card,Success,2026-06-25
TXN02691,CUST1352,PROD057,10776.73,Credit Card,Success,2026-01-04
TXN02692,CUST0659,PROD021,12239.99,UPI,Success,2026-03-28
TXN02693,CUST0579,PROD089,8859.12,Credit Card,Success,2026-06-03
TXN02694,CUST1480,PROD031,6982.41,Credit Card,Success,2026-04-17
TXN02695,CUST0114,PROD025,12177.05,Debit Card,Success,2026-04-30
TXN02696,CUST1741,PROD003,10162.12,UPI,Success,2026-05-10
TXN02697,CUST0999,PROD006,10210.66,Wallet,Success,2026-06-04
TXN02698,CUST1985,PROD006,12012.3,UPI,Failed,2026-01-11
TXN02699,CUST1433,PROD079,2034.6,Debit Card,Success,2026-08-03
TXN02700,CUST0162,PROD012,4153.9,Credit Card,Success,2026-08-08
TXN02701,CUST0776,PROD013,2105.72,Debit Card,Failed,2026-05-18
TXN02702,CUST0694,PROD072,1131.5,Net Banking,Success,2026-02-11
TXN02703,CUST0382,PROD085,2562.24,Net Banking,Success,2026-06-02
TXN02704,CUST0605,PROD059,16014.66,Credit Card,Success,2026-06-22
TXN02705,CUST0038,PROD041,4672.63,UPI,Success,2026-05-01
TXN02706,CUST0978,PROD035,7394.5,Debit Card,Success,2026-03-13
TXN02707,CUST1488,PROD090,19179.88,Wallet,Success,2026-01-15
TXN02708,CUST1882,PROD082,17928.92,Net Banking,Success,2026-01-21
TXN02709,CUST0593,PROD050,14968.78,Wallet,Failed,2026-07-30
TXN02710,CUST0695,PROD094,5028.84,Net Banking,Success,2026-03-11
TXN02711,CUST1647,PROD050,19956.48,Net Banking,Success,2026-02-03
TXN02712,CUST0509,PROD042,14121.84,Net Banking,Success,2026-05-28
TXN02713,CUST0745,PROD030,19529.22,Net Banking,Success,2026-02-05
TXN02714,CUST1516,PROD069,6163.9,Debit Card,Success,2026-02-03
TXN02715,CUST1665,PROD072,18162.88,Credit Card,Success,2026-01-02
TXN02716,CUST1059,PROD052,1158.69,UPI,Success,2026-07-28
TXN02717,CUST0485,PROD006,8045.29,Net Banking,Success,2026-03-03
TXN02718,CUST0760,PROD006,2759.46,UPI,Success,2026-05-16
TXN02719,CUST0545,PROD002,12552.12,UPI,Success,2026-05-31
TXN02720,CUST1761,PROD028,11815.5,UPI,Success,2026-06-01
TXN02721,CUST0121,PROD095,4897.7,Credit Card,Success,2026-01-08
TXN02722,CUST0278,PROD003,12244.54,Credit Card,Success,2026-03-28
TXN02723,CUST1572,PROD059,15188.13,Net Banking,Failed,2026-05-26
TXN02724,CUST0751,PROD030,17177.87,Credit Card,Success,2026-05-28
TXN02725,CUST0086,PROD007,12540.96,Net Banking,Success,2026-05-17
TXN02726,CUST0273,PROD060,7106.57,Net Banking,Success,2026-07-28
TXN02727,CUST1355,PROD042,5304.23,Wallet,Success,2026-03-11
TXN02728,CUST0090,PROD041,5859.43,Wallet,Success,2026-05-23
TXN02729,CUST1421,PROD037,18529.43,Wallet,Success,2026-02-27
TXN02730,CUST0255,PROD072,522.54,UPI,Failed,2026-05-24
TXN02731,CUST1220,PROD050,7087.64,Wallet,Success,2026-03-31
TXN02732,CUST0581,PROD037,15289.36,Net Banking,Success,2026-04-12
TXN02733,CUST1776,PROD022,12022.94,Debit Card,Success,2026-06-25
TXN02734,CUST0253,PROD064,12407.31,Debit Card,Success,2026-01-14
TXN02735,CUST0779,PROD002,4847.73,Net Banking,Success,2026-07-27
TXN02736,CUST1661,PROD054,16839.06,Wallet,Success,2026-03-21
TXN02737,CUST0063,PROD058,407.6,Credit Card,Success,2026-04-25
TXN02738,CUST1847,PROD052,517.5,Debit Card,Success,2026-02-20
TXN02739,CUST0750,PROD065,7430.29,Debit Card,Success,2026-01-19
TXN02740,CUST1395,PROD001,1543.46,UPI,Success,2026-02-28
TXN02741,CUST1018,PROD013,6457.46,Debit Card,Failed,2026-01-14
TXN02742,CUST0902,PROD074,1424.4,Credit Card,Success,2026-02-03
TXN02743,CUST0619,PROD010,4341.94,Debit Card,Success,2026-06-01
TXN02744,CUST0906,PROD073,5453.9,Net Banking,Success,2026-07-01
TXN02745,CUST1499,PROD096,7434.26,Debit Card,Success,2026-01-25
TXN02746,CUST1196,PROD007,6522.49,UPI,Failed,2026-04-28
TXN02747,CUST1912,PROD095,1783.05,Wallet,Failed,2026-06-14
TXN02748,CUST1089,PROD051,8807.6,Debit Card,Success,2026-07-10
TXN02749,CUST1190,PROD028,8707.77,UPI,Failed,2026-04-10
TXN02750,CUST0482,PROD025,17645.91,Wallet,Success,2026-07-02
TXN02751,CUST0541,PROD081,13476.94,Net Banking,Failed,2026-04-28
TXN02752,CUST1956,PROD001,7610.26,UPI,Success,2026-04-30
TXN02753,CUST1988,PROD032,19877.64,Net Banking,Success,2026-06-27
TXN02754,CUST1642,PROD094,1956.3,Credit Card,Success,2026-03-09
TXN02755,CUST1651,PROD083,2185.18,Credit Card,Success,2026-02-17
TXN02756,CUST1236,PROD047,8763.24,Credit Card,Success,2026-03-03
TXN02757,CUST1742,PROD019,13866.02,Net Banking,Success,2026-06-04
TXN02758,CUST1611,PROD088,2838.58,Net Banking,Success,2026-05-25
TXN02759,CUST0531,PROD006,3883.66,Credit Card,Success,2026-05-24
TXN02760,CUST0492,PROD098,3444.54,Net Banking,Success,2026-04-12
TXN02761,CUST1265,PROD076,13124.27,Credit Card,Success,2026-03-08
TXN02762,CUST0970,PROD031,12514.6,Credit Card,Success,2026-07-01
TXN02763,CUST1477,PROD069,17375.83,Credit Card,Success,2026-06-16
TXN02764,CUST0280,PROD031,13783.01,Wallet,Success,2026-01-06
TXN02765,CUST0515,PROD089,19833.19,Net Banking,Failed,2026-01-17
TXN02766,CUST0387,PROD030,15270.68,Wallet,Success,2026-02-14
TXN02767,CUST0601,PROD018,4405.87,Net Banking,Success,2026-03-18
TXN02768,CUST1239,PROD076,10600.37,Wallet,Success,2026-08-16
TXN02769,CUST1638,PROD087,9768.77,Debit Card,Success,2026-07-29
TXN02770,CUST0673,PROD035,13862.86,Net Banking,Success,2026-02-02
TXN02771,CUST1874,PROD057,6607.43,Wallet,Failed,2026-05-26
TXN02772,CUST0143,PROD026,11112.06,UPI,Success,2026-02-26
TXN02773,CUST0008,PROD092,16680.3,Debit Card,Success,2026-07-21
TXN02774,CUST0438,PROD087,3263.56,Net Banking,Success,2026-07-18
TXN02775,CUST1872,PROD017,9956.71,Net Banking,Success,2026-04-30
TXN02776,CUST0418,PROD010,8400.52,Wallet,Success,2026-07-05
TXN02777,CUST1956,PROD051,8155.82,Net Banking,Success,2026-03-18
TXN02778,CUST1896,PROD057,268.29,Debit Card,Success,2026-05-23
TXN02779,CUST0488,PROD049,15991.89,Wallet,Success,2026-03-27
TXN02780,CUST0348,PROD080,10167.78,Credit Card,Success,2026-03-19
TXN02781,CUST0174,PROD094,16517.01,Net Banking,Success,2026-06-13
TXN02782,CUST1491,PROD007,2819.07,Debit Card,Success,2026-05-07
TXN02783,CUST1384,PROD083,17397.13,Debit Card,Failed,2026-05-02
TXN02784,CUST0343,PROD055,9178.17,Debit Card,Failed,2026-02-05
TXN02785,CUST1897,PROD001,16868.78,Credit Card,Success,2026-04-21
TXN02786,CUST1726,PROD006,5053.18,Credit Card,Failed,2026-04-14
TXN02787,CUST1357,PROD046,12759.0,Net Banking,Success,2026-07-23
TXN02788,CUST1938,PROD053,14632.78,Wallet,Success,2026-03-14
TXN02789,CUST0548,PROD041,11981.25,Wallet,Success,2026-06-15
TXN02790,CUST0214,PROD067,18521.17,Wallet,Success,2026-05-31
TXN02791,CUST1534,PROD074,16805.13,Debit Card,Failed,2026-07-01
TXN02792,CUST1618,PROD010,5302.21,Wallet,Success,2026-06-30
TXN02793,CUST0071,PROD076,14853.84,Debit Card,Success,2026-08-16
TXN02794,CUST0030,PROD037,12024.86,Credit Card,Success,2026-07-24
TXN02795,CUST1687,PROD054,15546.54,Debit Card,Success,2026-04-22
TXN02796,CUST0262,PROD017,14956.97,Debit Card,Success,2026-06-01
TXN02797,CUST0208,PROD017,2196.72,Wallet,Failed,2026-07-03
TXN02798,CUST1442,PROD069,16150.52,UPI,Success,2026-01-20
TXN02799,CUST1262,PROD037,11335.22,Credit Card,Success,2026-03-28
TXN02800,CUST0034,PROD001,14056.1,Net Banking,Success,2026-02-16
TXN02801,CUST1519,PROD090,19756.66,Credit Card,Success,2026-08-13
TXN02802,CUST1863,PROD025,16369.08,Debit Card,Success,2026-05-16
TXN02803,CUST0615,PROD023,16568.88,Credit Card,Success,2026-06-13
TXN02804,CUST0815,PROD092,9329.68,Net Banking,Success,2026-05-10
TXN02805,CUST1736,PROD066,15532.15,Credit Card,Success,2026-05-15
TXN02806,CUST0420,PROD058,10612.02,Net Banking,Success,2026-05-20
TXN02807,CUST0676,PROD085,11023.78,Debit Card,Success,2026-08-06
TXN02808,CUST0795,PROD067,1179.62,UPI,Success,2026-06-28
TXN02809,CUST1430,PROD093,5257.27,Debit Card,Success,2026-06-14
TXN02810,CUST0627,PROD060,15002.35,Wallet,Failed,2026-05-28
TXN02811,CUST1992,PROD035,7950.02,Debit Card,Failed,2026-07-12
TXN02812,CUST0878,PROD088,8987.69,Wallet,Success,2026-03-10
TXN02813,CUST0395,PROD087,10923.22,Wallet,Success,2026-01-01
TXN02814,CUST0316,PROD026,8020.44,UPI,Failed,2026-01-31
TXN02815,CUST0122,PROD074,17625.13,UPI,Success,2026-04-17
TXN02816,CUST0821,PROD017,346.7,Debit Card,Success,2026-04-18
TXN02817,CUST1845,PROD041,14702.61,Wallet,Success,2026-06-25
TXN02818,CUST1948,PROD036,6744.77,Wallet,Success,2026-06-20
TXN02819,CUST0661,PROD042,15081.84,Net Banking,Success,2026-04-02
TXN02820,CUST0205,PROD023,5244.36,Debit Card,Success,2026-04-21
TXN02821,CUST0015,PROD007,7851.01,Debit Card,Failed,2026-04-25
TXN02822,CUST1612,PROD054,16205.46,Credit Card,Success,2026-08-08
TXN02823,CUST1400,PROD008,7276.78,Net Banking,Success,2026-04-17
TXN02824,CUST0523,PROD042,2308.93,Debit Card,Success,2026-02-14
TXN02825,CUST0533,PROD009,15442.84,Wallet,Success,2026-05-31
TXN02826,CUST1911,PROD038,297.78,Credit Card,Success,2026-07-25
TXN02827,CUST1084,PROD053,18260.56,UPI,Failed,2026-04-20
TXN02828,CUST1589,PROD030,16762.65,Net Banking,Success,2026-07-30
TXN02829,CUST1496,PROD009,9162.18,Net Banking,Success,2026-03-04
TXN02830,CUST0094,PROD080,6106.32,Credit Card,Success,2026-03-10
TXN02831,CUST1050,PROD083,8342.0,UPI,Success,2026-02-14
TXN02832,CUST1498,PROD007,10903.04,Wallet,Success,2026-07-08
TXN02833,CUST0063,PROD078,15581.81,UPI,Success,2026-03-13
TXN02834,CUST0552,PROD086,11652.05,Net Banking,Success,2026-05-30
TXN02835,CUST1687,PROD078,9617.48,Wallet,Success,2026-05-05
TXN02836,CUST0277,PROD035,6865.38,Wallet,Success,2026-02-09
TXN02837,CUST0225,PROD027,7379.06,Debit Card,Failed,2026-06-06
TXN02838,CUST0027,PROD039,6491.91,Net Banking,Success,2026-01-11
TXN02839,CUST0725,PROD097,15447.47,Net Banking,Success,2026-07-12
TXN02840,CUST1044,PROD002,11546.13,Credit Card,Failed,2026-05-08
TXN02841,CUST0515,PROD087,573.0,Wallet,Failed,2026-03-28
TXN02842,CUST0093,PROD018,13225.65,UPI,Success,2026-04-21
TXN02843,CUST1469,PROD079,5169.3,UPI,Success,2026-02-07
TXN02844,CUST1986,PROD012,7204.73,Wallet,Success,2026-05-16
TXN02845,CUST0681,PROD067,5751.26,UPI,Success,2026-08-04
TXN02846,CUST0392,PROD040,3240.58,UPI,Failed,2026-02-28
TXN02847,CUST1524,PROD057,13366.76,Debit Card,Failed,2026-05-01
TXN02848,CUST0895,PROD059,7378.97,UPI,Success,2026-04-04
TXN02849,CUST0137,PROD066,18007.21,Debit Card,Failed,2026-07-08
TXN02850,CUST1478,PROD021,4189.04,Wallet,Success,2026-05-09
TXN02851,CUST1719,PROD078,6536.0,Wallet,Success,2026-06-14
TXN02852,CUST1427,PROD066,16158.42,UPI,Failed,2026-03-12
TXN02853,CUST0861,PROD021,5044.91,Credit Card,Success,2026-07-16
TXN02854,CUST1989,PROD055,816.33,Debit Card,Failed,2026-06-14
TXN02855,CUST0772,PROD092,12529.67,Credit Card,Success,2026-03-13
TXN02856,CUST0861,PROD062,5992.2,Credit Card,Success,2026-05-13
TXN02857,CUST1740,PROD057,4010.9,Net Banking,Success,2026-01-01
TXN02858,CUST0373,PROD076,4430.0,UPI,Success,2026-06-14
TXN02859,CUST0189,PROD068,18481.79,UPI,Success,2026-07-24
TXN02860,CUST1108,PROD065,3161.71,Credit Card,Success,2026-07-19
TXN02861,CUST1687,PROD047,16469.71,Debit Card,Success,2026-05-25
TXN02862,CUST1276,PROD071,11955.65,Net Banking,Success,2026-01-06
TXN02863,CUST0483,PROD018,9311.33,Credit Card,Success,2026-02-06
TXN02864,CUST0244,PROD058,12568.54,UPI,Success,2026-05-29
TXN02865,CUST1811,PROD022,4714.38,Wallet,Success,2026-06-23
TXN02866,CUST0074,PROD091,16288.52,Net Banking,Success,2026-07-15
TXN02867,CUST1688,PROD035,17483.84,Wallet,Success,2026-07-02
TXN02868,CUST0114,PROD086,17793.73,Net Banking,Success,2026-03-13
TXN02869,CUST1190,PROD042,14124.69,Net Banking,Success,2026-01-19
TXN02870,CUST1017,PROD041,6414.72,Wallet,Success,2026-06-01
TXN02871,CUST1677,PROD070,10907.58,UPI,Success,2026-06-25
TXN02872,CUST1534,PROD027,9362.82,Debit Card,Failed,2026-01-17
TXN02873,CUST0133,PROD042,9983.43,Wallet,Failed,2026-01-15
TXN02874,CUST0620,PROD048,10296.57,Net Banking,Success,2026-06-05
TXN02875,CUST0830,PROD071,4359.94,Wallet,Failed,2026-03-09
TXN02876,CUST0908,PROD053,4266.19,Credit Card,Success,2026-01-06
TXN02877,CUST1404,PROD062,8092.15,Credit Card,Failed,2026-02-08
TXN02878,CUST0818,PROD088,2353.73,Wallet,Success,2026-01-30
TXN02879,CUST1295,PROD043,14816.91,Wallet,Success,2026-05-21
TXN02880,CUST0317,PROD073,13011.41,Wallet,Success,2026-05-19
TXN02881,CUST1736,PROD084,15725.93,Wallet,Success,2026-01-26
TXN02882,CUST1671,PROD004,13047.35,UPI,Success,2026-05-06
TXN02883,CUST0795,PROD092,15256.42,UPI,Success,2026-06-02
TXN02884,CUST0097,PROD059,11805.5,Net Banking,Success,2026-02-26
TXN02885,CUST1208,PROD072,3050.77,Wallet,Success,2026-05-22
TXN02886,CUST0459,PROD036,18124.72,Net Banking,Success,2026-05-11
TXN02887,CUST1245,PROD059,18442.14,Debit Card,Success,2026-03-04
TXN02888,CUST0862,PROD063,6692.49,Wallet,Success,2026-05-11
TXN02889,CUST1766,PROD067,15702.22,Credit Card,Success,2026-08-10
TXN02890,CUST0693,PROD046,13872.24,Net Banking,Success,2026-01-04
TXN02891,CUST0484,PROD095,2210.91,Credit Card,Success,2026-02-13
TXN02892,CUST0662,PROD043,6937.22,Debit Card,Success,2026-01-11
TXN02893,CUST1385,PROD005,7278.03,UPI,Failed,2026-06-14
TXN02894,CUST0980,PROD080,12149.38,Credit Card,Failed,2026-08-13
TXN02895,CUST0561,PROD091,16478.93,UPI,Success,2026-03-09
TXN02896,CUST0753,PROD066,10840.42,UPI,Success,2026-01-27
TXN02897,CUST0131,PROD040,17777.73,UPI,Success,2026-01-14
TXN02898,CUST1918,PROD030,19559.98,Debit Card,Success,2026-07-23
TXN02899,CUST0407,PROD052,10807.93,UPI,Success,2026-04-24
TXN02900,CUST1286,PROD097,7992.17,Wallet,Failed,2026-07-18
TXN02901,CUST0153,PROD096,941.99,Net Banking,Success,2026-06-13
TXN02902,CUST1266,PROD058,10846.99,Credit Card,Success,2026-08-12
TXN02903,CUST1309,PROD039,16125.07,Debit Card,Success,2026-06-10
TXN02904,CUST0874,PROD066,5980.07,Net Banking,Failed,2026-04-16
TXN02905,CUST1660,PROD038,689.85,Credit Card,Success,2026-07-14
TXN02906,CUST1487,PROD055,19084.82,UPI,Success,2026-07-28
TXN02907,CUST0885,PROD028,18765.11,Debit Card,Success,2026-06-06
TXN02908,CUST0448,PROD098,10072.46,Credit Card,Success,2026-06-19
TXN02909,CUST0728,PROD075,18909.09,Net Banking,Success,2026-04-04
TXN02910,CUST1232,PROD091,13453.33,Net Banking,Success,2026-06-19
TXN02911,CUST0214,PROD066,7991.36,Credit Card,Success,2026-05-24
TXN02912,CUST0280,PROD073,16631.35,Wallet,Success,2026-03-26
TXN02913,CUST1888,PROD091,13305.4,Credit Card,Success,2026-06-14
TXN02914,CUST0465,PROD023,6141.7,Debit Card,Success,2026-04-07
TXN02915,CUST1127,PROD045,12611.21,Wallet,Success,2026-03-07
TXN02916,CUST1195,PROD056,15982.52,Net Banking,Success,2026-01-07
TXN02917,CUST0615,PROD038,15935.24,Net Banking,Success,2026-08-05
TXN02918,CUST0797,PROD023,14597.68,Wallet,Success,2026-03-30
TXN02919,CUST1116,PROD037,13075.97,Net Banking,Success,2026-06-10
TXN02920,CUST1518,PROD079,2475.11,Net Banking,Success,2026-01-17
TXN02921,CUST0690,PROD002,18976.43,Credit Card,Success,2026-08-18
TXN02922,CUST1052,PROD086,2062.06,Wallet,Success,2026-05-25
TXN02923,CUST1323,PROD037,17846.56,Credit Card,Success,2026-01-26
TXN02924,CUST1716,PROD036,13419.4,UPI,Failed,2026-04-09
TXN02925,CUST0523,PROD072,4227.23,Net Banking,Success,2026-05-05
TXN02926,CUST0053,PROD095,19925.23,Credit Card,Failed,2026-06-01
TXN02927,CUST0830,PROD037,13355.87,Credit Card,Success,2026-03-03
TXN02928,CUST1663,PROD020,8610.1,Debit Card,Success,2026-08-07
TXN02929,CUST1178,PROD093,12987.03,Credit Card,Success,2026-04-09
TXN02930,CUST1143,PROD025,8429.2,Net Banking,Success,2026-04-26
TXN02931,CUST1229,PROD096,7675.57,Net Banking,Success,2026-04-17
TXN02932,CUST1951,PROD010,229.61,Net Banking,Success,2026-03-22
TXN02933,CUST0570,PROD023,16263.89,Credit Card,Success,2026-01-09
TXN02934,CUST0274,PROD088,14039.18,Debit Card,Failed,2026-02-26
TXN02935,CUST1206,PROD070,984.43,Credit Card,Success,2026-08-19
TXN02936,CUST1991,PROD055,11163.79,Net Banking,Success,2026-08-17
TXN02937,CUST0734,PROD080,14859.31,Net Banking,Success,2026-01-25
TXN02938,CUST1259,PROD010,6682.48,Debit Card,Success,2026-06-12
TXN02939,CUST1668,PROD052,2581.89,UPI,Failed,2026-03-17
TXN02940,CUST0337,PROD028,5057.2,Debit Card,Success,2026-08-08
TXN02941,CUST0938,PROD039,17059.03,Net Banking,Success,2026-04-03
TXN02942,CUST0287,PROD049,16308.41,Wallet,Success,2026-01-29
TXN02943,CUST0505,PROD063,15081.84,Credit Card,Success,2026-04-08
TXN02944,CUST1163,PROD075,15689.44,Net Banking,Failed,2026-04-02
TXN02945,CUST1298,PROD043,7249.1,Credit Card,Success,2026-07-14
TXN02946,CUST0996,PROD088,8885.7,Debit Card,Success,2026-08-06
TXN02947,CUST0612,PROD078,1090.63,Wallet,Success,2026-02-25
TXN02948,CUST0006,PROD023,14910.43,Debit Card,Success,2026-03-27
TXN02949,CUST1493,PROD093,19579.64,Debit Card,Success,2026-08-01
TXN02950,CUST1896,PROD088,5265.2,Net Banking,Success,2026-05-21
TXN02951,CUST0289,PROD024,10762.21,Credit Card,Failed,2026-05-18
TXN02952,CUST0002,PROD039,9482.68,Credit Card,Success,2026-03-03
TXN02953,CUST0518,PROD047,5664.67,UPI,Success,2026-07-07
TXN02954,CUST1407,PROD062,5989.73,Credit Card,Success,2026-08-01
TXN02955,CUST0733,PROD012,2466.24,Wallet,Success,2026-06-28
TXN02956,CUST1078,PROD067,9437.82,Debit Card,Success,2026-07-30
TXN02957,CUST0131,PROD018,17522.0,Debit Card,Success,2026-01-03
TXN02958,CUST1195,PROD042,5851.21,Net Banking,Success,2026-04-23
TXN02959,CUST0871,PROD013,10373.89,Wallet,Success,2026-01-14
TXN02960,CUST1029,PROD007,1383.54,Wallet,Success,2026-07-05
TXN02961,CUST1977,PROD032,1898.33,Wallet,Success,2026-02-22
TXN02962,CUST0665,PROD012,18778.71,Credit Card,Success,2026-03-06
TXN02963,CUST0986,PROD069,8368.55,UPI,Success,2026-06-11
TXN02964,CUST0996,PROD071,1736.8,UPI,Success,2026-04-27
TXN02965,CUST1260,PROD086,8226.71,Debit Card,Success,2026-05-15
TXN02966,CUST0617,PROD017,6747.24,UPI,Success,2026-04-27
TXN02967,CUST1316,PROD071,13103.62,Credit Card,Success,2026-01-01
TXN02968,CUST1684,PROD075,13199.6,UPI,Success,2026-03-04
TXN02969,CUST1930,PROD034,3748.28,Credit Card,Success,2026-07-10
TXN02970,CUST0828,PROD005,1245.32,UPI,Success,2026-02-19
TXN02971,CUST1964,PROD065,8748.4,Debit Card,Success,2026-03-27
TXN02972,CUST1383,PROD042,18327.15,Credit Card,Success,2026-02-05
TXN02973,CUST1518,PROD013,2097.59,Credit Card,Success,2026-07-21
TXN02974,CUST0827,PROD053,9711.91,Debit Card,Success,2026-01-27
TXN02975,CUST0525,PROD041,14823.0,Credit Card,Success,2026-05-25
TXN02976,CUST0196,PROD052,8603.41,Credit Card,Failed,2026-03-05
TXN02977,CUST0289,PROD017,2886.53,Debit Card,Success,2026-02-04
TXN02978,CUST0065,PROD041,4795.72,Credit Card,Success,2026-05-31
TXN02979,CUST1362,PROD023,1134.39,Credit Card,Success,2026-04-07
TXN02980,CUST0196,PROD085,14835.37,UPI,Success,2026-07-13
TXN02981,CUST0234,PROD098,4313.14,Debit Card,Success,2026-05-17
TXN02982,CUST0458,PROD074,2200.37,Credit Card,Success,2026-02-28
TXN02983,CUST0372,PROD067,7700.88,Credit Card,Success,2026-01-30
TXN02984,CUST0499,PROD094,12034.56,Net Banking,Success,2026-03-27
TXN02985,CUST0683,PROD017,4488.25,Wallet,Success,2026-02-17
TXN02986,CUST0612,PROD099,16122.31,Net Banking,Success,2026-06-06
TXN02987,CUST1625,PROD001,3630.6,Wallet,Success,2026-05-30
TXN02988,CUST0880,PROD025,5498.93,UPI,Failed,2026-07-10
TXN02989,CUST1948,PROD046,5100.84,Net Banking,Success,2026-07-12
TXN02990,CUST1281,PROD032,5679.21,Wallet,Success,2026-05-27
TXN02991,CUST0364,PROD080,9543.57,Debit Card,Success,2026-03-01
TXN02992,CUST1710,PROD100,2023.88,Credit Card,Success,2026-06-26
TXN02993,CUST1966,PROD052,7544.34,Wallet,Success,2026-03-27
TXN02994,CUST0548,PROD063,15327.81,Credit Card,Success,2026-04-10
TXN02995,CUST1613,PROD032,17472.28,UPI,Failed,2026-05-11
TXN02996,CUST1877,PROD054,8446.48,Debit Card,Success,2026-01-27
TXN02997,CUST1604,PROD048,4539.67,Wallet,Success,2026-04-14
TXN02998,CUST0327,PROD037,17587.51,Debit Card,Success,2026-07-19
TXN02999,CUST0890,PROD093,6492.06,Debit Card,Success,2026-03-01
TXN03000,CUST1150,PROD075,14035.09,Net Banking,Success,2026-06-29
TXN03001,CUST1561,PROD082,17637.78,Wallet,Success,2026-05-28
TXN03002,CUST1532,PROD032,3251.1,Net Banking,Success,2026-02-21
TXN03003,CUST1892,PROD076,3184.54,Debit Card,Success,2026-01-27
TXN03004,CUST0168,PROD021,12890.88,Net Banking,Success,2026-08-10
TXN03005,CUST1526,PROD081,11031.64,Debit Card,Success,2026-02-27
TXN03006,CUST0436,PROD085,5875.06,Debit Card,Failed,2026-05-21
TXN03007,CUST1535,PROD055,5077.75,UPI,Success,2026-05-28
TXN03008,CUST1608,PROD013,7987.27,Credit Card,Success,2026-05-18
TXN03009,CUST1159,PROD061,11886.71,Wallet,Failed,2026-03-02
TXN03010,CUST1541,PROD098,11018.3,UPI,Success,2026-06-18
TXN03011,CUST0197,PROD046,17236.79,Wallet,Success,2026-06-22
TXN03012,CUST0208,PROD051,17959.36,Credit Card,Success,2026-05-12
TXN03013,CUST0182,PROD004,5047.89,Credit Card,Success,2026-05-08
TXN03014,CUST0268,PROD049,1366.83,Credit Card,Success,2026-06-26
TXN03015,CUST1932,PROD013,5622.62,Net Banking,Success,2026-06-07
TXN03016,CUST1964,PROD071,18095.95,Wallet,Success,2026-01-05
TXN03017,CUST0792,PROD094,5646.95,UPI,Success,2026-02-23
TXN03018,CUST0251,PROD037,8084.99,Wallet,Success,2026-02-20
TXN03019,CUST1604,PROD099,8952.03,Debit Card,Success,2026-02-17
TXN03020,CUST1717,PROD019,15023.57,Credit Card,Success,2026-08-01
TXN03021,CUST1726,PROD090,6071.45,Net Banking,Success,2026-07-12
TXN03022,CUST1879,PROD025,12037.39,Credit Card,Failed,2026-04-28
TXN03023,CUST1763,PROD076,12686.06,UPI,Success,2026-03-18
TXN03024,CUST0810,PROD074,5392.84,UPI,Success,2026-08-05
TXN03025,CUST0372,PROD083,8389.51,Debit Card,Failed,2026-04-09
TXN03026,CUST0943,PROD012,12484.35,UPI,Success,2026-04-26
TXN03027,CUST1397,PROD071,4639.09,Credit Card,Failed,2026-03-26
TXN03028,CUST0228,PROD005,2276.61,UPI,Success,2026-04-10
TXN03029,CUST0717,PROD099,11510.14,Net Banking,Success,2026-01-30
TXN03030,CUST1163,PROD078,5587.75,UPI,Success,2026-05-30
TXN03031,CUST0399,PROD029,4786.15,Credit Card,Success,2026-03-11
TXN03032,CUST1880,PROD086,8501.39,Credit Card,Success,2026-05-04
TXN03033,CUST1093,PROD013,5772.65,Wallet,Failed,2026-07-31
TXN03034,CUST1633,PROD089,5452.98,UPI,Success,2026-07-06
TXN03035,CUST1772,PROD056,9973.75,UPI,Success,2026-02-25
TXN03036,CUST0515,PROD070,2004.59,UPI,Success,2026-04-13
TXN03037,CUST1185,PROD084,14265.47,UPI,Success,2026-06-19
TXN03038,CUST0098,PROD040,13191.91,UPI,Success,2026-02-11
TXN03039,CUST1085,PROD072,16649.72,Net Banking,Success,2026-04-17
TXN03040,CUST0828,PROD070,19985.19,UPI,Failed,2026-07-11
TXN03041,CUST1234,PROD006,5079.67,UPI,Success,2026-02-06
TXN03042,CUST0529,PROD065,17927.31,Debit Card,Failed,2026-03-26
TXN03043,CUST0535,PROD020,19928.98,Debit Card,Success,2026-02-23
TXN03044,CUST0153,PROD055,1415.39,Wallet,Success,2026-05-03
TXN03045,CUST0995,PROD076,2173.85,Net Banking,Success,2026-05-20
TXN03046,CUST0164,PROD042,15786.65,UPI,Success,2026-01-26
TXN03047,CUST0238,PROD027,17562.72,UPI,Failed,2026-07-20
TXN03048,CUST1397,PROD040,18539.21,UPI,Success,2026-07-29
TXN03049,CUST0622,PROD060,13446.34,Credit Card,Failed,2026-01-02
TXN03050,CUST1138,PROD084,1947.65,UPI,Success,2026-01-24
TXN03051,CUST1722,PROD069,9295.66,Debit Card,Success,2026-06-11
TXN03052,CUST0280,PROD063,18690.96,Wallet,Success,2026-01-20
TXN03053,CUST1987,PROD056,9633.45,Debit Card,Success,2026-05-11
TXN03054,CUST0780,PROD038,17231.69,Wallet,Success,2026-02-18
TXN03055,CUST0490,PROD071,15814.64,UPI,Success,2026-01-21
TXN03056,CUST0618,PROD079,19418.39,Net Banking,Success,2026-06-18
TXN03057,CUST1603,PROD074,19975.37,Credit Card,Success,2026-02-13
TXN03058,CUST0244,PROD045,5822.39,UPI,Success,2026-01-13
TXN03059,CUST0169,PROD043,4512.34,Net Banking,Failed,2026-01-14
TXN03060,CUST1359,PROD056,19323.07,Net Banking,Success,2026-02-17
TXN03061,CUST0833,PROD071,5214.76,Debit Card,Success,2026-03-30
TXN03062,CUST0662,PROD023,15201.67,Debit Card,Success,2026-05-08
TXN03063,CUST0005,PROD018,12733.33,Net Banking,Success,2026-03-14
TXN03064,CUST1914,PROD091,9437.58,Wallet,Failed,2026-05-19
TXN03065,CUST0566,PROD067,10609.09,Net Banking,Success,2026-04-02
TXN03066,CUST1239,PROD037,10232.33,Credit Card,Success,2026-06-03
TXN03067,CUST0063,PROD048,2298.14,Debit Card,Success,2026-06-10
TXN03068,CUST0925,PROD045,18793.79,Credit Card,Success,2026-04-13
TXN03069,CUST0746,PROD100,10196.34,Credit Card,Success,2026-08-15
TXN03070,CUST0919,PROD082,14543.34,Credit Card,Success,2026-04-27
TXN03071,CUST0828,PROD018,15256.35,Net Banking,Success,2026-04-03
TXN03072,CUST0054,PROD034,7779.08,Net Banking,Success,2026-01-03
TXN03073,CUST1359,PROD006,1843.46,Debit Card,Success,2026-08-08
TXN03074,CUST1718,PROD029,300.85,Net Banking,Failed,2026-07-29
TXN03075,CUST1328,PROD054,17250.69,UPI,Failed,2026-03-08
TXN03076,CUST0912,PROD100,16198.93,UPI,Success,2026-08-13
TXN03077,CUST1984,PROD082,19613.22,Net Banking,Failed,2026-04-16
TXN03078,CUST1228,PROD008,13511.85,UPI,Success,2026-07-25
TXN03079,CUST0278,PROD069,2986.23,Net Banking,Success,2026-05-01
TXN03080,CUST0394,PROD065,14458.28,Debit Card,Success,2026-02-01
TXN03081,CUST0287,PROD030,3027.94,Credit Card,Success,2026-02-07
TXN03082,CUST1139,PROD020,5821.39,Debit Card,Success,2026-05-18
TXN03083,CUST0670,PROD020,10614.97,Wallet,Failed,2026-04-02
TXN03084,CUST1220,PROD039,832.61,UPI,Success,2026-03-11
TXN03085,CUST1488,PROD097,11174.05,Wallet,Success,2026-04-26
TXN03086,CUST0468,PROD048,17820.16,UPI,Success,2026-01-27
TXN03087,CUST0711,PROD086,788.08,Debit Card,Success,2026-08-07
TXN03088,CUST0653,PROD100,18884.85,Credit Card,Failed,2026-02-07
TXN03089,CUST1213,PROD017,18486.01,Net Banking,Success,2026-01-02
TXN03090,CUST0241,PROD082,14064.14,Debit Card,Success,2026-06-20
TXN03091,CUST1140,PROD006,12056.14,Wallet,Success,2026-04-29
TXN03092,CUST0060,PROD017,18547.36,UPI,Success,2026-01-05
TXN03093,CUST1833,PROD039,2226.07,Debit Card,Success,2026-03-15
TXN03094,CUST0618,PROD010,12342.64,Credit Card,Failed,2026-08-12
TXN03095,CUST1559,PROD013,18610.73,Debit Card,Success,2026-03-09
TXN03096,CUST1139,PROD053,16037.38,Credit Card,Failed,2026-03-15
TXN03097,CUST0075,PROD023,1883.05,Wallet,Failed,2026-05-11
TXN03098,CUST0458,PROD003,7833.41,Debit Card,Success,2026-07-13
TXN03099,CUST1870,PROD072,12921.01,Credit Card,Success,2026-01-07
TXN03100,CUST1144,PROD075,15507.56,Credit Card,Success,2026-06-20
TXN03101,CUST0455,PROD085,12487.19,Net Banking,Success,2026-07-03
TXN03102,CUST1908,PROD031,16475.98,Wallet,Failed,2026-04-14
TXN03103,CUST0029,PROD041,16323.56,Debit Card,Success,2026-05-22
TXN03104,CUST1874,PROD064,15728.11,Wallet,Success,2026-06-01
TXN03105,CUST1430,PROD099,612.95,Debit Card,Success,2026-07-14
TXN03106,CUST1180,PROD095,213.12,Wallet,Success,2026-04-18
TXN03107,CUST1161,PROD082,1167.01,Debit Card,Success,2026-03-18
TXN03108,CUST1065,PROD078,16059.85,UPI,Success,2026-04-20
TXN03109,CUST0137,PROD094,1159.72,Net Banking,Success,2026-03-26
TXN03110,CUST0493,PROD030,9156.47,Debit Card,Success,2026-03-11
TXN03111,CUST1831,PROD006,1843.29,Credit Card,Success,2026-03-23
TXN03112,CUST0849,PROD012,18543.58,Wallet,Success,2026-04-18
TXN03113,CUST0613,PROD076,17998.58,Credit Card,Success,2026-01-15
TXN03114,CUST0451,PROD082,605.81,Credit Card,Success,2026-03-13
TXN03115,CUST1481,PROD052,12396.11,Wallet,Success,2026-02-11
TXN03116,CUST0606,PROD035,6165.62,Net Banking,Success,2026-07-18
TXN03117,CUST0662,PROD002,10723.77,Credit Card,Success,2026-06-22
TXN03118,CUST1524,PROD019,18038.89,Credit Card,Success,2026-02-14
TXN03119,CUST1050,PROD001,15382.49,UPI,Success,2026-03-12
TXN03120,CUST1453,PROD017,6294.72,Debit Card,Success,2026-07-04
TXN03121,CUST0506,PROD051,12086.98,Wallet,Success,2026-03-25
TXN03122,CUST0646,PROD059,5779.41,UPI,Success,2026-05-30
TXN03123,CUST0357,PROD064,11349.37,UPI,Success,2026-04-07
TXN03124,CUST0569,PROD022,7504.67,Credit Card,Success,2026-01-16
TXN03125,CUST0454,PROD085,3059.1,Debit Card,Failed,2026-07-23
TXN03126,CUST0597,PROD046,3789.41,UPI,Success,2026-02-26
TXN03127,CUST1311,PROD069,18448.13,Wallet,Success,2026-02-05
TXN03128,CUST0464,PROD006,5734.78,Credit Card,Failed,2026-08-01
TXN03129,CUST0892,PROD051,3839.66,Wallet,Failed,2026-08-14
TXN03130,CUST0186,PROD057,3327.05,Debit Card,Success,2026-05-05
TXN03131,CUST1230,PROD018,16618.56,Debit Card,Success,2026-01-07
TXN03132,CUST0835,PROD060,10923.17,Credit Card,Success,2026-07-16
TXN03133,CUST0736,PROD088,4966.61,Net Banking,Success,2026-02-15
TXN03134,CUST1238,PROD027,9601.81,UPI,Success,2026-08-02
TXN03135,CUST0454,PROD017,16424.25,UPI,Success,2026-07-12
TXN03136,CUST0249,PROD030,11810.11,UPI,Success,2026-05-09
TXN03137,CUST1089,PROD100,18764.9,UPI,Success,2026-04-02
TXN03138,CUST0310,PROD006,8476.14,Wallet,Success,2026-06-21
TXN03139,CUST0218,PROD074,4939.32,Credit Card,Success,2026-03-04
TXN03140,CUST1268,PROD029,9890.3,UPI,Failed,2026-05-05
TXN03141,CUST0127,PROD001,1351.07,Credit Card,Failed,2026-01-06
TXN03142,CUST1328,PROD044,8719.68,Credit Card,Success,2026-04-07
TXN03143,CUST1724,PROD044,7656.14,Debit Card,Success,2026-07-03
TXN03144,CUST0132,PROD066,14851.25,Wallet,Success,2026-04-01
TXN03145,CUST0006,PROD094,9100.04,Credit Card,Success,2026-06-09
TXN03146,CUST0001,PROD037,15919.65,Credit Card,Success,2026-03-30
TXN03147,CUST1522,PROD030,1840.31,Net Banking,Success,2026-04-09
TXN03148,CUST1877,PROD069,15413.91,Debit Card,Success,2026-03-14
TXN03149,CUST0594,PROD057,14731.55,Credit Card,Success,2026-08-03
TXN03150,CUST0027,PROD095,2541.74,Debit Card,Success,2026-03-17
TXN03151,CUST1388,PROD079,14046.13,UPI,Success,2026-01-27
TXN03152,CUST1995,PROD064,8672.58,Net Banking,Success,2026-04-18
TXN03153,CUST0120,PROD045,3700.54,Net Banking,Success,2026-05-01
TXN03154,CUST0257,PROD004,15718.32,Wallet,Success,2026-02-10
TXN03155,CUST1683,PROD090,13030.46,Wallet,Success,2026-05-03
TXN03156,CUST0834,PROD085,1668.75,Wallet,Success,2026-07-04
TXN03157,CUST0320,PROD017,5068.95,UPI,Success,2026-06-22
TXN03158,CUST0980,PROD081,11032.47,UPI,Success,2026-04-24
TXN03159,CUST1289,PROD062,12725.7,Debit Card,Success,2026-02-22
TXN03160,CUST0278,PROD020,4128.77,UPI,Failed,2026-05-05
TXN03161,CUST0729,PROD075,3275.18,Credit Card,Success,2026-08-11
TXN03162,CUST1677,PROD082,10432.97,Wallet,Success,2026-03-14
TXN03163,CUST0849,PROD029,18249.97,UPI,Success,2026-01-22
TXN03164,CUST1733,PROD020,12204.23,UPI,Success,2026-02-19
TXN03165,CUST0060,PROD096,5047.86,Debit Card,Success,2026-08-01
TXN03166,CUST1167,PROD097,10849.91,Credit Card,Success,2026-06-28
TXN03167,CUST1440,PROD090,1648.36,Debit Card,Success,2026-02-06
TXN03168,CUST0706,PROD077,13242.37,Net Banking,Success,2026-05-09
TXN03169,CUST1255,PROD027,2710.84,Wallet,Success,2026-05-03
TXN03170,CUST0212,PROD063,13250.4,Net Banking,Success,2026-02-21
TXN03171,CUST0702,PROD073,1617.25,Credit Card,Failed,2026-03-29
TXN03172,CUST0286,PROD006,2066.1,Debit Card,Success,2026-07-19
TXN03173,CUST1669,PROD050,16115.8,Net Banking,Success,2026-02-11
TXN03174,CUST0600,PROD024,8735.44,Credit Card,Success,2026-08-10
TXN03175,CUST0131,PROD019,9859.46,Debit Card,Success,2026-03-13
TXN03176,CUST0452,PROD032,9882.38,Debit Card,Success,2026-08-02
TXN03177,CUST0644,PROD097,7840.88,Net Banking,Success,2026-05-01
TXN03178,CUST1084,PROD057,10323.92,Net Banking,Success,2026-05-31
TXN03179,CUST0338,PROD036,16320.09,Debit Card,Success,2026-05-28
TXN03180,CUST1701,PROD016,629.27,Credit Card,Success,2026-04-15
TXN03181,CUST0012,PROD053,11656.17,Net Banking,Success,2026-05-26
TXN03182,CUST0785,PROD069,18590.42,UPI,Success,2026-08-08
TXN03183,CUST1677,PROD087,1273.89,Credit Card,Success,2026-04-18
TXN03184,CUST1794,PROD054,14277.05,Wallet,Success,2026-02-15
TXN03185,CUST1515,PROD041,14102.64,Net Banking,Failed,2026-06-07
TXN03186,CUST1593,PROD028,5296.53,Debit Card,Success,2026-08-13
TXN03187,CUST0150,PROD017,11595.45,Net Banking,Success,2026-03-19
TXN03188,CUST1846,PROD001,3883.72,Credit Card,Success,2026-07-21
TXN03189,CUST1829,PROD064,9337.09,UPI,Success,2026-08-08
TXN03190,CUST1866,PROD045,19454.82,Wallet,Success,2026-07-05
TXN03191,CUST1758,PROD018,7596.89,Wallet,Success,2026-08-10
TXN03192,CUST1430,PROD084,1228.4,Credit Card,Success,2026-01-07
TXN03193,CUST1331,PROD079,10688.06,Debit Card,Success,2026-01-24
TXN03194,CUST1138,PROD088,16849.34,Credit Card,Success,2026-02-06
TXN03195,CUST0911,PROD083,14676.5,UPI,Failed,2026-02-09
TXN03196,CUST1431,PROD091,5540.58,Net Banking,Success,2026-01-17
TXN03197,CUST0820,PROD099,14650.91,Net Banking,Success,2026-01-04
TXN03198,CUST0834,PROD081,4550.25,Wallet,Success,2026-02-05
TXN03199,CUST0411,PROD001,2433.91,Credit Card,Success,2026-02-05
TXN03200,CUST1683,PROD007,17848.56,Wallet,Success,2026-07-04
TXN03201,CUST1031,PROD035,2704.7,Debit Card,Failed,2026-07-29
TXN03202,CUST0417,PROD027,19858.45,Net Banking,Success,2026-02-24
TXN03203,CUST1384,PROD074,7744.31,Wallet,Success,2026-07-22
TXN03204,CUST1923,PROD089,10897.1,Net Banking,Success,2026-04-14
TXN03205,CUST1429,PROD027,7747.57,Debit Card,Success,2026-08-07
TXN03206,CUST1243,PROD037,17834.92,Wallet,Success,2026-08-13
TXN03207,CUST0050,PROD072,19710.36,Debit Card,Failed,2026-04-18
TXN03208,CUST1465,PROD007,2451.75,Credit Card,Success,2026-02-18
TXN03209,CUST1274,PROD048,15319.24,Wallet,Success,2026-01-24
TXN03210,CUST0767,PROD007,16532.43,UPI,Success,2026-08-16
TXN03211,CUST0222,PROD043,5977.12,Net Banking,Success,2026-01-29
TXN03212,CUST1612,PROD068,14364.83,UPI,Failed,2026-08-18
TXN03213,CUST1798,PROD007,4491.4,Wallet,Failed,2026-05-15
TXN03214,CUST1309,PROD097,14619.41,Debit Card,Success,2026-01-10
TXN03215,CUST1307,PROD009,1412.77,Debit Card,Success,2026-01-16
TXN03216,CUST0131,PROD045,8232.2,Wallet,Success,2026-08-17
TXN03217,CUST0156,PROD088,4428.82,Credit Card,Failed,2026-03-26
TXN03218,CUST1300,PROD084,2239.95,Credit Card,Success,2026-05-12
TXN03219,CUST0636,PROD059,6530.43,UPI,Success,2026-05-10
TXN03220,CUST0087,PROD080,12855.4,Net Banking,Failed,2026-01-27
TXN03221,CUST1908,PROD041,7752.38,UPI,Success,2026-04-25
TXN03222,CUST1722,PROD058,11068.51,UPI,Failed,2026-01-10
TXN03223,CUST0077,PROD020,17793.83,UPI,Success,2026-07-22
TXN03224,CUST1838,PROD078,10636.88,Credit Card,Success,2026-05-24
TXN03225,CUST1438,PROD014,8831.44,Debit Card,Failed,2026-01-28
TXN03226,CUST1901,PROD050,8601.01,Wallet,Success,2026-07-24
TXN03227,CUST0232,PROD011,11461.25,Net Banking,Success,2026-05-01
TXN03228,CUST0730,PROD075,14769.69,Credit Card,Success,2026-05-14
TXN03229,CUST0328,PROD053,1500.32,UPI,Success,2026-08-11
TXN03230,CUST1772,PROD004,6790.22,Credit Card,Success,2026-05-18
TXN03231,CUST0389,PROD033,7259.43,UPI,Failed,2026-05-19
TXN03232,CUST0713,PROD055,6677.55,Credit Card,Failed,2026-06-30
TXN03233,CUST0757,PROD032,7421.97,Credit Card,Failed,2026-03-03
TXN03234,CUST1344,PROD076,15455.18,Credit Card,Success,2026-05-11
TXN03235,CUST0327,PROD050,8123.56,UPI,Success,2026-02-06
TXN03236,CUST1855,PROD100,14067.9,Wallet,Success,2026-03-27
TXN03237,CUST0137,PROD088,6738.97,Debit Card,Success,2026-07-28
TXN03238,CUST0877,PROD071,9800.57,Credit Card,Success,2026-08-11
TXN03239,CUST1669,PROD100,4207.4,Wallet,Success,2026-02-08
TXN03240,CUST0419,PROD021,18038.81,Credit Card,Success,2026-04-29
TXN03241,CUST1545,PROD050,8713.95,Credit Card,Success,2026-05-24
TXN03242,CUST0649,PROD009,12831.83,UPI,Success,2026-07-27
TXN03243,CUST0656,PROD017,17520.8,Debit Card,Success,2026-04-05
TXN03244,CUST0219,PROD031,287.48,Net Banking,Success,2026-05-20
TXN03245,CUST1928,PROD001,10796.38,Net Banking,Success,2026-05-25
TXN03246,CUST1815,PROD093,16878.93,Net Banking,Success,2026-06-13
TXN03247,CUST1138,PROD092,16923.3,Net Banking,Success,2026-05-04
TXN03248,CUST0934,PROD096,19012.5,UPI,Failed,2026-01-30
TXN03249,CUST0600,PROD018,6516.98,Net Banking,Failed,2026-06-27
TXN03250,CUST1888,PROD050,4128.71,Wallet,Success,2026-07-19
TXN03251,CUST0018,PROD057,18166.52,UPI,Success,2026-02-07
TXN03252,CUST1695,PROD019,14383.29,Credit Card,Success,2026-03-13
TXN03253,CUST0605,PROD087,5947.29,UPI,Success,2026-02-25
TXN03254,CUST1514,PROD085,9771.88,Net Banking,Success,2026-07-30
TXN03255,CUST0193,PROD097,12457.06,Net Banking,Success,2026-07-20
TXN03256,CUST1389,PROD075,11734.77,UPI,Success,2026-05-02
TXN03257,CUST0748,PROD091,12276.3,Net Banking,Success,2026-03-31
TXN03258,CUST1577,PROD059,8253.05,Wallet,Failed,2026-01-11
TXN03259,CUST1482,PROD088,7677.03,Credit Card,Success,2026-08-07
TXN03260,CUST0589,PROD100,5467.08,Wallet,Success,2026-01-05
TXN03261,CUST0312,PROD021,18736.15,Debit Card,Success,2026-08-03
TXN03262,CUST1382,PROD049,13706.59,Credit Card,Success,2026-04-04
TXN03263,CUST1279,PROD026,19152.32,Credit Card,Success,2026-02-16
TXN03264,CUST1187,PROD010,15252.73,Wallet,Success,2026-03-04
TXN03265,CUST0940,PROD003,7364.55,Net Banking,Success,2026-03-14
TXN03266,CUST0863,PROD007,15292.81,Net Banking,Failed,2026-03-27
TXN03267,CUST0235,PROD011,18175.88,UPI,Success,2026-03-26
TXN03268,CUST0090,PROD009,8059.92,Credit Card,Success,2026-08-01
TXN03269,CUST0019,PROD004,10177.6,Net Banking,Success,2026-02-04
TXN03270,CUST1148,PROD074,14411.8,Debit Card,Success,2026-06-21
TXN03271,CUST1864,PROD044,12037.89,Wallet,Success,2026-08-10
TXN03272,CUST0452,PROD041,5922.64,Credit Card,Success,2026-05-09
TXN03273,CUST1008,PROD012,12082.44,Debit Card,Failed,2026-01-28
TXN03274,CUST0826,PROD061,11488.66,Debit Card,Success,2026-07-29
TXN03275,CUST0497,PROD091,10206.07,Net Banking,Success,2026-04-16
TXN03276,CUST1391,PROD031,16283.8,Credit Card,Success,2026-01-06
TXN03277,CUST1931,PROD064,13914.93,Net Banking,Success,2026-07-29
TXN03278,CUST0748,PROD019,15617.87,Debit Card,Success,2026-02-06
TXN03279,CUST1104,PROD043,5424.62,Wallet,Success,2026-08-16
TXN03280,CUST1476,PROD064,13462.25,UPI,Success,2026-03-16
TXN03281,CUST1661,PROD005,13846.28,Credit Card,Success,2026-07-08
TXN03282,CUST1119,PROD051,13348.6,Debit Card,Success,2026-01-23
TXN03283,CUST1618,PROD003,6528.66,UPI,Failed,2026-05-31
TXN03284,CUST1569,PROD044,5740.11,Credit Card,Success,2026-07-30
TXN03285,CUST1797,PROD015,8132.76,Credit Card,Success,2026-06-16
TXN03286,CUST1801,PROD083,13982.27,Credit Card,Success,2026-02-20
TXN03287,CUST1841,PROD054,16931.31,Net Banking,Failed,2026-02-25
TXN03288,CUST1460,PROD098,16685.6,UPI,Success,2026-02-21
TXN03289,CUST1858,PROD008,1325.92,Wallet,Success,2026-01-10
TXN03290,CUST1078,PROD077,11855.16,Wallet,Success,2026-01-17
TXN03291,CUST1068,PROD015,14596.94,Debit Card,Failed,2026-07-27
TXN03292,CUST1981,PROD006,3635.11,Credit Card,Success,2026-06-14
TXN03293,CUST1432,PROD036,1476.49,Wallet,Success,2026-05-20
TXN03294,CUST1280,PROD088,1201.33,Credit Card,Success,2026-07-09
TXN03295,CUST1892,PROD034,14184.29,Net Banking,Success,2026-06-12
TXN03296,CUST0870,PROD012,5000.34,Net Banking,Success,2026-04-17
TXN03297,CUST1094,PROD083,689.7,UPI,Success,2026-07-21
TXN03298,CUST0281,PROD087,12776.75,UPI,Success,2026-05-14
TXN03299,CUST1748,PROD098,11527.16,Net Banking,Success,2026-07-19
TXN03300,CUST1576,PROD059,16966.72,Debit Card,Success,2026-08-12
TXN03301,CUST0151,PROD012,919.45,Wallet,Success,2026-03-31
TXN03302,CUST1382,PROD100,14885.3,Wallet,Success,2026-01-03
TXN03303,CUST1019,PROD026,12172.27,Wallet,Success,2026-06-08
TXN03304,CUST0286,PROD013,11242.45,Debit Card,Success,2026-02-01
TXN03305,CUST1367,PROD055,12206.8,Net Banking,Success,2026-05-02
TXN03306,CUST1327,PROD004,15197.87,Net Banking,Success,2026-01-27
TXN03307,CUST0875,PROD062,13863.57,Wallet,Success,2026-01-26
TXN03308,CUST0981,PROD051,17420.71,Wallet,Failed,2026-02-02
TXN03309,CUST1660,PROD028,8301.51,Net Banking,Failed,2026-03-02
TXN03310,CUST1078,PROD086,13402.01,UPI,Success,2026-01-07
TXN03311,CUST1801,PROD100,15689.87,Net Banking,Success,2026-02-11
TXN03312,CUST0353,PROD076,3346.52,Net Banking,Success,2026-04-19
TXN03313,CUST0910,PROD066,16649.89,UPI,Failed,2026-05-12
TXN03314,CUST1433,PROD089,4055.38,Net Banking,Success,2026-06-14
TXN03315,CUST1945,PROD051,19792.31,Credit Card,Success,2026-03-25
TXN03316,CUST1128,PROD083,12124.08,Wallet,Failed,2026-08-17
TXN03317,CUST0002,PROD060,5970.39,Credit Card,Success,2026-05-30
TXN03318,CUST1159,PROD069,2302.21,Debit Card,Failed,2026-03-24
TXN03319,CUST0977,PROD062,9404.09,Debit Card,Failed,2026-04-22
TXN03320,CUST1713,PROD064,7727.6,Wallet,Success,2026-01-07
TXN03321,CUST1869,PROD072,7513.28,Wallet,Success,2026-07-09
TXN03322,CUST0650,PROD004,18500.7,Debit Card,Success,2026-07-01
TXN03323,CUST1584,PROD057,2365.34,Net Banking,Success,2026-07-19
TXN03324,CUST0989,PROD071,11737.7,UPI,Success,2026-05-27
TXN03325,CUST1209,PROD046,17374.57,UPI,Failed,2026-03-31
TXN03326,CUST1092,PROD057,1789.52,Debit Card,Failed,2026-01-30
TXN03327,CUST0878,PROD006,1310.43,Debit Card,Success,2026-06-16
TXN03328,CUST0009,PROD092,12148.69,Debit Card,Failed,2026-03-09
TXN03329,CUST1442,PROD082,3782.75,Wallet,Success,2026-04-25
TXN03330,CUST0716,PROD082,9368.5,Credit Card,Success,2026-01-13
TXN03331,CUST1586,PROD019,11875.08,UPI,Success,2026-01-05
TXN03332,CUST1498,PROD020,6929.93,UPI,Failed,2026-01-04
TXN03333,CUST0802,PROD081,915.35,Credit Card,Failed,2026-03-12
TXN03334,CUST1545,PROD003,8149.7,Wallet,Success,2026-06-14
TXN03335,CUST0306,PROD024,3408.61,Credit Card,Success,2026-08-06
TXN03336,CUST1239,PROD027,16452.63,Wallet,Success,2026-06-12
TXN03337,CUST0788,PROD022,17751.42,Net Banking,Success,2026-01-04
TXN03338,CUST0041,PROD018,16285.25,Credit Card,Success,2026-07-21
TXN03339,CUST1334,PROD091,8584.8,Wallet,Success,2026-03-08
TXN03340,CUST0745,PROD031,9497.56,Debit Card,Success,2026-07-22
TXN03341,CUST1429,PROD042,9997.4,UPI,Success,2026-07-20
TXN03342,CUST0625,PROD051,18931.53,Debit Card,Success,2026-06-02
TXN03343,CUST1390,PROD100,18184.68,UPI,Success,2026-03-07
TXN03344,CUST1112,PROD064,15821.92,Debit Card,Success,2026-04-03
TXN03345,CUST1925,PROD048,4533.62,UPI,Success,2026-03-26
TXN03346,CUST0780,PROD084,8696.92,Wallet,Success,2026-05-21
TXN03347,CUST0725,PROD066,4132.81,Debit Card,Failed,2026-07-11
TXN03348,CUST0407,PROD038,11318.97,Credit Card,Success,2026-08-08
TXN03349,CUST1342,PROD071,18905.06,Credit Card,Success,2026-06-11
TXN03350,CUST1705,PROD064,4473.52,Debit Card,Failed,2026-04-11
TXN03351,CUST0642,PROD031,3254.3,Net Banking,Success,2026-08-09
TXN03352,CUST0748,PROD068,9525.79,Wallet,Success,2026-05-11
TXN03353,CUST0500,PROD021,15508.16,Net Banking,Failed,2026-06-16
TXN03354,CUST1149,PROD028,13206.37,Debit Card,Success,2026-06-16
TXN03355,CUST0500,PROD094,8726.35,Debit Card,Failed,2026-06-02
TXN03356,CUST0065,PROD046,670.83,Debit Card,Success,2026-07-05
TXN03357,CUST1638,PROD008,7351.33,UPI,Failed,2026-07-04
TXN03358,CUST0359,PROD069,5528.97,Credit Card,Success,2026-04-29
TXN03359,CUST0105,PROD059,4102.06,Wallet,Success,2026-02-14
TXN03360,CUST1162,PROD006,13999.47,Credit Card,Success,2026-04-25
TXN03361,CUST1858,PROD019,16921.82,Debit Card,Success,2026-06-01
TXN03362,CUST1301,PROD045,13405.7,UPI,Success,2026-06-25
TXN03363,CUST1152,PROD004,1456.03,Debit Card,Failed,2026-02-05
TXN03364,CUST0720,PROD015,7216.08,Credit Card,Success,2026-06-23
TXN03365,CUST0615,PROD044,658.56,Wallet,Success,2026-02-17
TXN03366,CUST0639,PROD027,6999.67,UPI,Success,2026-08-15
TXN03367,CUST1862,PROD060,12013.18,Credit Card,Success,2026-07-17
TXN03368,CUST1538,PROD063,12484.72,Debit Card,Success,2026-08-02
TXN03369,CUST0162,PROD093,14552.69,UPI,Success,2026-01-26
TXN03370,CUST0490,PROD085,7181.34,Debit Card,Success,2026-01-08
TXN03371,CUST0822,PROD046,3856.08,Debit Card,Success,2026-04-28
TXN03372,CUST1130,PROD056,16841.76,Credit Card,Success,2026-04-08
TXN03373,CUST0228,PROD089,1212.03,Net Banking,Success,2026-04-04
TXN03374,CUST1083,PROD025,11169.34,Debit Card,Success,2026-06-23
TXN03375,CUST0600,PROD044,19100.29,Net Banking,Success,2026-03-08
TXN03376,CUST1635,PROD078,16511.18,UPI,Failed,2026-06-10
TXN03377,CUST0476,PROD042,2056.59,Debit Card,Success,2026-05-03
TXN03378,CUST1698,PROD046,6390.76,Credit Card,Success,2026-06-25
TXN03379,CUST1431,PROD005,18491.36,Credit Card,Success,2026-04-17
TXN03380,CUST0382,PROD070,16934.98,Net Banking,Success,2026-04-17
TXN03381,CUST0507,PROD057,5153.56,Credit Card,Success,2026-01-25
TXN03382,CUST1368,PROD041,16643.02,Net Banking,Success,2026-04-06
TXN03383,CUST1559,PROD055,5295.1,Credit Card,Success,2026-01-26
TXN03384,CUST0059,PROD066,5299.26,Wallet,Success,2026-01-31
TXN03385,CUST0804,PROD021,479.49,UPI,Success,2026-06-09
TXN03386,CUST1170,PROD030,1859.96,Net Banking,Success,2026-08-02
TXN03387,CUST0042,PROD031,18474.35,Debit Card,Success,2026-06-03
TXN03388,CUST0893,PROD096,9982.62,Debit Card,Success,2026-01-16
TXN03389,CUST0067,PROD092,6732.62,Wallet,Failed,2026-06-07
TXN03390,CUST0293,PROD017,18304.71,Net Banking,Success,2026-06-30
TXN03391,CUST0467,PROD087,16115.81,Credit Card,Success,2026-02-14
TXN03392,CUST1601,PROD030,16590.14,Wallet,Failed,2026-05-16
TXN03393,CUST1961,PROD005,6309.81,UPI,Success,2026-03-30
TXN03394,CUST1332,PROD020,1332.25,Wallet,Success,2026-04-05
TXN03395,CUST0821,PROD039,7452.1,Credit Card,Failed,2026-08-08
TXN03396,CUST0360,PROD093,4903.42,Debit Card,Success,2026-03-05
TXN03397,CUST0966,PROD047,15388.75,Net Banking,Success,2026-04-24
TXN03398,CUST0379,PROD078,12270.75,Debit Card,Success,2026-01-29
TXN03399,CUST1210,PROD004,15020.04,Debit Card,Success,2026-06-10
TXN03400,CUST1834,PROD011,10522.48,Credit Card,Success,2026-07-01
TXN03401,CUST0510,PROD056,17682.06,Credit Card,Success,2026-04-06
TXN03402,CUST1816,PROD005,13776.38,Credit Card,Failed,2026-08-08
TXN03403,CUST0991,PROD062,2550.31,UPI,Success,2026-06-14
TXN03404,CUST0033,PROD053,3112.13,UPI,Success,2026-05-30
TXN03405,CUST1239,PROD017,7918.57,Debit Card,Success,2026-07-20
TXN03406,CUST1864,PROD058,4429.86,Wallet,Success,2026-02-11
TXN03407,CUST1725,PROD055,2996.84,UPI,Success,2026-06-07
TXN03408,CUST1498,PROD065,9885.6,Wallet,Success,2026-07-29
TXN03409,CUST0321,PROD013,11955.34,Net Banking,Failed,2026-03-05
TXN03410,CUST1843,PROD010,15779.56,Credit Card,Success,2026-04-24
TXN03411,CUST0892,PROD100,9784.12,UPI,Success,2026-07-17
TXN03412,CUST0281,PROD073,10374.13,Net Banking,Success,2026-04-26
TXN03413,CUST0906,PROD083,5981.95,Wallet,Failed,2026-08-06
TXN03414,CUST1722,PROD094,1803.31,Credit Card,Success,2026-08-10
TXN03415,CUST0521,PROD036,6492.36,Credit Card,Success,2026-01-03
TXN03416,CUST0269,PROD100,12994.8,Wallet,Success,2026-07-10
TXN03417,CUST1148,PROD064,11188.04,Credit Card,Success,2026-01-09
TXN03418,CUST1307,PROD045,17633.86,Wallet,Success,2026-02-13
TXN03419,CUST1031,PROD052,9161.26,UPI,Success,2026-04-12
TXN03420,CUST1329,PROD100,1140.98,Wallet,Success,2026-01-03
TXN03421,CUST0560,PROD053,13759.91,Debit Card,Success,2026-04-28
TXN03422,CUST1281,PROD009,10822.1,Credit Card,Success,2026-07-05
TXN03423,CUST1616,PROD055,10925.73,UPI,Success,2026-01-25
TXN03424,CUST1820,PROD032,16636.07,Credit Card,Success,2026-06-20
TXN03425,CUST0354,PROD010,1159.67,Debit Card,Success,2026-07-12
TXN03426,CUST0500,PROD032,5760.18,UPI,Failed,2026-01-16
TXN03427,CUST0636,PROD021,3148.17,Credit Card,Failed,2026-01-26
TXN03428,CUST1347,PROD071,3547.37,Credit Card,Success,2026-07-23
TXN03429,CUST0065,PROD099,11093.43,UPI,Success,2026-02-20
TXN03430,CUST1072,PROD016,14528.56,Net Banking,Success,2026-06-13
TXN03431,CUST0851,PROD002,4903.67,UPI,Success,2026-05-25
TXN03432,CUST0503,PROD095,7731.44,Net Banking,Failed,2026-01-04
TXN03433,CUST1214,PROD091,6263.88,Net Banking,Success,2026-05-05
TXN03434,CUST0378,PROD006,1046.29,Credit Card,Success,2026-04-01
TXN03435,CUST0527,PROD090,14401.97,UPI,Success,2026-07-19
TXN03436,CUST1871,PROD002,9243.69,Credit Card,Success,2026-04-22
TXN03437,CUST1149,PROD047,17452.96,Wallet,Failed,2026-01-08
TXN03438,CUST0657,PROD014,3770.01,UPI,Failed,2026-04-28
TXN03439,CUST0761,PROD011,15342.01,Wallet,Success,2026-08-14
TXN03440,CUST1275,PROD034,16011.24,Debit Card,Success,2026-03-19
TXN03441,CUST1915,PROD047,8522.25,Credit Card,Failed,2026-05-01
TXN03442,CUST0810,PROD045,6900.94,UPI,Failed,2026-07-30
TXN03443,CUST0382,PROD059,8670.16,Credit Card,Success,2026-01-21
TXN03444,CUST0914,PROD094,13750.24,Wallet,Failed,2026-01-30
TXN03445,CUST0851,PROD097,2999.05,Credit Card,Failed,2026-04-19
TXN03446,CUST0726,PROD052,2309.72,Net Banking,Success,2026-07-09
TXN03447,CUST1892,PROD100,8924.26,UPI,Success,2026-02-26
TXN03448,CUST0745,PROD064,4307.97,Credit Card,Failed,2026-01-26
TXN03449,CUST1733,PROD068,9660.98,UPI,Success,2026-03-15
TXN03450,CUST1494,PROD018,4504.83,Debit Card,Success,2026-06-17
TXN03451,CUST1969,PROD009,6178.13,Net Banking,Success,2026-07-21
TXN03452,CUST0361,PROD064,8600.41,Credit Card,Success,2026-07-06
TXN03453,CUST0608,PROD088,2386.91,Net Banking,Success,2026-07-26
TXN03454,CUST1596,PROD013,13747.12,UPI,Success,2026-02-14
TXN03455,CUST0381,PROD038,10324.9,Wallet,Success,2026-01-29
TXN03456,CUST1090,PROD095,8545.66,Net Banking,Success,2026-08-16
TXN03457,CUST0982,PROD004,16866.03,Debit Card,Success,2026-04-10
TXN03458,CUST1104,PROD073,7872.48,Net Banking,Success,2026-05-11
TXN03459,CUST0444,PROD049,11113.89,Credit Card,Success,2026-07-19
TXN03460,CUST0058,PROD036,10917.42,Wallet,Success,2026-05-05
TXN03461,CUST0823,PROD094,4694.86,UPI,Success,2026-08-04
TXN03462,CUST1181,PROD024,14987.04,Wallet,Success,2026-02-07
TXN03463,CUST1355,PROD083,3519.81,Net Banking,Success,2026-01-15
TXN03464,CUST1226,PROD029,5747.16,Debit Card,Success,2026-01-12
TXN03465,CUST0773,PROD096,18745.5,Wallet,Success,2026-02-07
TXN03466,CUST0168,PROD070,9142.92,Wallet,Success,2026-02-02
TXN03467,CUST0576,PROD062,2656.73,UPI,Success,2026-02-19
TXN03468,CUST1099,PROD015,9037.73,Net Banking,Success,2026-05-30
TXN03469,CUST1737,PROD062,6826.38,Wallet,Failed,2026-04-25
TXN03470,CUST1494,PROD094,10508.67,Wallet,Success,2026-03-06
TXN03471,CUST1832,PROD037,11716.38,Wallet,Failed,2026-04-25
TXN03472,CUST0117,PROD041,3392.35,Credit Card,Success,2026-08-11
TXN03473,CUST1005,PROD016,2385.5,Net Banking,Success,2026-05-20
TXN03474,CUST0856,PROD046,10432.32,Wallet,Failed,2026-01-25
TXN03475,CUST1095,PROD085,2219.71,UPI,Success,2026-08-17
TXN03476,CUST0158,PROD064,4382.93,Debit Card,Success,2026-07-25
TXN03477,CUST1765,PROD032,2075.32,Credit Card,Success,2026-04-15
TXN03478,CUST0345,PROD077,9327.77,Debit Card,Success,2026-04-04
TXN03479,CUST1676,PROD023,14947.96,Net Banking,Success,2026-07-12
TXN03480,CUST0858,PROD077,6240.75,Credit Card,Success,2026-04-16
TXN03481,CUST1872,PROD072,10240.91,Wallet,Success,2026-01-23
TXN03482,CUST1077,PROD089,14268.44,Wallet,Failed,2026-06-15
TXN03483,CUST0110,PROD051,10701.95,UPI,Success,2026-02-12
TXN03484,CUST1564,PROD027,12931.44,Net Banking,Success,2026-01-04
TXN03485,CUST0873,PROD064,7091.57,Credit Card,Success,2026-07-23
TXN03486,CUST0797,PROD029,16089.02,Credit Card,Success,2026-06-26
TXN03487,CUST1887,PROD016,16086.14,UPI,Success,2026-03-03
TXN03488,CUST1258,PROD068,6722.57,UPI,Success,2026-05-29
TXN03489,CUST0636,PROD089,12120.62,Credit Card,Success,2026-01-15
TXN03490,CUST1378,PROD021,12107.26,Debit Card,Success,2026-07-11
TXN03491,CUST1057,PROD100,6791.58,Debit Card,Success,2026-02-27
TXN03492,CUST1851,PROD031,13665.63,Wallet,Success,2026-05-31
TXN03493,CUST0314,PROD062,17042.11,Credit Card,Failed,2026-07-07
TXN03494,CUST1295,PROD020,3080.9,Debit Card,Success,2026-03-24
TXN03495,CUST0897,PROD035,1580.85,Credit Card,Success,2026-06-03
TXN03496,CUST1143,PROD009,12661.14,Debit Card,Success,2026-08-04
TXN03497,CUST1777,PROD054,17981.0,Credit Card,Success,2026-01-28
TXN03498,CUST0832,PROD005,2605.98,Net Banking,Success,2026-05-19
TXN03499,CUST1171,PROD077,5370.18,UPI,Success,2026-03-08
TXN03500,CUST1482,PROD099,11186.2,Credit Card,Success,2026-03-23
TXN03501,CUST0643,PROD050,4509.04,Wallet,Success,2026-01-14
TXN03502,CUST0018,PROD099,16059.4,Net Banking,Failed,2026-06-03
TXN03503,CUST1355,PROD095,6885.96,UPI,Failed,2026-06-09
TXN03504,CUST0878,PROD090,13299.72,Wallet,Failed,2026-04-03
TXN03505,CUST0952,PROD018,12666.83,UPI,Failed,2026-07-06
TXN03506,CUST1535,PROD079,12185.96,UPI,Success,2026-02-15
TXN03507,CUST0991,PROD082,15572.72,Debit Card,Success,2026-02-18
TXN03508,CUST0858,PROD052,10262.8,Credit Card,Success,2026-01-18
TXN03509,CUST1973,PROD080,9515.28,Net Banking,Success,2026-04-20
TXN03510,CUST0980,PROD089,2894.49,Credit Card,Success,2026-05-03
TXN03511,CUST1997,PROD002,14185.67,Debit Card,Success,2026-02-16
TXN03512,CUST1333,PROD022,12997.52,Debit Card,Success,2026-07-08
TXN03513,CUST1410,PROD079,10599.17,Credit Card,Success,2026-07-22
TXN03514,CUST0844,PROD087,18264.78,Credit Card,Success,2026-02-17
TXN03515,CUST0641,PROD040,18055.39,Wallet,Success,2026-01-25
TXN03516,CUST1329,PROD040,5945.75,Debit Card,Failed,2026-02-13
TXN03517,CUST1788,PROD035,3274.97,UPI,Success,2026-06-21
TXN03518,CUST1420,PROD036,5044.08,Debit Card,Success,2026-08-03
TXN03519,CUST1429,PROD077,6291.48,Debit Card,Success,2026-04-16
TXN03520,CUST0242,PROD086,14769.6,UPI,Success,2026-04-20
TXN03521,CUST0854,PROD036,359.67,Wallet,Success,2026-07-25
TXN03522,CUST0212,PROD040,10000.86,Wallet,Failed,2026-02-19
TXN03523,CUST1270,PROD091,1486.08,Net Banking,Success,2026-02-19
TXN03524,CUST0656,PROD040,16650.2,Debit Card,Success,2026-02-04
TXN03525,CUST0192,PROD088,12742.07,Wallet,Success,2026-01-15
TXN03526,CUST0790,PROD010,13414.47,UPI,Success,2026-07-30
TXN03527,CUST1317,PROD026,6502.46,Wallet,Success,2026-03-23
TXN03528,CUST0372,PROD096,11642.56,UPI,Success,2026-02-14
TXN03529,CUST0496,PROD062,7768.17,Net Banking,Failed,2026-04-08
TXN03530,CUST1360,PROD055,12078.98,Credit Card,Failed,2026-07-18
TXN03531,CUST0711,PROD030,4787.91,UPI,Failed,2026-04-09
TXN03532,CUST0513,PROD012,16728.33,Wallet,Success,2026-06-10
TXN03533,CUST1247,PROD087,521.6,Credit Card,Success,2026-06-09
TXN03534,CUST0260,PROD036,13143.36,Credit Card,Success,2026-08-08
TXN03535,CUST0005,PROD049,8607.87,Wallet,Success,2026-02-15
TXN03536,CUST0554,PROD053,3988.05,Debit Card,Failed,2026-07-26
TXN03537,CUST1104,PROD078,4755.43,Debit Card,Success,2026-03-02
TXN03538,CUST0968,PROD048,2230.05,Wallet,Success,2026-07-08
TXN03539,CUST0894,PROD079,5237.16,Wallet,Success,2026-01-10
TXN03540,CUST1590,PROD047,16276.32,Debit Card,Success,2026-02-14
TXN03541,CUST1490,PROD072,3696.58,Credit Card,Failed,2026-06-08
TXN03542,CUST0676,PROD044,612.31,Credit Card,Success,2026-03-10
TXN03543,CUST1682,PROD003,11636.83,Credit Card,Failed,2026-03-30
TXN03544,CUST1298,PROD067,16177.82,Wallet,Success,2026-04-06
TXN03545,CUST1801,PROD062,16901.85,UPI,Success,2026-08-10
TXN03546,CUST1166,PROD055,16172.04,Net Banking,Success,2026-06-04
TXN03547,CUST0670,PROD027,6589.78,Net Banking,Success,2026-01-25
TXN03548,CUST0673,PROD006,5320.56,Wallet,Failed,2026-02-01
TXN03549,CUST0413,PROD001,945.18,Wallet,Success,2026-06-01
TXN03550,CUST0562,PROD018,11099.48,Credit Card,Success,2026-04-27
TXN03551,CUST0584,PROD095,14648.57,Net Banking,Success,2026-06-15
TXN03552,CUST1058,PROD056,8708.05,Wallet,Failed,2026-05-31
TXN03553,CUST1187,PROD034,9248.31,UPI,Success,2026-04-15
TXN03554,CUST1435,PROD083,640.53,Net Banking,Failed,2026-08-10
TXN03555,CUST0106,PROD011,16956.33,Net Banking,Success,2026-06-09
TXN03556,CUST0166,PROD004,19274.8,Wallet,Success,2026-02-25
TXN03557,CUST1631,PROD092,18660.37,UPI,Success,2026-04-25
TXN03558,CUST0804,PROD062,16619.53,Net Banking,Success,2026-04-18
TXN03559,CUST0001,PROD084,6906.39,Wallet,Success,2026-05-19
TXN03560,CUST1933,PROD003,13787.25,Net Banking,Success,2026-04-09
TXN03561,CUST0535,PROD073,17759.0,Credit Card,Success,2026-06-24
TXN03562,CUST0582,PROD089,4308.25,Wallet,Success,2026-04-05
TXN03563,CUST1179,PROD067,6687.79,Debit Card,Success,2026-08-15
TXN03564,CUST1556,PROD003,12985.12,Net Banking,Success,2026-07-20
TXN03565,CUST1755,PROD091,11616.96,Net Banking,Success,2026-02-28
TXN03566,CUST0637,PROD006,2887.15,Debit Card,Success,2026-07-02
TXN03567,CUST1629,PROD072,8805.74,Wallet,Failed,2026-05-01
TXN03568,CUST0344,PROD043,16070.44,Debit Card,Success,2026-02-01
TXN03569,CUST1730,PROD017,6742.68,Credit Card,Failed,2026-08-09
TXN03570,CUST0663,PROD091,19980.04,Credit Card,Success,2026-04-20
TXN03571,CUST1792,PROD039,10380.41,UPI,Success,2026-07-22
TXN03572,CUST1558,PROD097,5137.49,Debit Card,Failed,2026-06-15
TXN03573,CUST0501,PROD098,15023.37,Wallet,Success,2026-08-09
TXN03574,CUST1375,PROD050,4078.07,Debit Card,Success,2026-05-12
TXN03575,CUST0039,PROD093,16829.99,UPI,Success,2026-01-06
TXN03576,CUST0900,PROD071,11646.49,Debit Card,Success,2026-06-03
TXN03577,CUST1981,PROD079,13040.74,Debit Card,Failed,2026-01-01
TXN03578,CUST1761,PROD048,3119.11,Net Banking,Success,2026-08-11
TXN03579,CUST0718,PROD068,7645.75,UPI,Success,2026-05-02
TXN03580,CUST0794,PROD042,8416.09,Credit Card,Success,2026-01-14
TXN03581,CUST0442,PROD033,6220.08,Credit Card,Failed,2026-03-14
TXN03582,CUST0529,PROD052,10271.67,Net Banking,Success,2026-06-03
TXN03583,CUST0477,PROD014,10836.9,Credit Card,Success,2026-06-22
TXN03584,CUST0456,PROD048,8906.94,UPI,Success,2026-04-18
TXN03585,CUST1463,PROD096,18063.09,Credit Card,Success,2026-04-25
TXN03586,CUST1815,PROD058,6168.77,Debit Card,Success,2026-08-10
TXN03587,CUST0946,PROD055,3626.57,Credit Card,Success,2026-04-16
TXN03588,CUST0502,PROD051,9001.02,UPI,Failed,2026-03-22
TXN03589,CUST1258,PROD071,18313.64,Net Banking,Success,2026-06-04
TXN03590,CUST0543,PROD064,19330.53,Debit Card,Failed,2026-08-08
TXN03591,CUST0559,PROD088,5879.72,Debit Card,Failed,2026-03-03
TXN03592,CUST1460,PROD043,2939.08,Credit Card,Success,2026-04-01
TXN03593,CUST1536,PROD059,15786.79,UPI,Success,2026-08-13
TXN03594,CUST0976,PROD050,9421.47,Net Banking,Success,2026-05-23
TXN03595,CUST0052,PROD034,17467.96,Net Banking,Success,2026-01-06
TXN03596,CUST0957,PROD046,1794.24,Net Banking,Success,2026-06-02
TXN03597,CUST0410,PROD039,1947.68,Net Banking,Success,2026-03-23
TXN03598,CUST1335,PROD100,4317.63,Wallet,Success,2026-06-09
TXN03599,CUST1616,PROD005,12938.32,Wallet,Success,2026-01-12
TXN03600,CUST1513,PROD005,15966.91,Net Banking,Success,2026-04-06
TXN03601,CUST1487,PROD065,3170.3,Debit Card,Success,2026-07-10
TXN03602,CUST0704,PROD032,10601.61,Debit Card,Success,2026-07-24
TXN03603,CUST0749,PROD032,6970.74,Credit Card,Success,2026-02-16
TXN03604,CUST1929,PROD053,8710.78,UPI,Success,2026-01-09
TXN03605,CUST0533,PROD060,772.28,UPI,Success,2026-05-27
TXN03606,CUST0123,PROD095,5061.19,Wallet,Success,2026-03-20
TXN03607,CUST1689,PROD054,1740.37,Wallet,Failed,2026-06-03
TXN03608,CUST1163,PROD076,14764.85,Debit Card,Success,2026-08-02
TXN03609,CUST0178,PROD071,2215.69,Debit Card,Failed,2026-08-16
TXN03610,CUST0441,PROD096,19240.9,Debit Card,Success,2026-07-21
TXN03611,CUST0874,PROD010,6376.79,Net Banking,Success,2026-03-20
TXN03612,CUST0871,PROD012,10312.39,Net Banking,Failed,2026-07-15
TXN03613,CUST0998,PROD086,201.19,Net Banking,Failed,2026-07-04
TXN03614,CUST0843,PROD052,13490.05,Net Banking,Failed,2026-08-08
TXN03615,CUST1814,PROD019,14221.76,Debit Card,Success,2026-01-05
TXN03616,CUST0756,PROD052,6993.25,Wallet,Success,2026-06-03
TXN03617,CUST0035,PROD068,12909.7,Debit Card,Success,2026-01-18
TXN03618,CUST1437,PROD030,13894.78,Credit Card,Failed,2026-01-01
TXN03619,CUST1443,PROD024,10028.32,UPI,Success,2026-03-15
TXN03620,CUST0570,PROD062,13672.1,Wallet,Success,2026-06-09
TXN03621,CUST0358,PROD020,1528.29,Debit Card,Success,2026-01-15
TXN03622,CUST0443,PROD012,10732.3,UPI,Success,2026-04-07
TXN03623,CUST0993,PROD040,9131.13,Credit Card,Failed,2026-03-04
TXN03624,CUST1210,PROD012,5215.94,Wallet,Success,2026-07-07
TXN03625,CUST0344,PROD034,9213.1,Debit Card,Success,2026-08-10
TXN03626,CUST0006,PROD025,6680.82,Debit Card,Success,2026-03-09
TXN03627,CUST0035,PROD096,17500.47,Credit Card,Failed,2026-02-12
TXN03628,CUST0985,PROD083,4668.07,UPI,Failed,2026-04-02
TXN03629,CUST1876,PROD096,13702.78,Net Banking,Success,2026-07-13
TXN03630,CUST0636,PROD064,9685.51,Credit Card,Success,2026-01-25
TXN03631,CUST1986,PROD027,18389.73,Wallet,Success,2026-01-20
TXN03632,CUST0018,PROD019,7235.76,Credit Card,Success,2026-04-06
TXN03633,CUST1845,PROD054,15494.43,UPI,Success,2026-05-17
TXN03634,CUST0431,PROD080,18726.17,Wallet,Success,2026-07-18
TXN03635,CUST1307,PROD022,13936.58,Wallet,Failed,2026-05-06
TXN03636,CUST0672,PROD044,17561.12,Wallet,Success,2026-07-26
TXN03637,CUST1657,PROD074,10545.79,UPI,Success,2026-06-30
TXN03638,CUST1989,PROD071,19588.28,Debit Card,Failed,2026-03-26
TXN03639,CUST1720,PROD015,7660.44,Wallet,Success,2026-03-30
TXN03640,CUST0441,PROD069,4269.57,UPI,Failed,2026-08-07
TXN03641,CUST0452,PROD040,10743.37,UPI,Failed,2026-05-27
TXN03642,CUST1826,PROD092,15355.5,UPI,Success,2026-07-07
TXN03643,CUST1968,PROD069,1487.61,Net Banking,Success,2026-03-08
TXN03644,CUST0531,PROD017,14130.83,Credit Card,Success,2026-07-29
TXN03645,CUST1874,PROD021,2235.37,Debit Card,Failed,2026-06-05
TXN03646,CUST0949,PROD096,16855.45,UPI,Failed,2026-07-15
TXN03647,CUST1507,PROD014,3633.1,Debit Card,Success,2026-05-12
TXN03648,CUST0968,PROD025,6044.8,Debit Card,Success,2026-01-23
TXN03649,CUST0181,PROD026,5139.28,Debit Card,Success,2026-03-27
TXN03650,CUST0401,PROD007,19054.94,Credit Card,Success,2026-03-24
TXN03651,CUST0389,PROD008,16207.65,UPI,Success,2026-03-17
TXN03652,CUST0904,PROD069,1941.43,UPI,Success,2026-07-02
TXN03653,CUST1263,PROD095,8263.89,Wallet,Success,2026-06-07
TXN03654,CUST1360,PROD099,6394.67,Net Banking,Success,2026-04-27
TXN03655,CUST0487,PROD096,16044.36,Debit Card,Success,2026-03-25
TXN03656,CUST1604,PROD072,14891.25,Wallet,Failed,2026-02-17
TXN03657,CUST0202,PROD019,8250.87,Wallet,Success,2026-06-07
TXN03658,CUST0699,PROD020,1290.51,UPI,Failed,2026-03-20
TXN03659,CUST1879,PROD094,16113.09,Net Banking,Success,2026-01-06
TXN03660,CUST1880,PROD089,15014.62,Net Banking,Failed,2026-06-14
TXN03661,CUST0192,PROD003,1365.69,Wallet,Success,2026-07-12
TXN03662,CUST0328,PROD086,5151.16,UPI,Success,2026-07-24
TXN03663,CUST1097,PROD019,8464.58,Credit Card,Success,2026-05-09
TXN03664,CUST1408,PROD011,12729.83,Debit Card,Success,2026-05-08
TXN03665,CUST0350,PROD084,15686.85,Wallet,Failed,2026-08-02
TXN03666,CUST1596,PROD049,19101.15,Wallet,Success,2026-01-08
TXN03667,CUST1294,PROD035,10032.07,UPI,Success,2026-07-24
TXN03668,CUST0023,PROD045,11460.32,Debit Card,Success,2026-02-05
TXN03669,CUST0266,PROD098,2826.85,Net Banking,Success,2026-06-10
TXN03670,CUST1441,PROD026,3326.43,UPI,Success,2026-01-08
TXN03671,CUST1870,PROD035,11265.36,Net Banking,Success,2026-06-07
TXN03672,CUST0521,PROD025,11218.72,Credit Card,Failed,2026-02-01
TXN03673,CUST0717,PROD012,6045.78,UPI,Success,2026-02-17
TXN03674,CUST1387,PROD066,17714.76,UPI,Success,2026-07-25
TXN03675,CUST1871,PROD081,18964.96,UPI,Success,2026-04-13
TXN03676,CUST0090,PROD037,11137.88,Credit Card,Success,2026-02-14
TXN03677,CUST0027,PROD054,15706.88,Debit Card,Success,2026-08-05
TXN03678,CUST0540,PROD058,19101.46,Wallet,Success,2026-04-13
TXN03679,CUST0086,PROD092,11675.52,UPI,Failed,2026-03-07
TXN03680,CUST1991,PROD094,11771.59,Net Banking,Success,2026-03-26
TXN03681,CUST1973,PROD089,5339.79,UPI,Success,2026-01-10
TXN03682,CUST0675,PROD081,16851.75,Credit Card,Success,2026-04-21
TXN03683,CUST1055,PROD072,9944.31,Wallet,Success,2026-05-11
TXN03684,CUST1491,PROD049,7082.38,Wallet,Failed,2026-06-28
TXN03685,CUST1699,PROD031,1666.56,UPI,Success,2026-04-10
TXN03686,CUST1326,PROD017,17723.97,Wallet,Success,2026-02-05
TXN03687,CUST1812,PROD012,19847.35,Credit Card,Failed,2026-07-24
TXN03688,CUST0783,PROD002,18457.68,Wallet,Success,2026-05-04
TXN03689,CUST1363,PROD097,9054.89,UPI,Failed,2026-08-14
TXN03690,CUST1261,PROD002,4443.52,Credit Card,Success,2026-01-05
TXN03691,CUST0249,PROD098,14476.41,Wallet,Failed,2026-03-07
TXN03692,CUST1634,PROD098,6588.51,Wallet,Success,2026-03-04
TXN03693,CUST1948,PROD092,11476.85,UPI,Failed,2026-03-20
TXN03694,CUST1457,PROD097,2616.3,Wallet,Success,2026-04-28
TXN03695,CUST1961,PROD047,4820.5,Credit Card,Failed,2026-04-23
TXN03696,CUST0491,PROD076,7296.46,Net Banking,Success,2026-01-24
TXN03697,CUST0441,PROD082,1314.65,Debit Card,Success,2026-05-25
TXN03698,CUST0259,PROD085,14657.04,UPI,Failed,2026-05-07
TXN03699,CUST0524,PROD066,15230.96,Wallet,Success,2026-04-14
TXN03700,CUST1710,PROD043,7723.96,Credit Card,Failed,2026-06-19
TXN03701,CUST1825,PROD022,7477.69,Wallet,Success,2026-06-19
TXN03702,CUST1788,PROD021,10605.64,Wallet,Success,2026-02-12
TXN03703,CUST1557,PROD098,2393.5,Credit Card,Success,2026-02-25
TXN03704,CUST0765,PROD027,1026.34,Wallet,Failed,2026-08-18
TXN03705,CUST0703,PROD055,10796.52,Net Banking,Success,2026-03-18
TXN03706,CUST1857,PROD053,12854.94,UPI,Failed,2026-05-09
TXN03707,CUST1944,PROD052,5715.13,Wallet,Success,2026-07-25
TXN03708,CUST0983,PROD035,14734.51,Debit Card,Failed,2026-05-28
TXN03709,CUST0973,PROD043,3101.87,Debit Card,Success,2026-03-01
TXN03710,CUST0167,PROD062,6583.07,Debit Card,Failed,2026-03-30
TXN03711,CUST1288,PROD021,18490.56,Wallet,Success,2026-06-29
TXN03712,CUST0563,PROD069,14229.04,UPI,Success,2026-03-12
TXN03713,CUST1446,PROD082,5964.43,Net Banking,Success,2026-05-15
TXN03714,CUST0878,PROD057,6599.96,UPI,Failed,2026-01-31
TXN03715,CUST1268,PROD064,8603.14,Credit Card,Success,2026-03-27
TXN03716,CUST1256,PROD053,7240.74,UPI,Success,2026-03-23
TXN03717,CUST1595,PROD083,8829.44,UPI,Failed,2026-08-16
TXN03718,CUST0826,PROD057,10681.89,Credit Card,Success,2026-04-20
TXN03719,CUST1871,PROD007,11401.35,Debit Card,Failed,2026-02-22
TXN03720,CUST1676,PROD024,1408.31,Net Banking,Success,2026-01-29
TXN03721,CUST1715,PROD005,1900.06,Debit Card,Failed,2026-07-08
TXN03722,CUST0974,PROD084,12858.17,Debit Card,Success,2026-02-14
TXN03723,CUST0259,PROD068,5759.13,Credit Card,Success,2026-05-19
TXN03724,CUST1582,PROD085,12084.01,Net Banking,Success,2026-05-03
TXN03725,CUST1134,PROD007,11440.97,Debit Card,Success,2026-05-14
TXN03726,CUST1342,PROD089,1176.43,Wallet,Success,2026-01-22
TXN03727,CUST0563,PROD002,15913.95,Debit Card,Failed,2026-02-20
TXN03728,CUST0011,PROD010,16802.41,Credit Card,Success,2026-03-27
TXN03729,CUST1532,PROD031,7619.61,Wallet,Success,2026-08-14
TXN03730,CUST0820,PROD096,9822.21,Debit Card,Success,2026-03-30
TXN03731,CUST0559,PROD054,17638.87,Credit Card,Failed,2026-03-30
TXN03732,CUST0316,PROD051,1009.88,Net Banking,Success,2026-08-16
TXN03733,CUST1753,PROD035,18641.62,Net Banking,Success,2026-07-31
TXN03734,CUST1016,PROD018,1151.94,Credit Card,Success,2026-03-27
TXN03735,CUST1895,PROD090,17080.81,Wallet,Failed,2026-03-18
TXN03736,CUST0129,PROD014,12066.16,Wallet,Success,2026-02-09
TXN03737,CUST0838,PROD057,14829.94,Credit Card,Failed,2026-06-24
TXN03738,CUST0747,PROD095,1042.96,Debit Card,Success,2026-01-22
TXN03739,CUST1480,PROD084,16800.93,Wallet,Success,2026-02-25
TXN03740,CUST1764,PROD003,13536.84,Debit Card,Success,2026-04-27
TXN03741,CUST1125,PROD018,1968.95,Net Banking,Success,2026-02-10
TXN03742,CUST0854,PROD034,4507.37,Debit Card,Success,2026-06-05
TXN03743,CUST0979,PROD083,10337.57,Net Banking,Success,2026-03-15
TXN03744,CUST0914,PROD072,12268.3,UPI,Success,2026-08-02
TXN03745,CUST1701,PROD044,1827.28,Wallet,Failed,2026-07-20
TXN03746,CUST1922,PROD013,12221.57,Net Banking,Success,2026-01-17
TXN03747,CUST0768,PROD048,1556.73,Debit Card,Success,2026-05-27
TXN03748,CUST0197,PROD040,12159.5,Debit Card,Success,2026-02-12
TXN03749,CUST1377,PROD013,8702.99,Wallet,Failed,2026-03-12
TXN03750,CUST0365,PROD067,15234.84,Credit Card,Failed,2026-07-14
TXN03751,CUST1599,PROD083,6859.61,Net Banking,Success,2026-05-27
TXN03752,CUST0902,PROD057,8800.59,Debit Card,Failed,2026-04-08
TXN03753,CUST1839,PROD005,9731.89,Debit Card,Success,2026-04-03
TXN03754,CUST1486,PROD079,5413.81,Credit Card,Success,2026-07-23
TXN03755,CUST0456,PROD099,8751.81,Net Banking,Success,2026-05-01
TXN03756,CUST0689,PROD053,16053.92,Credit Card,Success,2026-02-14
TXN03757,CUST1700,PROD075,5459.5,UPI,Success,2026-06-06
TXN03758,CUST0830,PROD089,4971.62,UPI,Success,2026-08-10
TXN03759,CUST0432,PROD047,11956.1,UPI,Success,2026-04-30
TXN03760,CUST1360,PROD007,2373.84,Debit Card,Success,2026-03-27
TXN03761,CUST0932,PROD030,15376.7,Debit Card,Success,2026-06-07
TXN03762,CUST1359,PROD010,16409.21,Debit Card,Failed,2026-06-18
TXN03763,CUST0991,PROD018,3624.39,Net Banking,Failed,2026-04-04
TXN03764,CUST0690,PROD052,5240.33,Debit Card,Success,2026-02-27
TXN03765,CUST1328,PROD094,12750.82,UPI,Success,2026-03-21
TXN03766,CUST1094,PROD043,17535.62,Net Banking,Success,2026-04-06
TXN03767,CUST1269,PROD086,6418.66,Credit Card,Failed,2026-03-02
TXN03768,CUST0752,PROD048,7120.46,Wallet,Success,2026-01-05
TXN03769,CUST0996,PROD096,12036.53,Net Banking,Success,2026-08-02
TXN03770,CUST1901,PROD065,2134.88,Net Banking,Success,2026-04-15
TXN03771,CUST0319,PROD068,15513.57,UPI,Success,2026-03-09
TXN03772,CUST0841,PROD022,4919.06,Debit Card,Success,2026-07-09
TXN03773,CUST0004,PROD039,561.21,Debit Card,Success,2026-01-27
TXN03774,CUST1653,PROD076,19942.41,UPI,Success,2026-04-24
TXN03775,CUST1495,PROD064,13454.93,Credit Card,Success,2026-05-06
TXN03776,CUST0255,PROD072,7116.13,Wallet,Success,2026-03-23
TXN03777,CUST0086,PROD067,14314.78,Debit Card,Success,2026-05-08
TXN03778,CUST1463,PROD099,8167.95,Net Banking,Success,2026-02-01
TXN03779,CUST0392,PROD078,16527.98,UPI,Success,2026-01-26
TXN03780,CUST0943,PROD045,12392.34,UPI,Success,2026-01-08
TXN03781,CUST0898,PROD096,898.26,Net Banking,Failed,2026-04-09
TXN03782,CUST1620,PROD083,5540.26,Net Banking,Failed,2026-01-09
TXN03783,CUST0886,PROD090,12028.17,Debit Card,Success,2026-05-16
TXN03784,CUST1393,PROD013,8077.8,Credit Card,Success,2026-06-30
TXN03785,CUST1535,PROD047,11650.36,Credit Card,Failed,2026-07-19
TXN03786,CUST1579,PROD075,8599.57,Credit Card,Success,2026-04-13
TXN03787,CUST0406,PROD055,9838.78,Debit Card,Success,2026-03-03
TXN03788,CUST1441,PROD068,11968.06,Net Banking,Success,2026-01-12
TXN03789,CUST0931,PROD017,2830.22,Credit Card,Success,2026-05-18
TXN03790,CUST1596,PROD011,19347.37,Debit Card,Success,2026-03-01
TXN03791,CUST1543,PROD025,12319.42,Debit Card,Success,2026-01-20
TXN03792,CUST0097,PROD078,9468.29,Debit Card,Success,2026-08-08
TXN03793,CUST1009,PROD082,6333.17,Credit Card,Success,2026-06-07
TXN03794,CUST0830,PROD087,18473.1,Net Banking,Failed,2026-03-22
TXN03795,CUST0848,PROD057,15418.79,UPI,Success,2026-08-15
TXN03796,CUST1066,PROD003,4081.14,UPI,Success,2026-07-16
TXN03797,CUST1873,PROD059,13536.18,Debit Card,Success,2026-02-28
TXN03798,CUST1728,PROD047,11302.25,Net Banking,Success,2026-02-09
TXN03799,CUST1052,PROD023,19491.33,Credit Card,Success,2026-03-29
TXN03800,CUST0486,PROD094,9523.34,Debit Card,Success,2026-06-01
TXN03801,CUST0290,PROD065,17306.87,Net Banking,Success,2026-05-14
TXN03802,CUST1924,PROD075,2252.99,Credit Card,Success,2026-07-27
TXN03803,CUST1960,PROD026,15975.93,UPI,Success,2026-02-12
TXN03804,CUST1284,PROD085,3494.55,Credit Card,Success,2026-08-10
TXN03805,CUST0170,PROD014,11794.5,Wallet,Failed,2026-07-22
TXN03806,CUST1651,PROD019,16889.46,Wallet,Success,2026-07-27
TXN03807,CUST0808,PROD098,15223.83,Debit Card,Success,2026-04-26
TXN03808,CUST0774,PROD048,14061.32,Debit Card,Success,2026-02-16
TXN03809,CUST0574,PROD037,18505.78,Wallet,Success,2026-01-29
TXN03810,CUST1633,PROD099,13813.14,Debit Card,Success,2026-06-20
TXN03811,CUST0438,PROD049,18443.05,Wallet,Success,2026-02-18
TXN03812,CUST1408,PROD044,3058.81,Wallet,Failed,2026-02-22
TXN03813,CUST0206,PROD089,11943.62,Net Banking,Failed,2026-04-24
TXN03814,CUST0617,PROD100,2174.4,Debit Card,Success,2026-07-19
TXN03815,CUST1924,PROD011,5351.38,Credit Card,Success,2026-06-21
TXN03816,CUST0058,PROD010,5368.5,Credit Card,Success,2026-05-14
TXN03817,CUST0498,PROD042,5485.87,UPI,Success,2026-01-16
TXN03818,CUST0379,PROD057,3545.88,Net Banking,Success,2026-02-23
TXN03819,CUST0401,PROD001,10261.53,Net Banking,Success,2026-08-13
TXN03820,CUST0960,PROD062,1114.96,UPI,Success,2026-05-27
TXN03821,CUST1355,PROD086,9766.74,Wallet,Success,2026-01-28
TXN03822,CUST1589,PROD060,7668.89,Wallet,Success,2026-07-09
TXN03823,CUST0006,PROD062,8537.14,UPI,Success,2026-05-04
TXN03824,CUST0380,PROD013,10079.96,Debit Card,Failed,2026-01-11
TXN03825,CUST1073,PROD067,8016.09,Debit Card,Success,2026-01-13
TXN03826,CUST1027,PROD050,16315.66,UPI,Success,2026-02-26
TXN03827,CUST1815,PROD086,3404.34,Debit Card,Success,2026-08-05
TXN03828,CUST1630,PROD052,5282.71,Net Banking,Success,2026-04-20
TXN03829,CUST0224,PROD076,12334.91,UPI,Success,2026-04-13
TXN03830,CUST1471,PROD088,15104.08,UPI,Success,2026-06-05
TXN03831,CUST1607,PROD033,15962.48,UPI,Failed,2026-05-26
TXN03832,CUST1474,PROD091,15063.64,UPI,Success,2026-06-15
TXN03833,CUST0612,PROD017,6858.6,UPI,Failed,2026-06-19
TXN03834,CUST0923,PROD088,1250.99,UPI,Success,2026-05-22
TXN03835,CUST1145,PROD074,2176.85,Wallet,Success,2026-04-12
TXN03836,CUST1187,PROD051,9398.03,Net Banking,Success,2026-01-03
TXN03837,CUST0359,PROD016,19222.37,UPI,Failed,2026-03-05
TXN03838,CUST0510,PROD082,18046.3,Credit Card,Success,2026-07-06
TXN03839,CUST1951,PROD022,8150.28,Credit Card,Success,2026-01-01
TXN03840,CUST0232,PROD055,11513.46,UPI,Failed,2026-07-13
TXN03841,CUST1450,PROD066,9218.81,Debit Card,Failed,2026-07-22
TXN03842,CUST0022,PROD019,17323.82,Credit Card,Success,2026-06-04
TXN03843,CUST1583,PROD048,10995.68,Wallet,Success,2026-07-13
TXN03844,CUST0394,PROD088,16816.08,UPI,Success,2026-06-13
TXN03845,CUST0837,PROD047,9082.96,Debit Card,Success,2026-08-15
TXN03846,CUST0984,PROD040,6893.82,Net Banking,Failed,2026-03-06
TXN03847,CUST0446,PROD099,13867.3,UPI,Success,2026-03-30
TXN03848,CUST1795,PROD021,14741.21,UPI,Success,2026-03-19
TXN03849,CUST0309,PROD070,5041.96,Wallet,Success,2026-01-23
TXN03850,CUST0753,PROD066,19039.95,Net Banking,Failed,2026-05-30
TXN03851,CUST1185,PROD002,18648.29,Wallet,Success,2026-03-28
TXN03852,CUST0205,PROD064,18593.15,Net Banking,Success,2026-01-21
TXN03853,CUST0394,PROD005,7038.91,Net Banking,Success,2026-05-09
TXN03854,CUST1830,PROD074,6208.6,Debit Card,Success,2026-02-03
TXN03855,CUST0010,PROD043,2045.81,Debit Card,Failed,2026-04-11
TXN03856,CUST1658,PROD030,15263.17,Wallet,Failed,2026-06-11
TXN03857,CUST0657,PROD027,4933.54,Wallet,Success,2026-04-09
TXN03858,CUST0237,PROD097,11235.58,Net Banking,Success,2026-07-15
TXN03859,CUST0952,PROD086,8824.55,UPI,Success,2026-01-16
TXN03860,CUST0574,PROD029,6341.25,Wallet,Success,2026-06-17
TXN03861,CUST1386,PROD082,13432.27,UPI,Success,2026-03-01
TXN03862,CUST1558,PROD031,1083.22,Credit Card,Success,2026-02-27
TXN03863,CUST1189,PROD054,15018.65,Net Banking,Success,2026-07-04
TXN03864,CUST1869,PROD097,19675.93,Debit Card,Success,2026-08-18
TXN03865,CUST0239,PROD100,206.38,Debit Card,Failed,2026-05-19
TXN03866,CUST1759,PROD006,11815.64,Net Banking,Success,2026-06-29
TXN03867,CUST1728,PROD015,10919.75,Net Banking,Success,2026-03-30
TXN03868,CUST1755,PROD044,16933.49,Net Banking,Success,2026-02-11
TXN03869,CUST0932,PROD077,15633.12,Debit Card,Failed,2026-05-30
TXN03870,CUST1471,PROD039,16094.38,UPI,Success,2026-04-16
TXN03871,CUST0221,PROD007,9785.51,Net Banking,Success,2026-05-28
TXN03872,CUST0629,PROD058,7368.74,Debit Card,Success,2026-06-22
TXN03873,CUST0700,PROD060,3167.19,Net Banking,Success,2026-05-25
TXN03874,CUST0341,PROD050,13725.84,Debit Card,Failed,2026-02-23
TXN03875,CUST0692,PROD035,18876.81,UPI,Success,2026-06-24
TXN03876,CUST1188,PROD002,12255.33,Net Banking,Failed,2026-03-08
TXN03877,CUST1758,PROD045,14884.53,Net Banking,Success,2026-01-03
TXN03878,CUST1482,PROD076,14632.49,Net Banking,Success,2026-02-16
TXN03879,CUST0448,PROD067,2817.89,Wallet,Success,2026-04-15
TXN03880,CUST0070,PROD080,15397.09,Net Banking,Success,2026-04-24
TXN03881,CUST0900,PROD077,7616.79,Credit Card,Failed,2026-01-11
TXN03882,CUST1158,PROD053,3057.44,Net Banking,Success,2026-02-27
TXN03883,CUST1207,PROD024,17610.97,Net Banking,Success,2026-07-26
TXN03884,CUST1373,PROD011,1292.45,Credit Card,Success,2026-04-23
TXN03885,CUST0253,PROD017,11167.19,Credit Card,Success,2026-04-18
TXN03886,CUST1354,PROD005,8255.96,Credit Card,Success,2026-08-19
TXN03887,CUST0414,PROD021,4790.2,Credit Card,Success,2026-06-25
TXN03888,CUST1614,PROD019,4470.37,Credit Card,Success,2026-05-31
TXN03889,CUST0574,PROD049,646.64,UPI,Success,2026-04-13
TXN03890,CUST1160,PROD034,14212.82,UPI,Success,2026-06-24
TXN03891,CUST1254,PROD045,13156.44,Debit Card,Success,2026-02-18
TXN03892,CUST1102,PROD051,6597.75,Wallet,Success,2026-02-05
TXN03893,CUST0186,PROD018,10215.8,Net Banking,Success,2026-03-04
TXN03894,CUST0068,PROD049,17257.42,Debit Card,Failed,2026-03-09
TXN03895,CUST1815,PROD072,6859.37,Net Banking,Success,2026-05-17
TXN03896,CUST0503,PROD014,2505.67,Wallet,Success,2026-05-29
TXN03897,CUST0525,PROD022,7369.78,Credit Card,Failed,2026-03-21
TXN03898,CUST1643,PROD001,6614.87,Net Banking,Success,2026-04-24
TXN03899,CUST1988,PROD017,7430.24,UPI,Success,2026-07-24
TXN03900,CUST1142,PROD055,11102.84,Net Banking,Failed,2026-06-13
TXN03901,CUST0813,PROD004,13638.96,Credit Card,Failed,2026-01-11
TXN03902,CUST1948,PROD017,3541.92,UPI,Success,2026-03-05
TXN03903,CUST0071,PROD012,12504.36,Debit Card,Failed,2026-07-03
TXN03904,CUST0822,PROD054,18465.57,Wallet,Success,2026-06-01
TXN03905,CUST1106,PROD061,11404.03,Net Banking,Success,2026-07-18
TXN03906,CUST1884,PROD067,10041.85,UPI,Success,2026-07-31
TXN03907,CUST1642,PROD021,16150.2,Debit Card,Success,2026-05-26
TXN03908,CUST0356,PROD074,16385.2,Wallet,Success,2026-05-02
TXN03909,CUST0635,PROD039,2474.13,Credit Card,Success,2026-01-03
TXN03910,CUST1557,PROD024,10929.66,UPI,Success,2026-05-10
TXN03911,CUST0010,PROD003,6618.79,UPI,Success,2026-06-29
TXN03912,CUST1080,PROD063,6381.95,UPI,Success,2026-06-25
TXN03913,CUST1924,PROD003,3113.36,UPI,Success,2026-02-10
TXN03914,CUST1482,PROD063,7344.88,Debit Card,Success,2026-04-04
TXN03915,CUST0816,PROD036,10690.58,Credit Card,Success,2026-06-08
TXN03916,CUST0114,PROD035,8234.66,Net Banking,Success,2026-02-03
TXN03917,CUST1332,PROD095,554.55,Debit Card,Success,2026-01-26
TXN03918,CUST0831,PROD088,13674.81,Debit Card,Success,2026-04-25
TXN03919,CUST0350,PROD007,4750.27,Net Banking,Success,2026-07-04
TXN03920,CUST0986,PROD069,18189.24,Debit Card,Failed,2026-03-29
TXN03921,CUST1909,PROD025,4192.93,Debit Card,Failed,2026-05-27
TXN03922,CUST1951,PROD064,3006.82,Wallet,Success,2026-03-02
TXN03923,CUST0815,PROD069,14202.91,Net Banking,Success,2026-01-03
TXN03924,CUST1630,PROD012,17315.69,Net Banking,Failed,2026-03-27
TXN03925,CUST0315,PROD030,2864.73,UPI,Success,2026-05-05
TXN03926,CUST1519,PROD085,10724.19,UPI,Failed,2026-05-09
TXN03927,CUST1299,PROD059,337.95,UPI,Success,2026-04-04
TXN03928,CUST1159,PROD056,10027.76,Net Banking,Success,2026-08-05
TXN03929,CUST0057,PROD080,2756.71,Wallet,Success,2026-01-19
TXN03930,CUST0095,PROD016,16998.04,Wallet,Success,2026-02-09
TXN03931,CUST0259,PROD031,4691.53,Wallet,Success,2026-02-08
TXN03932,CUST1724,PROD001,16660.55,Credit Card,Success,2026-05-28
TXN03933,CUST1200,PROD044,10209.31,UPI,Success,2026-06-01
TXN03934,CUST1097,PROD081,18189.37,UPI,Success,2026-03-24
TXN03935,CUST0880,PROD028,16081.03,Net Banking,Success,2026-06-15
TXN03936,CUST0579,PROD077,3464.5,Net Banking,Success,2026-01-05
TXN03937,CUST1701,PROD059,6193.54,UPI,Success,2026-08-08
TXN03938,CUST1874,PROD024,6120.73,Net Banking,Success,2026-07-27
TXN03939,CUST1194,PROD053,3337.34,Debit Card,Failed,2026-02-03
TXN03940,CUST0164,PROD067,18528.39,UPI,Success,2026-03-02
TXN03941,CUST0616,PROD084,11587.07,Net Banking,Success,2026-07-22
TXN03942,CUST0483,PROD098,18495.28,Net Banking,Success,2026-04-22
TXN03943,CUST0352,PROD097,5306.08,Debit Card,Success,2026-02-18
TXN03944,CUST1290,PROD044,17226.57,Net Banking,Failed,2026-06-09
TXN03945,CUST1015,PROD022,12151.31,Net Banking,Success,2026-08-10
TXN03946,CUST0976,PROD015,6883.66,Debit Card,Success,2026-04-14
TXN03947,CUST1832,PROD067,17357.67,UPI,Success,2026-06-15
TXN03948,CUST1257,PROD074,1128.13,Credit Card,Success,2026-07-26
TXN03949,CUST1901,PROD069,13016.03,Debit Card,Success,2026-06-14
TXN03950,CUST0601,PROD061,11707.41,UPI,Success,2026-04-18
TXN03951,CUST1477,PROD007,11438.96,Wallet,Success,2026-01-03
TXN03952,CUST0859,PROD090,7215.87,Net Banking,Success,2026-02-28
TXN03953,CUST0262,PROD037,17603.83,Net Banking,Success,2026-04-14
TXN03954,CUST0258,PROD047,5381.64,UPI,Success,2026-02-09
TXN03955,CUST0845,PROD077,4772.39,UPI,Success,2026-06-02
TXN03956,CUST1891,PROD081,19495.94,Debit Card,Success,2026-01-26
TXN03957,CUST0956,PROD031,2352.92,UPI,Success,2026-07-01
TXN03958,CUST0378,PROD024,8040.84,Debit Card,Success,2026-01-17
TXN03959,CUST1967,PROD043,8537.86,UPI,Success,2026-07-21
TXN03960,CUST1299,PROD009,10529.73,Wallet,Success,2026-02-02
TXN03961,CUST0446,PROD043,12294.22,Debit Card,Success,2026-07-08
TXN03962,CUST1641,PROD040,3438.96,Wallet,Success,2026-05-28
TXN03963,CUST1709,PROD098,13018.14,Wallet,Success,2026-03-24
TXN03964,CUST1402,PROD054,18249.56,Net Banking,Success,2026-05-04
TXN03965,CUST0723,PROD032,17288.28,Credit Card,Success,2026-01-06
TXN03966,CUST0884,PROD099,18272.96,Debit Card,Success,2026-07-09
TXN03967,CUST1493,PROD100,4878.3,UPI,Success,2026-03-25
TXN03968,CUST1474,PROD026,3036.34,UPI,Failed,2026-05-25
TXN03969,CUST0078,PROD091,19433.52,Net Banking,Success,2026-01-15
TXN03970,CUST1726,PROD059,8250.27,Debit Card,Success,2026-08-10
TXN03971,CUST0299,PROD058,10164.12,Debit Card,Success,2026-03-05
TXN03972,CUST0533,PROD085,18779.14,Debit Card,Success,2026-07-02
TXN03973,CUST1314,PROD032,2673.83,Net Banking,Failed,2026-06-08
TXN03974,CUST0295,PROD093,14165.52,Net Banking,Success,2026-01-16
TXN03975,CUST1947,PROD047,16266.21,Wallet,Success,2026-03-10
TXN03976,CUST1274,PROD026,6254.39,Wallet,Success,2026-03-01
TXN03977,CUST1204,PROD003,5688.1,Credit Card,Failed,2026-08-07
TXN03978,CUST1772,PROD024,15865.45,Debit Card,Success,2026-06-26
TXN03979,CUST1052,PROD061,11247.13,Debit Card,Success,2026-02-26
TXN03980,CUST0406,PROD032,16579.26,Wallet,Success,2026-07-31
TXN03981,CUST1827,PROD029,5076.21,Credit Card,Success,2026-05-04
TXN03982,CUST0698,PROD032,12655.61,Credit Card,Success,2026-08-03
TXN03983,CUST0371,PROD030,8577.39,Credit Card,Success,2026-01-26
TXN03984,CUST0601,PROD098,9617.93,UPI,Failed,2026-03-06
TXN03985,CUST1104,PROD048,3979.37,Net Banking,Success,2026-07-29
TXN03986,CUST0113,PROD031,4757.0,Debit Card,Success,2026-01-12
TXN03987,CUST0819,PROD007,2685.17,Credit Card,Success,2026-07-30
TXN03988,CUST0197,PROD004,9851.98,Debit Card,Success,2026-01-23
TXN03989,CUST0665,PROD069,17212.15,Wallet,Success,2026-01-14
TXN03990,CUST1299,PROD090,1236.08,Credit Card,Success,2026-02-08
TXN03991,CUST1939,PROD044,7986.75,UPI,Failed,2026-01-19
TXN03992,CUST1272,PROD021,7552.45,UPI,Success,2026-04-06
TXN03993,CUST0657,PROD030,10311.7,UPI,Success,2026-07-28
TXN03994,CUST1579,PROD067,1692.28,Credit Card,Success,2026-01-24
TXN03995,CUST1851,PROD003,7116.07,Credit Card,Success,2026-07-10
TXN03996,CUST1252,PROD033,18645.69,Wallet,Success,2026-01-18
TXN03997,CUST0226,PROD043,13901.73,Debit Card,Success,2026-08-08
TXN03998,CUST1017,PROD016,17903.9,Net Banking,Success,2026-04-11
TXN03999,CUST0356,PROD066,12709.71,Debit Card,Success,2026-02-03
TXN04000,CUST0504,PROD003,16829.93,UPI,Success,2026-04-21
TXN04001,CUST0275,PROD010,13492.75,Wallet,Success,2026-08-12
TXN04002,CUST1827,PROD092,8764.99,Credit Card,Success,2026-03-22
TXN04003,CUST1790,PROD100,215.36,UPI,Success,2026-04-22
TXN04004,CUST0086,PROD038,3246.09,Wallet,Failed,2026-03-22
TXN04005,CUST1351,PROD050,10119.3,Net Banking,Failed,2026-04-02
TXN04006,CUST0913,PROD059,17569.84,Credit Card,Success,2026-03-20
TXN04007,CUST1419,PROD055,674.78,UPI,Failed,2026-05-10
TXN04008,CUST0078,PROD014,1073.8,Net Banking,Success,2026-03-14
TXN04009,CUST1740,PROD007,14707.06,Credit Card,Success,2026-06-03
TXN04010,CUST1703,PROD066,10584.01,UPI,Failed,2026-05-23
TXN04011,CUST1217,PROD027,957.65,Net Banking,Success,2026-07-24
TXN04012,CUST0791,PROD032,11186.28,Net Banking,Failed,2026-01-30
TXN04013,CUST0969,PROD091,10806.0,UPI,Failed,2026-04-01
TXN04014,CUST1674,PROD088,7193.78,Wallet,Success,2026-04-18
TXN04015,CUST0718,PROD081,896.65,Net Banking,Success,2026-06-01
TXN04016,CUST0820,PROD098,11224.73,Credit Card,Success,2026-07-14
TXN04017,CUST0981,PROD023,10575.31,Net Banking,Success,2026-01-04
TXN04018,CUST1464,PROD063,3300.54,Wallet,Success,2026-01-01
TXN04019,CUST1379,PROD086,18884.06,Net Banking,Success,2026-03-16
TXN04020,CUST1295,PROD025,9270.41,Net Banking,Success,2026-04-01
TXN04021,CUST0037,PROD060,10412.15,UPI,Failed,2026-07-06
TXN04022,CUST0455,PROD007,15419.2,Net Banking,Failed,2026-06-04
TXN04023,CUST1557,PROD077,11762.97,Debit Card,Success,2026-05-26
TXN04024,CUST1314,PROD033,7064.25,Wallet,Failed,2026-03-14
TXN04025,CUST0419,PROD053,9336.72,Debit Card,Success,2026-01-21
TXN04026,CUST0985,PROD034,11373.11,Net Banking,Failed,2026-04-22
TXN04027,CUST1055,PROD093,8473.56,UPI,Failed,2026-04-06
TXN04028,CUST0692,PROD098,9930.18,UPI,Success,2026-01-26
TXN04029,CUST0624,PROD046,8735.92,Wallet,Success,2026-03-31
TXN04030,CUST1682,PROD052,4303.12,Credit Card,Success,2026-03-19
TXN04031,CUST1032,PROD007,18338.88,Net Banking,Success,2026-06-17
TXN04032,CUST1206,PROD019,521.9,Credit Card,Success,2026-01-09
TXN04033,CUST1084,PROD045,8684.74,Credit Card,Success,2026-07-14
TXN04034,CUST1579,PROD061,14129.42,Credit Card,Success,2026-05-04
TXN04035,CUST1387,PROD026,2168.55,Wallet,Success,2026-05-07
TXN04036,CUST0222,PROD076,15698.74,Net Banking,Success,2026-08-03
TXN04037,CUST0761,PROD037,11040.62,Credit Card,Success,2026-06-22
TXN04038,CUST1746,PROD014,3042.83,UPI,Success,2026-06-20
TXN04039,CUST1954,PROD048,19115.04,Debit Card,Success,2026-03-16
TXN04040,CUST0049,PROD085,1344.51,Debit Card,Failed,2026-03-29
TXN04041,CUST0065,PROD065,19871.85,UPI,Failed,2026-07-04
TXN04042,CUST1201,PROD071,16890.03,Net Banking,Success,2026-05-26
TXN04043,CUST1293,PROD059,4890.65,Net Banking,Success,2026-05-11
TXN04044,CUST0635,PROD049,2128.46,UPI,Success,2026-02-24
TXN04045,CUST1635,PROD099,5785.55,Credit Card,Success,2026-05-15
TXN04046,CUST0057,PROD004,11689.21,Credit Card,Success,2026-03-16
TXN04047,CUST0323,PROD079,6282.83,UPI,Success,2026-02-27
TXN04048,CUST1417,PROD092,5704.0,Wallet,Failed,2026-04-23
TXN04049,CUST1970,PROD083,8372.98,Net Banking,Success,2026-03-11
TXN04050,CUST0313,PROD066,12460.11,Credit Card,Success,2026-06-27
TXN04051,CUST0205,PROD067,12191.58,Credit Card,Success,2026-04-07
TXN04052,CUST0690,PROD020,9156.36,Net Banking,Success,2026-03-25
TXN04053,CUST0009,PROD022,2722.42,Credit Card,Success,2026-01-10
TXN04054,CUST1837,PROD037,971.27,Net Banking,Success,2026-04-08
TXN04055,CUST1748,PROD014,3852.15,Debit Card,Failed,2026-01-21
TXN04056,CUST1155,PROD095,1060.9,UPI,Failed,2026-03-09
TXN04057,CUST1743,PROD081,3486.84,Wallet,Success,2026-08-09
TXN04058,CUST0690,PROD009,8373.79,UPI,Failed,2026-04-21
TXN04059,CUST1641,PROD015,17026.05,Wallet,Success,2026-02-25
TXN04060,CUST1000,PROD068,11155.84,Debit Card,Success,2026-07-17
TXN04061,CUST1301,PROD079,866.18,Net Banking,Success,2026-05-23
TXN04062,CUST0853,PROD011,6662.42,Net Banking,Failed,2026-05-02
TXN04063,CUST0662,PROD071,16244.21,Debit Card,Success,2026-08-08
TXN04064,CUST0621,PROD020,493.3,Debit Card,Failed,2026-02-10
TXN04065,CUST0306,PROD033,10826.48,Net Banking,Success,2026-08-03
TXN04066,CUST1484,PROD010,5037.46,Credit Card,Success,2026-04-29
TXN04067,CUST0158,PROD039,7466.43,UPI,Success,2026-02-27
TXN04068,CUST1871,PROD069,825.01,Net Banking,Success,2026-02-09
TXN04069,CUST1293,PROD076,16281.03,UPI,Failed,2026-03-09
TXN04070,CUST1562,PROD032,13456.82,UPI,Success,2026-04-15
TXN04071,CUST0175,PROD004,5421.15,UPI,Failed,2026-07-20
TXN04072,CUST1163,PROD096,2657.98,Wallet,Failed,2026-01-27
TXN04073,CUST0257,PROD094,6443.5,Wallet,Success,2026-04-07
TXN04074,CUST1820,PROD039,14580.37,Wallet,Failed,2026-04-15
TXN04075,CUST1371,PROD100,4386.08,UPI,Success,2026-01-17
TXN04076,CUST0537,PROD011,5761.89,UPI,Failed,2026-02-20
TXN04077,CUST0213,PROD015,18888.59,Wallet,Success,2026-08-07
TXN04078,CUST0640,PROD002,18985.79,UPI,Success,2026-03-29
TXN04079,CUST0321,PROD041,12796.38,Wallet,Success,2026-04-24
TXN04080,CUST0635,PROD040,9118.63,Debit Card,Success,2026-05-09
TXN04081,CUST0003,PROD074,14947.84,UPI,Success,2026-07-22
TXN04082,CUST0929,PROD013,6059.06,Wallet,Success,2026-07-29
TXN04083,CUST1079,PROD028,1570.34,UPI,Success,2026-02-20
TXN04084,CUST1658,PROD046,15305.96,Debit Card,Success,2026-04-10
TXN04085,CUST0971,PROD017,18938.05,Net Banking,Success,2026-02-09
TXN04086,CUST1355,PROD061,12072.94,UPI,Success,2026-07-22
TXN04087,CUST1487,PROD035,740.96,Net Banking,Success,2026-02-24
TXN04088,CUST0529,PROD080,12622.27,Wallet,Success,2026-06-07
TXN04089,CUST0008,PROD078,18862.85,Wallet,Success,2026-03-05
TXN04090,CUST1451,PROD030,7985.05,Debit Card,Success,2026-06-07
TXN04091,CUST0381,PROD081,8209.51,UPI,Success,2026-03-18
TXN04092,CUST1707,PROD050,535.04,Net Banking,Success,2026-02-12
TXN04093,CUST0719,PROD030,18818.0,Wallet,Success,2026-06-29
TXN04094,CUST0713,PROD063,18524.1,Credit Card,Success,2026-04-12
TXN04095,CUST1404,PROD005,1808.04,Wallet,Success,2026-05-17
TXN04096,CUST1319,PROD043,6047.39,UPI,Success,2026-07-21
TXN04097,CUST0660,PROD029,8044.06,Debit Card,Success,2026-04-10
TXN04098,CUST0126,PROD036,8928.08,Net Banking,Success,2026-05-14
TXN04099,CUST1228,PROD039,17560.92,Wallet,Failed,2026-04-07
TXN04100,CUST1211,PROD035,10273.56,UPI,Success,2026-05-13
TXN04101,CUST0025,PROD084,5079.84,UPI,Success,2026-07-26
TXN04102,CUST0110,PROD059,15999.06,UPI,Success,2026-01-02
TXN04103,CUST0996,PROD098,17260.13,Net Banking,Success,2026-06-17
TXN04104,CUST1176,PROD040,11991.26,Credit Card,Success,2026-07-27
TXN04105,CUST0910,PROD068,2244.62,UPI,Success,2026-08-15
TXN04106,CUST0219,PROD074,14128.99,UPI,Success,2026-04-19
TXN04107,CUST0570,PROD079,667.8,Debit Card,Success,2026-01-24
TXN04108,CUST0602,PROD012,18907.3,Debit Card,Success,2026-07-27
TXN04109,CUST1740,PROD076,8572.91,Credit Card,Success,2026-03-13
TXN04110,CUST0478,PROD086,13307.19,Wallet,Success,2026-03-19
TXN04111,CUST1437,PROD044,7605.71,Credit Card,Failed,2026-02-11
TXN04112,CUST0224,PROD062,15567.87,Credit Card,Success,2026-01-07
TXN04113,CUST0738,PROD032,18156.06,UPI,Success,2026-08-13
TXN04114,CUST1265,PROD089,15979.95,Credit Card,Success,2026-05-30
TXN04115,CUST1284,PROD052,19602.95,Net Banking,Success,2026-02-24
TXN04116,CUST1961,PROD095,12345.79,Net Banking,Success,2026-06-15
TXN04117,CUST0213,PROD059,4485.83,Debit Card,Success,2026-05-26
TXN04118,CUST1423,PROD020,5606.32,Credit Card,Success,2026-05-07
TXN04119,CUST1624,PROD096,16273.39,Debit Card,Failed,2026-07-30
TXN04120,CUST0771,PROD043,19401.03,Wallet,Success,2026-03-04
TXN04121,CUST1774,PROD062,13245.29,Wallet,Success,2026-04-10
TXN04122,CUST1360,PROD012,5363.34,Credit Card,Success,2026-01-21
TXN04123,CUST1181,PROD026,15862.41,Net Banking,Failed,2026-08-18
TXN04124,CUST0800,PROD057,18757.07,UPI,Success,2026-04-21
TXN04125,CUST0746,PROD072,12893.46,Credit Card,Success,2026-05-03
TXN04126,CUST0948,PROD078,2680.85,UPI,Success,2026-08-14
TXN04127,CUST0280,PROD044,685.05,Wallet,Failed,2026-06-28
TXN04128,CUST1255,PROD025,18702.36,Debit Card,Success,2026-04-05
TXN04129,CUST0620,PROD052,4330.79,Wallet,Failed,2026-06-01
TXN04130,CUST0918,PROD002,2212.16,Debit Card,Success,2026-03-17
TXN04131,CUST0996,PROD001,16969.71,Wallet,Success,2026-03-01
TXN04132,CUST0514,PROD085,2819.94,UPI,Failed,2026-06-28
TXN04133,CUST0810,PROD051,19084.54,Credit Card,Success,2026-05-30
TXN04134,CUST0660,PROD017,12165.87,UPI,Success,2026-08-07
TXN04135,CUST0049,PROD080,18493.55,UPI,Success,2026-04-10
TXN04136,CUST0099,PROD086,1788.05,UPI,Success,2026-07-23
TXN04137,CUST0171,PROD042,8597.82,UPI,Failed,2026-04-17
TXN04138,CUST0942,PROD025,11324.59,Debit Card,Failed,2026-07-21
TXN04139,CUST1284,PROD066,1821.63,Credit Card,Success,2026-01-23
TXN04140,CUST0097,PROD087,14849.37,Credit Card,Success,2026-05-12
TXN04141,CUST1088,PROD039,13386.99,Wallet,Failed,2026-04-07
TXN04142,CUST0105,PROD098,13671.9,Wallet,Success,2026-08-16
TXN04143,CUST0980,PROD017,4093.51,UPI,Success,2026-02-25
TXN04144,CUST0541,PROD086,5395.51,Net Banking,Success,2026-02-01
TXN04145,CUST1943,PROD081,5051.24,Debit Card,Success,2026-04-16
TXN04146,CUST1485,PROD054,1590.1,Credit Card,Success,2026-02-05
TXN04147,CUST1582,PROD068,11029.62,Credit Card,Success,2026-08-13
TXN04148,CUST0842,PROD028,15062.93,Net Banking,Success,2026-05-15
TXN04149,CUST0249,PROD062,7811.25,Credit Card,Success,2026-06-13
TXN04150,CUST0319,PROD025,8386.51,UPI,Success,2026-07-15
TXN04151,CUST1245,PROD031,8586.5,Debit Card,Failed,2026-02-18
TXN04152,CUST1211,PROD009,8393.78,Net Banking,Success,2026-04-29
TXN04153,CUST0031,PROD032,3117.37,Wallet,Success,2026-07-20
TXN04154,CUST1461,PROD074,14736.62,Credit Card,Success,2026-06-18
TXN04155,CUST0287,PROD069,3153.86,Net Banking,Success,2026-08-16
TXN04156,CUST1867,PROD014,3661.14,Wallet,Success,2026-08-16
TXN04157,CUST0945,PROD075,5348.73,Wallet,Failed,2026-08-05
TXN04158,CUST0658,PROD022,18738.39,Credit Card,Failed,2026-03-22
TXN04159,CUST0849,PROD098,5293.81,Wallet,Success,2026-03-19
TXN04160,CUST1557,PROD032,16068.41,Net Banking,Failed,2026-07-11
TXN04161,CUST0891,PROD065,2436.72,UPI,Success,2026-08-15
TXN04162,CUST0634,PROD029,4571.57,Debit Card,Success,2026-04-20
TXN04163,CUST1240,PROD091,10490.8,Wallet,Success,2026-03-24
TXN04164,CUST0981,PROD011,16850.04,Debit Card,Failed,2026-03-23
TXN04165,CUST1383,PROD085,15678.36,Net Banking,Success,2026-01-15
TXN04166,CUST1598,PROD062,10706.8,UPI,Success,2026-06-06
TXN04167,CUST1889,PROD046,11627.12,Credit Card,Success,2026-06-26
TXN04168,CUST1461,PROD094,5475.64,Credit Card,Success,2026-04-10
TXN04169,CUST0345,PROD015,8366.63,Net Banking,Success,2026-08-15
TXN04170,CUST1485,PROD003,4484.01,Debit Card,Failed,2026-02-18
TXN04171,CUST0609,PROD010,10796.71,Credit Card,Failed,2026-01-02
TXN04172,CUST0655,PROD045,13226.3,Wallet,Success,2026-05-31
TXN04173,CUST0960,PROD099,4702.09,Wallet,Success,2026-04-27
TXN04174,CUST1233,PROD046,19539.57,Wallet,Success,2026-08-07
TXN04175,CUST1564,PROD045,1535.47,Credit Card,Success,2026-06-14
TXN04176,CUST1475,PROD058,5534.76,UPI,Success,2026-01-22
TXN04177,CUST0982,PROD087,4488.11,Net Banking,Success,2026-04-11
TXN04178,CUST0448,PROD091,10648.58,Debit Card,Success,2026-02-07
TXN04179,CUST1962,PROD084,9367.73,UPI,Success,2026-04-21
TXN04180,CUST0329,PROD047,18971.88,Credit Card,Success,2026-03-16
TXN04181,CUST0426,PROD004,15970.36,UPI,Success,2026-05-20
TXN04182,CUST0815,PROD032,835.05,Credit Card,Failed,2026-05-11
TXN04183,CUST1975,PROD022,12639.92,Wallet,Success,2026-06-13
TXN04184,CUST1048,PROD060,4618.8,Credit Card,Success,2026-08-03
TXN04185,CUST0081,PROD061,13722.45,Wallet,Success,2026-05-14
TXN04186,CUST0171,PROD022,12806.2,Net Banking,Success,2026-02-28
TXN04187,CUST1562,PROD038,10986.42,Credit Card,Success,2026-02-08
TXN04188,CUST0967,PROD018,330.35,Net Banking,Success,2026-06-07
TXN04189,CUST1128,PROD038,2926.99,Debit Card,Success,2026-05-01
TXN04190,CUST0895,PROD088,14386.11,Wallet,Success,2026-05-06
TXN04191,CUST1561,PROD027,12658.77,UPI,Success,2026-03-25
TXN04192,CUST1280,PROD094,14667.11,Debit Card,Success,2026-04-01
TXN04193,CUST1402,PROD091,585.79,UPI,Success,2026-04-04
TXN04194,CUST1052,PROD015,12445.18,Wallet,Success,2026-06-26
TXN04195,CUST1455,PROD017,2750.66,Credit Card,Success,2026-08-13
TXN04196,CUST1414,PROD007,454.73,UPI,Success,2026-04-18
TXN04197,CUST0276,PROD017,4964.42,Credit Card,Failed,2026-01-10
TXN04198,CUST0473,PROD001,14166.71,Debit Card,Success,2026-02-18
TXN04199,CUST1797,PROD082,5638.23,Debit Card,Success,2026-04-27
TXN04200,CUST1177,PROD015,19616.1,Wallet,Success,2026-07-16
TXN04201,CUST1740,PROD072,796.69,UPI,Success,2026-06-05
TXN04202,CUST1453,PROD051,4578.05,Net Banking,Failed,2026-04-19
TXN04203,CUST0790,PROD072,9530.66,Debit Card,Success,2026-06-23
TXN04204,CUST0510,PROD027,17190.94,Debit Card,Success,2026-03-07
TXN04205,CUST1864,PROD033,1472.7,Net Banking,Success,2026-01-05
TXN04206,CUST0893,PROD051,5425.28,UPI,Success,2026-04-29
TXN04207,CUST1405,PROD070,5890.41,Debit Card,Failed,2026-07-21
TXN04208,CUST0057,PROD013,6718.12,UPI,Success,2026-06-17
TXN04209,CUST0834,PROD039,3025.49,Credit Card,Failed,2026-04-16
TXN04210,CUST0008,PROD076,2765.96,UPI,Success,2026-01-25
TXN04211,CUST0013,PROD041,16398.7,Wallet,Success,2026-06-17
TXN04212,CUST1261,PROD074,19568.85,UPI,Success,2026-04-17
TXN04213,CUST0251,PROD043,16761.85,Debit Card,Success,2026-07-01
TXN04214,CUST0328,PROD090,5041.94,Credit Card,Failed,2026-02-11
TXN04215,CUST1916,PROD007,6622.67,Wallet,Success,2026-08-03
TXN04216,CUST0934,PROD083,9012.06,Credit Card,Success,2026-03-19
TXN04217,CUST1887,PROD035,14855.37,Debit Card,Success,2026-06-29
TXN04218,CUST0829,PROD023,18780.71,Credit Card,Failed,2026-07-11
TXN04219,CUST0746,PROD006,15477.45,UPI,Success,2026-01-23
TXN04220,CUST1590,PROD021,16378.01,Wallet,Success,2026-03-23
TXN04221,CUST1710,PROD024,9367.54,Wallet,Failed,2026-06-30
TXN04222,CUST1103,PROD023,8156.95,UPI,Success,2026-02-26
TXN04223,CUST0566,PROD069,11833.71,UPI,Success,2026-03-02
TXN04224,CUST1861,PROD046,16086.36,Wallet,Success,2026-05-17
TXN04225,CUST1448,PROD098,11941.58,Wallet,Success,2026-01-31
TXN04226,CUST0139,PROD040,16570.98,Credit Card,Failed,2026-02-03
TXN04227,CUST1829,PROD029,7485.93,Debit Card,Success,2026-06-29
TXN04228,CUST1354,PROD094,7416.41,Credit Card,Success,2026-08-14
TXN04229,CUST0668,PROD095,15910.34,Net Banking,Success,2026-05-25
TXN04230,CUST0658,PROD057,10019.32,UPI,Success,2026-06-05
TXN04231,CUST1394,PROD025,15748.04,Wallet,Success,2026-06-01
TXN04232,CUST0038,PROD091,6247.91,Net Banking,Success,2026-03-26
TXN04233,CUST1990,PROD019,8954.61,Debit Card,Success,2026-03-06
TXN04234,CUST0180,PROD050,211.13,Debit Card,Failed,2026-05-26
TXN04235,CUST1169,PROD060,18248.96,UPI,Success,2026-01-10
TXN04236,CUST1351,PROD022,3794.37,Credit Card,Success,2026-07-18
TXN04237,CUST0777,PROD091,10529.42,Net Banking,Success,2026-07-18
TXN04238,CUST0016,PROD066,4076.0,Net Banking,Success,2026-04-28
TXN04239,CUST0267,PROD086,10250.23,Wallet,Failed,2026-05-28
TXN04240,CUST1265,PROD093,4700.17,Net Banking,Success,2026-06-25
TXN04241,CUST0800,PROD014,14861.38,Credit Card,Failed,2026-07-11
TXN04242,CUST1238,PROD097,12853.21,Wallet,Success,2026-05-28
TXN04243,CUST0956,PROD014,12741.34,Net Banking,Success,2026-03-26
TXN04244,CUST1869,PROD029,4382.62,Net Banking,Failed,2026-06-23
TXN04245,CUST1807,PROD067,13597.2,Credit Card,Failed,2026-08-14
TXN04246,CUST0749,PROD094,12925.63,Wallet,Failed,2026-05-24
TXN04247,CUST0813,PROD066,13108.83,Debit Card,Success,2026-05-20
TXN04248,CUST1985,PROD074,9454.75,Credit Card,Success,2026-06-28
TXN04249,CUST1458,PROD073,369.35,Net Banking,Success,2026-01-02
TXN04250,CUST1017,PROD076,5834.43,Wallet,Success,2026-05-30
TXN04251,CUST1602,PROD036,6390.13,Debit Card,Success,2026-06-25
TXN04252,CUST0568,PROD015,17029.98,Net Banking,Success,2026-01-12
TXN04253,CUST1191,PROD022,14927.58,Net Banking,Success,2026-02-04
TXN04254,CUST0584,PROD084,4798.74,Net Banking,Success,2026-07-16
TXN04255,CUST1164,PROD014,13849.51,Debit Card,Success,2026-01-08
TXN04256,CUST0699,PROD075,13114.74,Credit Card,Failed,2026-05-12
TXN04257,CUST1057,PROD043,19105.13,Wallet,Success,2026-06-13
TXN04258,CUST0947,PROD078,14140.05,Net Banking,Success,2026-05-27
TXN04259,CUST1037,PROD041,9118.7,Credit Card,Success,2026-07-13
TXN04260,CUST0676,PROD054,13386.66,Wallet,Success,2026-07-24
TXN04261,CUST0775,PROD062,10619.7,Credit Card,Success,2026-07-30
TXN04262,CUST1387,PROD005,9878.35,Credit Card,Success,2026-06-27
TXN04263,CUST0907,PROD084,13464.49,Net Banking,Success,2026-07-26
TXN04264,CUST1961,PROD050,2059.6,Credit Card,Success,2026-06-25
TXN04265,CUST1347,PROD004,12909.99,Net Banking,Failed,2026-01-01
TXN04266,CUST1095,PROD028,7880.5,Credit Card,Success,2026-02-10
TXN04267,CUST0405,PROD092,14289.67,Debit Card,Success,2026-03-24
TXN04268,CUST0484,PROD025,8294.24,Wallet,Success,2026-05-31
TXN04269,CUST0267,PROD071,6794.01,UPI,Success,2026-07-16
TXN04270,CUST0460,PROD012,15346.59,Net Banking,Success,2026-02-05
TXN04271,CUST0401,PROD021,9280.29,Debit Card,Success,2026-03-22
TXN04272,CUST0584,PROD080,9119.71,Wallet,Success,2026-03-09
TXN04273,CUST0386,PROD018,19377.86,Debit Card,Success,2026-03-04
TXN04274,CUST0998,PROD010,5981.98,Wallet,Success,2026-07-22
TXN04275,CUST1815,PROD005,11786.17,Debit Card,Success,2026-07-01
TXN04276,CUST0754,PROD045,13958.24,Credit Card,Success,2026-01-11
TXN04277,CUST0084,PROD053,2448.21,UPI,Success,2026-03-06
TXN04278,CUST0857,PROD040,5456.29,Debit Card,Failed,2026-07-22
TXN04279,CUST0562,PROD061,16024.07,Credit Card,Success,2026-01-29
TXN04280,CUST1129,PROD073,5135.77,Wallet,Success,2026-06-19
TXN04281,CUST1960,PROD082,3120.0,UPI,Success,2026-06-23
TXN04282,CUST0666,PROD004,8864.47,UPI,Success,2026-04-14
TXN04283,CUST0346,PROD020,18145.77,Credit Card,Success,2026-05-19
TXN04284,CUST0747,PROD050,6061.58,Wallet,Success,2026-04-18
TXN04285,CUST0509,PROD086,286.54,Debit Card,Success,2026-03-07
TXN04286,CUST0664,PROD044,11696.52,Credit Card,Success,2026-01-14
TXN04287,CUST0435,PROD091,6790.04,Net Banking,Success,2026-01-02
TXN04288,CUST0998,PROD099,10870.88,Debit Card,Success,2026-07-25
TXN04289,CUST0476,PROD083,2910.59,Credit Card,Failed,2026-04-15
TXN04290,CUST1482,PROD077,1421.99,Net Banking,Success,2026-06-23
TXN04291,CUST0060,PROD067,3723.28,Credit Card,Success,2026-07-09
TXN04292,CUST1159,PROD049,14473.28,Credit Card,Success,2026-07-29
TXN04293,CUST1823,PROD073,543.97,Credit Card,Success,2026-06-25
TXN04294,CUST0128,PROD073,8993.63,UPI,Success,2026-03-28
TXN04295,CUST0214,PROD059,15510.53,Net Banking,Success,2026-01-10
TXN04296,CUST0049,PROD093,1529.27,UPI,Success,2026-03-29
TXN04297,CUST0080,PROD008,4302.69,Credit Card,Success,2026-08-06
TXN04298,CUST0634,PROD079,856.66,Wallet,Success,2026-04-22
TXN04299,CUST1832,PROD021,18264.82,Credit Card,Success,2026-04-08
TXN04300,CUST1129,PROD084,4034.02,Credit Card,Failed,2026-03-02
TXN04301,CUST1505,PROD082,17132.33,Wallet,Success,2026-01-19
TXN04302,CUST1184,PROD049,15707.29,Credit Card,Success,2026-06-06
TXN04303,CUST0006,PROD044,4641.76,UPI,Success,2026-05-03
TXN04304,CUST0355,PROD054,1034.05,Wallet,Success,2026-01-15
TXN04305,CUST1812,PROD019,10315.98,Net Banking,Success,2026-06-17
TXN04306,CUST1534,PROD036,3800.26,UPI,Success,2026-07-19
TXN04307,CUST0586,PROD080,11281.26,Wallet,Failed,2026-05-06
TXN04308,CUST1821,PROD057,15827.86,Wallet,Success,2026-08-17
TXN04309,CUST0128,PROD052,4031.61,Wallet,Success,2026-02-10
TXN04310,CUST1967,PROD011,19620.84,Net Banking,Failed,2026-02-12
TXN04311,CUST1134,PROD007,18050.43,Net Banking,Success,2026-03-08
TXN04312,CUST0749,PROD065,11675.88,Debit Card,Success,2026-02-05
TXN04313,CUST0837,PROD002,16923.92,UPI,Success,2026-04-17
TXN04314,CUST1815,PROD034,8911.22,Debit Card,Success,2026-06-27
TXN04315,CUST0363,PROD047,9328.43,Wallet,Success,2026-04-26
TXN04316,CUST1424,PROD033,9491.62,Wallet,Success,2026-05-21
TXN04317,CUST0029,PROD057,271.35,Wallet,Success,2026-06-28
TXN04318,CUST0854,PROD041,9675.32,UPI,Success,2026-04-28
TXN04319,CUST0177,PROD019,18116.66,Wallet,Failed,2026-05-12
TXN04320,CUST0930,PROD020,11005.97,Net Banking,Failed,2026-02-09
TXN04321,CUST0126,PROD077,2899.35,Credit Card,Success,2026-07-23
TXN04322,CUST1408,PROD093,1609.78,Net Banking,Success,2026-06-14
TXN04323,CUST0245,PROD057,731.55,Credit Card,Success,2026-03-29
TXN04324,CUST0153,PROD083,10415.73,UPI,Success,2026-04-19
TXN04325,CUST0793,PROD094,14401.26,Wallet,Success,2026-05-19
TXN04326,CUST1628,PROD026,1670.56,Net Banking,Success,2026-08-03
TXN04327,CUST0626,PROD061,19394.4,Debit Card,Success,2026-05-28
TXN04328,CUST0296,PROD060,11736.14,UPI,Success,2026-02-18
TXN04329,CUST1559,PROD098,19934.83,Wallet,Success,2026-02-04
TXN04330,CUST0488,PROD048,13510.58,UPI,Success,2026-03-11
TXN04331,CUST1622,PROD003,1877.87,UPI,Failed,2026-06-04
TXN04332,CUST1140,PROD088,5381.49,Wallet,Success,2026-01-06
TXN04333,CUST0006,PROD090,2546.3,Wallet,Success,2026-01-01
TXN04334,CUST0996,PROD014,7466.98,Net Banking,Success,2026-01-11
TXN04335,CUST1329,PROD014,14545.72,Net Banking,Success,2026-01-15
TXN04336,CUST0120,PROD037,4676.56,Wallet,Failed,2026-04-19
TXN04337,CUST0764,PROD094,8964.16,Net Banking,Success,2026-04-08
TXN04338,CUST1328,PROD038,8363.22,UPI,Success,2026-06-21
TXN04339,CUST1996,PROD009,2013.5,Wallet,Success,2026-08-01
TXN04340,CUST0105,PROD087,9485.84,UPI,Success,2026-07-28
TXN04341,CUST1138,PROD095,7369.99,Credit Card,Success,2026-07-05
TXN04342,CUST0763,PROD007,3142.23,Debit Card,Failed,2026-06-20
TXN04343,CUST0970,PROD021,13784.34,Credit Card,Failed,2026-06-10
TXN04344,CUST0360,PROD005,1821.79,Credit Card,Failed,2026-06-22
TXN04345,CUST1846,PROD061,7416.59,Wallet,Success,2026-06-09
TXN04346,CUST0551,PROD083,9322.11,Debit Card,Success,2026-06-27
TXN04347,CUST1778,PROD077,8560.77,Net Banking,Success,2026-06-02
TXN04348,CUST0522,PROD098,3506.57,Net Banking,Failed,2026-02-08
TXN04349,CUST1564,PROD095,5306.72,Credit Card,Success,2026-06-16
TXN04350,CUST0577,PROD011,8208.38,Debit Card,Success,2026-01-29
TXN04351,CUST0903,PROD038,979.12,Debit Card,Success,2026-07-23
TXN04352,CUST1845,PROD025,4919.44,Wallet,Success,2026-07-19
TXN04353,CUST1779,PROD057,15830.41,Net Banking,Failed,2026-07-23
TXN04354,CUST1580,PROD088,12236.91,Wallet,Success,2026-04-08
TXN04355,CUST1523,PROD087,18030.09,UPI,Failed,2026-07-16
TXN04356,CUST0656,PROD044,10028.81,Net Banking,Success,2026-01-23
TXN04357,CUST1227,PROD085,1119.24,Wallet,Success,2026-04-03
TXN04358,CUST1261,PROD093,7941.51,UPI,Success,2026-05-11
TXN04359,CUST0559,PROD076,12323.03,UPI,Success,2026-05-12
TXN04360,CUST1958,PROD044,10165.65,Debit Card,Success,2026-02-13
TXN04361,CUST1381,PROD046,8995.33,Debit Card,Success,2026-03-09
TXN04362,CUST1157,PROD080,11635.66,Credit Card,Success,2026-04-22
TXN04363,CUST0530,PROD048,15344.08,Credit Card,Success,2026-03-23
TXN04364,CUST1509,PROD076,2363.75,UPI,Success,2026-08-19
TXN04365,CUST1417,PROD008,18238.67,Debit Card,Success,2026-05-13
TXN04366,CUST1971,PROD069,5155.65,Net Banking,Failed,2026-06-23
TXN04367,CUST1249,PROD071,13432.58,Debit Card,Failed,2026-07-06
TXN04368,CUST0456,PROD022,1712.21,Wallet,Success,2026-04-02
TXN04369,CUST0242,PROD065,13386.97,Net Banking,Success,2026-01-14
TXN04370,CUST1333,PROD036,13924.96,Wallet,Success,2026-08-06
TXN04371,CUST1798,PROD098,989.69,Credit Card,Success,2026-02-09
TXN04372,CUST0543,PROD020,7054.07,Credit Card,Success,2026-05-07
TXN04373,CUST0686,PROD043,6070.83,Credit Card,Failed,2026-07-31
TXN04374,CUST1059,PROD062,18443.49,UPI,Failed,2026-05-21
TXN04375,CUST0289,PROD009,17106.53,Debit Card,Success,2026-07-25
TXN04376,CUST1991,PROD088,5256.62,Wallet,Success,2026-07-06
TXN04377,CUST0916,PROD040,7854.61,Credit Card,Failed,2026-03-17
TXN04378,CUST0508,PROD059,19176.53,Wallet,Success,2026-05-04
TXN04379,CUST1398,PROD061,19736.0,Credit Card,Success,2026-08-14
TXN04380,CUST0538,PROD056,1754.75,Net Banking,Success,2026-02-16
TXN04381,CUST1097,PROD007,16211.71,Credit Card,Failed,2026-03-30
TXN04382,CUST1705,PROD024,8591.7,Net Banking,Failed,2026-08-10
TXN04383,CUST1884,PROD065,10465.71,Net Banking,Failed,2026-06-08
TXN04384,CUST1110,PROD068,9328.28,Debit Card,Success,2026-05-01
TXN04385,CUST0571,PROD043,10351.88,Net Banking,Success,2026-08-15
TXN04386,CUST1980,PROD009,4864.88,UPI,Failed,2026-01-02
TXN04387,CUST1897,PROD018,14496.46,Credit Card,Success,2026-05-29
TXN04388,CUST1824,PROD001,13886.87,Net Banking,Success,2026-06-04
TXN04389,CUST1425,PROD059,6790.85,Wallet,Success,2026-01-17
TXN04390,CUST0515,PROD049,17937.09,Wallet,Success,2026-05-13
TXN04391,CUST0228,PROD020,16837.87,Wallet,Success,2026-08-04
TXN04392,CUST1614,PROD038,9674.64,Net Banking,Success,2026-03-04
TXN04393,CUST0834,PROD016,18438.21,Debit Card,Success,2026-01-18
TXN04394,CUST1136,PROD052,2894.84,Credit Card,Success,2026-02-03
TXN04395,CUST1979,PROD060,758.81,Debit Card,Failed,2026-04-18
TXN04396,CUST0517,PROD067,799.07,Credit Card,Success,2026-03-22
TXN04397,CUST0776,PROD005,2800.13,Net Banking,Success,2026-02-03
TXN04398,CUST0495,PROD032,1246.58,Net Banking,Success,2026-08-03
TXN04399,CUST1656,PROD084,14366.37,UPI,Failed,2026-05-06
TXN04400,CUST0848,PROD082,13044.26,Debit Card,Success,2026-03-14
TXN04401,CUST1787,PROD046,8483.72,UPI,Success,2026-08-09
TXN04402,CUST0267,PROD081,1714.66,UPI,Success,2026-05-20
TXN04403,CUST1116,PROD024,11240.49,Wallet,Success,2026-05-05
TXN04404,CUST1856,PROD051,8440.69,Debit Card,Success,2026-03-23
TXN04405,CUST1276,PROD066,6760.32,Net Banking,Success,2026-04-13
TXN04406,CUST0725,PROD056,6656.85,Debit Card,Success,2026-08-02
TXN04407,CUST1071,PROD004,3471.9,Wallet,Failed,2026-08-07
TXN04408,CUST0361,PROD044,2962.29,Wallet,Failed,2026-02-13
TXN04409,CUST0781,PROD056,11763.19,Wallet,Success,2026-03-22
TXN04410,CUST0799,PROD076,18462.38,Wallet,Success,2026-06-05
TXN04411,CUST0360,PROD069,10129.73,Wallet,Success,2026-02-10
TXN04412,CUST0920,PROD005,6701.1,Credit Card,Success,2026-01-12
TXN04413,CUST1372,PROD029,16826.75,Wallet,Failed,2026-02-12
TXN04414,CUST1138,PROD059,2005.18,Credit Card,Success,2026-07-07
TXN04415,CUST1528,PROD021,18375.69,Net Banking,Success,2026-02-23
TXN04416,CUST1072,PROD056,19607.22,Net Banking,Success,2026-02-02
TXN04417,CUST1117,PROD050,2896.44,Debit Card,Success,2026-05-19
TXN04418,CUST0966,PROD019,10677.85,Net Banking,Success,2026-07-09
TXN04419,CUST1480,PROD032,3160.96,Net Banking,Success,2026-05-10
TXN04420,CUST1150,PROD029,16657.0,UPI,Success,2026-04-23
TXN04421,CUST0833,PROD024,13383.59,Credit Card,Success,2026-02-28
TXN04422,CUST1307,PROD082,7069.78,Debit Card,Success,2026-08-11
TXN04423,CUST0498,PROD044,17836.01,Credit Card,Success,2026-02-14
TXN04424,CUST1759,PROD058,10094.17,UPI,Success,2026-07-02
TXN04425,CUST0522,PROD043,4416.72,Debit Card,Failed,2026-05-16
TXN04426,CUST0963,PROD028,1405.73,Net Banking,Success,2026-02-02
TXN04427,CUST1527,PROD082,13450.04,Credit Card,Failed,2026-02-02
TXN04428,CUST0706,PROD058,18471.06,Debit Card,Success,2026-01-06
TXN04429,CUST1616,PROD033,1026.82,Credit Card,Success,2026-07-06
TXN04430,CUST0701,PROD044,5949.0,Wallet,Failed,2026-04-16
TXN04431,CUST1488,PROD090,13741.88,Net Banking,Success,2026-05-29
TXN04432,CUST1330,PROD005,6004.8,Net Banking,Success,2026-01-27
TXN04433,CUST1989,PROD072,10841.25,Debit Card,Failed,2026-01-18
TXN04434,CUST0863,PROD082,15729.97,Net Banking,Success,2026-03-15
TXN04435,CUST0477,PROD068,7941.29,Debit Card,Success,2026-07-21
TXN04436,CUST1247,PROD002,6081.0,Wallet,Success,2026-03-13
TXN04437,CUST1529,PROD086,8738.44,Credit Card,Success,2026-07-11
TXN04438,CUST0384,PROD092,3730.65,UPI,Success,2026-08-06
TXN04439,CUST0581,PROD070,12125.3,Wallet,Success,2026-04-01
TXN04440,CUST1881,PROD089,8866.52,Net Banking,Success,2026-01-03
TXN04441,CUST0490,PROD087,12376.21,Wallet,Failed,2026-03-22
TXN04442,CUST1388,PROD036,19185.96,Debit Card,Success,2026-04-18
TXN04443,CUST1000,PROD053,675.78,Wallet,Success,2026-05-23
TXN04444,CUST0423,PROD008,1885.84,UPI,Success,2026-07-03
TXN04445,CUST1761,PROD032,11603.23,UPI,Success,2026-01-08
TXN04446,CUST1478,PROD065,10076.22,Net Banking,Success,2026-08-10
TXN04447,CUST1115,PROD029,5105.47,Wallet,Failed,2026-04-19
TXN04448,CUST0110,PROD042,17843.63,UPI,Success,2026-05-21
TXN04449,CUST1108,PROD087,534.79,Debit Card,Success,2026-01-30
TXN04450,CUST0424,PROD059,5748.03,Credit Card,Success,2026-07-26
TXN04451,CUST0827,PROD059,619.28,Net Banking,Success,2026-06-12
TXN04452,CUST0340,PROD066,15385.54,Debit Card,Success,2026-01-19
TXN04453,CUST0750,PROD078,8743.57,Debit Card,Success,2026-06-08
TXN04454,CUST1428,PROD075,13422.16,Debit Card,Success,2026-03-17
TXN04455,CUST0698,PROD073,6996.54,Debit Card,Success,2026-05-26
TXN04456,CUST0053,PROD044,6619.36,Credit Card,Success,2026-06-16
TXN04457,CUST0275,PROD073,14259.46,Net Banking,Success,2026-01-22
TXN04458,CUST0616,PROD066,7418.09,Debit Card,Success,2026-08-16
TXN04459,CUST1146,PROD029,12560.46,Debit Card,Success,2026-02-11
TXN04460,CUST1514,PROD085,17958.31,UPI,Success,2026-02-06
TXN04461,CUST1832,PROD086,15518.07,Wallet,Success,2026-06-15
TXN04462,CUST1587,PROD098,1671.26,Debit Card,Success,2026-06-16
TXN04463,CUST1790,PROD009,12283.12,Credit Card,Success,2026-07-01
TXN04464,CUST0614,PROD048,9930.24,Debit Card,Success,2026-07-01
TXN04465,CUST0306,PROD008,16115.85,Credit Card,Success,2026-01-11
TXN04466,CUST1292,PROD050,15347.68,Debit Card,Success,2026-08-14
TXN04467,CUST0415,PROD004,10355.24,Wallet,Success,2026-07-18
TXN04468,CUST0615,PROD008,3933.35,Debit Card,Success,2026-07-06
TXN04469,CUST0353,PROD093,18756.4,Credit Card,Success,2026-07-21
TXN04470,CUST1799,PROD037,390.22,Credit Card,Failed,2026-06-29
TXN04471,CUST0411,PROD099,8842.86,UPI,Failed,2026-03-16
TXN04472,CUST0514,PROD012,3685.34,UPI,Failed,2026-07-03
TXN04473,CUST1846,PROD005,7361.61,Credit Card,Success,2026-08-01
TXN04474,CUST0980,PROD074,6476.29,UPI,Success,2026-05-26
TXN04475,CUST0579,PROD062,12234.09,UPI,Success,2026-03-06
TXN04476,CUST1640,PROD084,4886.0,Debit Card,Success,2026-02-09
TXN04477,CUST0833,PROD002,1909.61,Wallet,Success,2026-08-19
TXN04478,CUST1956,PROD015,4238.14,Credit Card,Success,2026-03-19
TXN04479,CUST1641,PROD065,14259.04,UPI,Success,2026-05-02
TXN04480,CUST0439,PROD077,15389.31,Net Banking,Success,2026-06-09
TXN04481,CUST1828,PROD060,8664.88,UPI,Success,2026-04-17
TXN04482,CUST1011,PROD031,5949.01,UPI,Success,2026-02-02
TXN04483,CUST0309,PROD004,15510.79,UPI,Success,2026-06-08
TXN04484,CUST1030,PROD011,19879.85,UPI,Success,2026-01-11
TXN04485,CUST1213,PROD040,11297.57,Wallet,Failed,2026-02-11
TXN04486,CUST1948,PROD078,1204.64,Wallet,Success,2026-05-20
TXN04487,CUST1185,PROD049,13613.06,Debit Card,Success,2026-03-19
TXN04488,CUST0386,PROD015,16525.13,Wallet,Failed,2026-01-28
TXN04489,CUST0074,PROD066,3250.78,Credit Card,Success,2026-06-21
TXN04490,CUST0658,PROD051,19291.67,Credit Card,Success,2026-07-06
TXN04491,CUST0906,PROD020,4823.39,Net Banking,Success,2026-04-21
TXN04492,CUST0111,PROD039,19481.22,UPI,Success,2026-07-02
TXN04493,CUST0175,PROD002,17193.5,Wallet,Failed,2026-02-25
TXN04494,CUST0189,PROD080,2480.0,Net Banking,Success,2026-05-10
TXN04495,CUST0074,PROD042,16300.18,UPI,Success,2026-01-08
TXN04496,CUST1480,PROD027,15678.09,Credit Card,Success,2026-01-06
TXN04497,CUST1952,PROD034,11930.19,UPI,Success,2026-04-21
TXN04498,CUST0157,PROD033,17908.44,Net Banking,Success,2026-05-02
TXN04499,CUST0119,PROD092,10019.44,Credit Card,Success,2026-03-30
TXN04500,CUST1449,PROD084,9292.76,UPI,Success,2026-02-27
TXN04501,CUST1549,PROD096,4337.56,UPI,Success,2026-04-11
TXN04502,CUST1357,PROD064,19201.68,UPI,Success,2026-05-09
TXN04503,CUST1336,PROD086,14938.19,UPI,Success,2026-07-16
TXN04504,CUST1579,PROD089,15149.85,UPI,Success,2026-08-05
TXN04505,CUST1556,PROD074,12318.62,Credit Card,Success,2026-08-09
TXN04506,CUST0870,PROD052,17419.0,UPI,Success,2026-01-06
TXN04507,CUST1217,PROD078,5762.52,Net Banking,Success,2026-06-02
TXN04508,CUST1406,PROD078,5062.18,Credit Card,Success,2026-07-03
TXN04509,CUST0447,PROD089,9332.01,Net Banking,Success,2026-01-08
TXN04510,CUST1521,PROD088,6501.86,UPI,Success,2026-07-29
TXN04511,CUST1188,PROD064,17359.63,Debit Card,Success,2026-01-17
TXN04512,CUST1146,PROD054,4118.43,Credit Card,Success,2026-02-16
TXN04513,CUST0442,PROD004,16021.81,Debit Card,Failed,2026-04-14
TXN04514,CUST1594,PROD063,6004.42,Wallet,Failed,2026-08-14
TXN04515,CUST1131,PROD025,12536.41,Credit Card,Success,2026-06-16
TXN04516,CUST0959,PROD043,12075.62,Wallet,Success,2026-01-02
TXN04517,CUST0382,PROD019,10587.06,Debit Card,Failed,2026-08-16
TXN04518,CUST1718,PROD089,2999.19,Wallet,Success,2026-04-06
TXN04519,CUST1522,PROD036,7250.2,UPI,Success,2026-08-11
TXN04520,CUST1271,PROD099,2463.69,Net Banking,Success,2026-05-28
TXN04521,CUST1974,PROD028,18402.89,Credit Card,Success,2026-05-13
TXN04522,CUST0878,PROD064,10944.69,Wallet,Success,2026-02-22
TXN04523,CUST0401,PROD051,17585.08,Credit Card,Success,2026-08-04
TXN04524,CUST1952,PROD031,10731.4,Debit Card,Success,2026-01-09
TXN04525,CUST0843,PROD033,8891.72,Debit Card,Success,2026-05-13
TXN04526,CUST0863,PROD036,10441.76,Net Banking,Success,2026-07-08
TXN04527,CUST0202,PROD051,4771.59,UPI,Success,2026-07-16
TXN04528,CUST0080,PROD052,4714.1,Debit Card,Success,2026-04-28
TXN04529,CUST1824,PROD022,11586.73,Net Banking,Success,2026-05-04
TXN04530,CUST0250,PROD034,7295.33,UPI,Failed,2026-03-19
TXN04531,CUST0212,PROD015,15036.08,Debit Card,Success,2026-03-10
TXN04532,CUST0758,PROD057,3729.6,Debit Card,Success,2026-01-29
TXN04533,CUST1440,PROD049,17854.32,Net Banking,Failed,2026-01-19
TXN04534,CUST0781,PROD016,2219.15,UPI,Success,2026-04-09
TXN04535,CUST1798,PROD049,1707.33,Wallet,Success,2026-05-13
TXN04536,CUST0819,PROD096,15017.18,Debit Card,Success,2026-07-20
TXN04537,CUST0696,PROD091,12685.73,Debit Card,Success,2026-04-08
TXN04538,CUST0360,PROD095,8085.08,Net Banking,Failed,2026-03-05
TXN04539,CUST1543,PROD033,18513.01,Credit Card,Success,2026-07-19
TXN04540,CUST0926,PROD012,19775.04,UPI,Success,2026-07-26
TXN04541,CUST0595,PROD087,5599.28,Debit Card,Success,2026-06-25
TXN04542,CUST0693,PROD073,7212.61,Net Banking,Success,2026-04-16
TXN04543,CUST0019,PROD030,19851.03,UPI,Success,2026-08-06
TXN04544,CUST1231,PROD053,12941.87,Credit Card,Success,2026-02-05
TXN04545,CUST1589,PROD020,19137.93,Net Banking,Failed,2026-05-14
TXN04546,CUST0966,PROD035,13802.38,UPI,Success,2026-06-26
TXN04547,CUST1524,PROD027,7933.46,Credit Card,Failed,2026-05-16
TXN04548,CUST0753,PROD085,15764.85,Wallet,Success,2026-01-15
TXN04549,CUST1716,PROD087,12693.42,Wallet,Success,2026-01-06
TXN04550,CUST0530,PROD004,15661.67,Wallet,Success,2026-06-04
TXN04551,CUST0833,PROD088,18390.69,UPI,Failed,2026-04-03
TXN04552,CUST0233,PROD009,3941.72,Debit Card,Success,2026-07-25
TXN04553,CUST0493,PROD036,16361.68,Debit Card,Failed,2026-06-10
TXN04554,CUST0558,PROD025,17457.78,Net Banking,Success,2026-05-02
TXN04555,CUST0032,PROD089,8515.45,Net Banking,Failed,2026-07-27
TXN04556,CUST0678,PROD092,13283.18,UPI,Success,2026-03-27
TXN04557,CUST1662,PROD024,11959.57,Debit Card,Success,2026-04-01
TXN04558,CUST1256,PROD096,7866.52,Debit Card,Success,2026-05-28
TXN04559,CUST0284,PROD011,19623.24,Net Banking,Success,2026-07-12
TXN04560,CUST1731,PROD056,2782.53,Credit Card,Failed,2026-03-29
TXN04561,CUST0016,PROD002,2422.47,UPI,Success,2026-07-10
TXN04562,CUST0420,PROD035,6259.45,Debit Card,Success,2026-05-29
TXN04563,CUST1199,PROD024,4837.85,UPI,Success,2026-06-22
TXN04564,CUST1458,PROD028,11105.9,Credit Card,Success,2026-07-30
TXN04565,CUST0571,PROD094,10384.86,UPI,Success,2026-05-05
TXN04566,CUST0109,PROD012,9010.13,Wallet,Success,2026-04-30
TXN04567,CUST0257,PROD088,14299.64,Debit Card,Success,2026-03-14
TXN04568,CUST0830,PROD010,14805.81,UPI,Success,2026-03-03
TXN04569,CUST1790,PROD100,18940.43,Debit Card,Failed,2026-05-25
TXN04570,CUST0578,PROD012,14037.25,Debit Card,Success,2026-08-07
TXN04571,CUST1282,PROD091,17842.33,Credit Card,Success,2026-08-06
TXN04572,CUST1462,PROD045,15522.59,Wallet,Success,2026-07-21
TXN04573,CUST1311,PROD028,9771.19,Wallet,Success,2026-06-22
TXN04574,CUST1461,PROD046,17217.02,Net Banking,Failed,2026-06-18
TXN04575,CUST1137,PROD016,13258.99,Credit Card,Success,2026-01-13
TXN04576,CUST1814,PROD042,7691.47,Net Banking,Success,2026-06-13
TXN04577,CUST0197,PROD011,6964.7,Credit Card,Success,2026-05-24
TXN04578,CUST1712,PROD068,17333.03,UPI,Failed,2026-04-30
TXN04579,CUST1619,PROD077,5696.39,UPI,Success,2026-07-04
TXN04580,CUST1491,PROD074,2592.26,UPI,Success,2026-04-17
TXN04581,CUST0616,PROD052,5304.34,UPI,Success,2026-04-08
TXN04582,CUST1194,PROD065,4974.13,Wallet,Success,2026-07-14
TXN04583,CUST0744,PROD039,3614.75,Debit Card,Success,2026-07-16
TXN04584,CUST0436,PROD094,16303.99,Wallet,Failed,2026-06-21
TXN04585,CUST1758,PROD084,15354.81,Credit Card,Success,2026-07-01
TXN04586,CUST1018,PROD093,13448.29,Wallet,Success,2026-03-16
TXN04587,CUST0939,PROD001,1318.82,Wallet,Success,2026-05-24
TXN04588,CUST1296,PROD019,6944.61,Debit Card,Success,2026-02-14
TXN04589,CUST0322,PROD012,15069.09,Wallet,Success,2026-07-06
TXN04590,CUST1128,PROD021,15148.04,Net Banking,Failed,2026-04-14
TXN04591,CUST1990,PROD075,1395.98,Net Banking,Success,2026-04-15
TXN04592,CUST1491,PROD003,3138.37,Debit Card,Success,2026-04-21
TXN04593,CUST1125,PROD028,16613.11,Debit Card,Success,2026-06-15
TXN04594,CUST0130,PROD053,6287.29,Wallet,Success,2026-07-14
TXN04595,CUST1997,PROD014,15417.01,UPI,Success,2026-01-01
TXN04596,CUST1399,PROD096,9553.25,Wallet,Success,2026-08-01
TXN04597,CUST0916,PROD006,16252.7,Wallet,Success,2026-05-05
TXN04598,CUST1081,PROD081,10339.89,Net Banking,Success,2026-07-07
TXN04599,CUST1539,PROD075,4650.97,Net Banking,Success,2026-01-10
TXN04600,CUST1169,PROD066,4844.65,Debit Card,Failed,2026-05-10
TXN04601,CUST0317,PROD087,13965.84,Net Banking,Success,2026-04-22
TXN04602,CUST1108,PROD057,17331.59,Credit Card,Failed,2026-06-25
TXN04603,CUST0840,PROD045,1373.45,Debit Card,Success,2026-05-02
TXN04604,CUST1664,PROD044,8020.36,Credit Card,Success,2026-04-24
TXN04605,CUST0965,PROD051,7336.92,UPI,Failed,2026-03-12
TXN04606,CUST1045,PROD021,10142.47,Wallet,Success,2026-04-25
TXN04607,CUST1021,PROD062,11632.42,UPI,Success,2026-01-01
TXN04608,CUST0630,PROD043,15341.34,Credit Card,Success,2026-07-13
TXN04609,CUST0381,PROD056,19504.38,Wallet,Success,2026-04-12
TXN04610,CUST0120,PROD028,2675.15,Net Banking,Success,2026-07-10
TXN04611,CUST0708,PROD022,19070.0,Net Banking,Success,2026-04-06
TXN04612,CUST0495,PROD002,12313.4,UPI,Success,2026-07-03
TXN04613,CUST1544,PROD100,16436.35,UPI,Success,2026-07-18
TXN04614,CUST0466,PROD043,1913.52,Debit Card,Success,2026-05-12
TXN04615,CUST1326,PROD020,5580.91,Net Banking,Success,2026-04-13
TXN04616,CUST0251,PROD017,6983.44,Credit Card,Success,2026-05-23
TXN04617,CUST1557,PROD082,11580.17,UPI,Success,2026-01-07
TXN04618,CUST1722,PROD027,8108.92,Net Banking,Failed,2026-07-16
TXN04619,CUST1907,PROD027,4043.63,Net Banking,Success,2026-05-07
TXN04620,CUST0445,PROD034,2764.47,Debit Card,Success,2026-05-17
TXN04621,CUST0327,PROD099,18940.08,Credit Card,Success,2026-05-14
TXN04622,CUST0287,PROD029,10046.39,Credit Card,Success,2026-02-15
TXN04623,CUST1538,PROD075,4316.37,Credit Card,Success,2026-01-10
TXN04624,CUST1470,PROD061,16526.13,UPI,Success,2026-07-07
TXN04625,CUST1113,PROD089,11764.53,Credit Card,Success,2026-02-06
TXN04626,CUST1917,PROD005,4247.4,UPI,Success,2026-04-25
TXN04627,CUST0405,PROD025,4817.79,Credit Card,Success,2026-07-14
TXN04628,CUST1295,PROD081,10840.64,Wallet,Success,2026-07-27
TXN04629,CUST1093,PROD036,7469.26,UPI,Success,2026-06-12
TXN04630,CUST0738,PROD083,9839.94,UPI,Success,2026-05-21
TXN04631,CUST0952,PROD029,8909.79,Wallet,Success,2026-06-01
TXN04632,CUST1542,PROD088,13615.13,Net Banking,Failed,2026-05-03
TXN04633,CUST1350,PROD050,10899.0,Net Banking,Success,2026-08-17
TXN04634,CUST0757,PROD091,7259.54,Credit Card,Success,2026-03-19
TXN04635,CUST0753,PROD063,13380.62,Credit Card,Success,2026-05-19
TXN04636,CUST1272,PROD086,3315.37,UPI,Success,2026-03-16
TXN04637,CUST0423,PROD092,3080.3,Net Banking,Success,2026-07-30
TXN04638,CUST1327,PROD078,8687.79,Debit Card,Failed,2026-05-16
TXN04639,CUST0419,PROD034,14571.39,Wallet,Failed,2026-02-03
TXN04640,CUST0438,PROD082,16095.22,Credit Card,Failed,2026-01-10
TXN04641,CUST0936,PROD079,18221.53,Wallet,Success,2026-04-30
TXN04642,CUST1388,PROD028,1789.99,UPI,Success,2026-04-06
TXN04643,CUST0338,PROD013,11958.49,Wallet,Success,2026-04-06
TXN04644,CUST1975,PROD045,15997.78,UPI,Success,2026-07-19
TXN04645,CUST0262,PROD043,431.33,Net Banking,Failed,2026-04-22
TXN04646,CUST0830,PROD082,13487.67,Net Banking,Success,2026-01-10
TXN04647,CUST0458,PROD039,9985.4,UPI,Success,2026-05-01
TXN04648,CUST1698,PROD073,11624.72,Net Banking,Success,2026-05-17
TXN04649,CUST0292,PROD072,11754.79,Wallet,Success,2026-07-05
TXN04650,CUST1824,PROD094,219.2,Debit Card,Success,2026-05-16
TXN04651,CUST0636,PROD019,17159.02,Credit Card,Success,2026-04-08
TXN04652,CUST0212,PROD042,7178.9,Net Banking,Success,2026-07-14
TXN04653,CUST1859,PROD087,8946.97,Wallet,Success,2026-02-22
TXN04654,CUST0467,PROD077,12153.61,Debit Card,Failed,2026-06-07
TXN04655,CUST0592,PROD001,4181.04,Debit Card,Success,2026-05-25
TXN04656,CUST1614,PROD096,5862.73,Net Banking,Success,2026-04-03
TXN04657,CUST0407,PROD010,9504.62,Net Banking,Success,2026-05-12
TXN04658,CUST0065,PROD007,3162.42,UPI,Success,2026-08-07
TXN04659,CUST1357,PROD019,14778.77,Credit Card,Success,2026-04-30
TXN04660,CUST1376,PROD049,4584.66,Credit Card,Success,2026-07-10
TXN04661,CUST1507,PROD050,13204.87,Credit Card,Success,2026-04-29
TXN04662,CUST0349,PROD094,4249.2,Net Banking,Success,2026-05-10
TXN04663,CUST1156,PROD028,12048.11,Net Banking,Success,2026-01-17
TXN04664,CUST0011,PROD013,11689.15,Wallet,Success,2026-01-09
TXN04665,CUST0620,PROD071,10484.07,UPI,Success,2026-04-12
TXN04666,CUST0426,PROD096,3254.19,Debit Card,Success,2026-03-21
TXN04667,CUST1585,PROD099,11240.89,Credit Card,Success,2026-05-27
TXN04668,CUST1053,PROD046,12357.95,Debit Card,Success,2026-06-11
TXN04669,CUST0992,PROD056,15940.2,Wallet,Success,2026-07-21
TXN04670,CUST1228,PROD026,10013.85,Debit Card,Success,2026-04-17
TXN04671,CUST1308,PROD072,2327.36,Debit Card,Success,2026-03-15
TXN04672,CUST1669,PROD032,14372.29,Net Banking,Failed,2026-04-18
TXN04673,CUST1711,PROD039,5247.84,Credit Card,Success,2026-05-07
TXN04674,CUST1106,PROD057,15408.65,UPI,Success,2026-08-14
TXN04675,CUST0268,PROD065,18879.02,Debit Card,Success,2026-01-08
TXN04676,CUST0895,PROD045,18384.14,Wallet,Success,2026-01-23
TXN04677,CUST0907,PROD070,16017.18,Net Banking,Success,2026-03-19
TXN04678,CUST0186,PROD076,10667.57,Wallet,Failed,2026-07-12
TXN04679,CUST0485,PROD057,5614.09,Debit Card,Success,2026-07-28
TXN04680,CUST0089,PROD078,16424.34,Debit Card,Failed,2026-05-11
TXN04681,CUST0439,PROD065,1003.42,Debit Card,Success,2026-02-10
TXN04682,CUST0307,PROD031,1092.56,Wallet,Failed,2026-08-09
TXN04683,CUST1698,PROD087,7920.7,Wallet,Success,2026-04-11
TXN04684,CUST0544,PROD029,6103.77,Credit Card,Success,2026-08-12
TXN04685,CUST0515,PROD068,8232.87,Credit Card,Success,2026-03-26
TXN04686,CUST0383,PROD014,13783.38,UPI,Success,2026-04-10
TXN04687,CUST1034,PROD058,1457.25,Wallet,Success,2026-05-14
TXN04688,CUST0430,PROD043,17382.07,Wallet,Success,2026-04-18
TXN04689,CUST0782,PROD055,213.7,Wallet,Success,2026-03-18
TXN04690,CUST0435,PROD062,8166.75,Debit Card,Success,2026-04-23
TXN04691,CUST0882,PROD095,18297.32,UPI,Success,2026-02-01
TXN04692,CUST0167,PROD024,3712.9,Debit Card,Success,2026-07-27
TXN04693,CUST1546,PROD031,14595.09,Net Banking,Success,2026-07-28
TXN04694,CUST0720,PROD071,15815.3,Wallet,Success,2026-07-01
TXN04695,CUST1308,PROD073,18078.23,UPI,Success,2026-01-12
TXN04696,CUST0252,PROD041,10518.45,Credit Card,Success,2026-02-26
TXN04697,CUST0764,PROD017,16932.83,Net Banking,Success,2026-04-17
TXN04698,CUST0206,PROD029,10409.37,UPI,Success,2026-03-22
TXN04699,CUST0343,PROD076,6906.97,Net Banking,Success,2026-08-07
TXN04700,CUST1618,PROD067,428.92,UPI,Success,2026-08-13
TXN04701,CUST0378,PROD038,16250.81,Net Banking,Success,2026-08-08
TXN04702,CUST1973,PROD070,2034.32,Wallet,Success,2026-04-06
TXN04703,CUST0789,PROD096,18303.75,UPI,Failed,2026-07-26
TXN04704,CUST0605,PROD078,11450.45,UPI,Success,2026-05-29
TXN04705,CUST1871,PROD052,12584.35,Debit Card,Success,2026-07-05
TXN04706,CUST1797,PROD046,6853.65,UPI,Failed,2026-05-28
TXN04707,CUST0456,PROD074,8353.33,UPI,Failed,2026-04-23
TXN04708,CUST0887,PROD085,9950.61,UPI,Failed,2026-05-04
TXN04709,CUST0024,PROD083,6361.54,Wallet,Success,2026-02-07
TXN04710,CUST1449,PROD021,15074.03,Wallet,Success,2026-08-06
TXN04711,CUST0036,PROD063,18384.5,UPI,Failed,2026-06-29
TXN04712,CUST0866,PROD011,3243.23,Credit Card,Success,2026-06-01
TXN04713,CUST1665,PROD018,1669.67,Debit Card,Failed,2026-02-19
TXN04714,CUST0723,PROD021,19242.07,Wallet,Success,2026-01-11
TXN04715,CUST0085,PROD086,1232.81,Credit Card,Success,2026-07-31
TXN04716,CUST1788,PROD087,1646.23,Net Banking,Success,2026-05-01
TXN04717,CUST1070,PROD072,7105.38,Net Banking,Success,2026-02-09
TXN04718,CUST1108,PROD001,7895.47,UPI,Success,2026-01-28
TXN04719,CUST1854,PROD054,15822.07,Credit Card,Success,2026-07-09
TXN04720,CUST1331,PROD030,18353.63,Wallet,Success,2026-04-10
TXN04721,CUST1932,PROD010,8700.66,UPI,Success,2026-05-06
TXN04722,CUST0226,PROD016,11176.47,UPI,Failed,2026-01-13
TXN04723,CUST0168,PROD016,13411.06,Credit Card,Failed,2026-02-03
TXN04724,CUST1729,PROD078,18538.07,UPI,Success,2026-02-20
TXN04725,CUST0665,PROD046,11757.59,Wallet,Success,2026-07-10
TXN04726,CUST1190,PROD093,18322.45,Net Banking,Success,2026-01-16
TXN04727,CUST0453,PROD015,15856.11,Debit Card,Failed,2026-07-28
TXN04728,CUST0882,PROD072,13230.49,Wallet,Success,2026-05-10
TXN04729,CUST1733,PROD003,17653.17,Net Banking,Success,2026-06-30
TXN04730,CUST1169,PROD098,8210.31,UPI,Success,2026-05-21
TXN04731,CUST0736,PROD004,7006.84,UPI,Success,2026-01-23
TXN04732,CUST1546,PROD007,16882.46,Net Banking,Success,2026-07-22
TXN04733,CUST1063,PROD016,8217.97,UPI,Failed,2026-03-12
TXN04734,CUST1575,PROD002,5212.82,Net Banking,Success,2026-07-11
TXN04735,CUST1795,PROD070,14089.09,Wallet,Success,2026-06-27
TXN04736,CUST1858,PROD014,5281.76,Wallet,Success,2026-07-25
TXN04737,CUST0560,PROD055,11365.68,Debit Card,Failed,2026-03-09
TXN04738,CUST1793,PROD046,790.77,UPI,Failed,2026-04-14
TXN04739,CUST1393,PROD095,6781.86,UPI,Success,2026-05-09
TXN04740,CUST1696,PROD017,13907.75,Debit Card,Success,2026-04-27
TXN04741,CUST0816,PROD056,11963.6,Wallet,Failed,2026-02-26
TXN04742,CUST1874,PROD045,11515.67,Net Banking,Success,2026-01-11
TXN04743,CUST0291,PROD078,19659.48,Debit Card,Success,2026-01-21
TXN04744,CUST1363,PROD080,13226.92,Wallet,Success,2026-03-16
TXN04745,CUST0931,PROD084,8972.64,Credit Card,Success,2026-04-21
TXN04746,CUST1737,PROD025,13554.76,Wallet,Success,2026-06-10
TXN04747,CUST0931,PROD052,15104.44,UPI,Failed,2026-06-04
TXN04748,CUST1652,PROD045,4065.97,Net Banking,Success,2026-01-25
TXN04749,CUST1015,PROD018,10583.84,Net Banking,Success,2026-06-11
TXN04750,CUST0962,PROD038,13511.46,Wallet,Success,2026-04-07
TXN04751,CUST1193,PROD002,2868.06,Net Banking,Success,2026-07-20
TXN04752,CUST1247,PROD058,19154.83,UPI,Success,2026-01-22
TXN04753,CUST0793,PROD018,15420.82,Net Banking,Success,2026-05-19
TXN04754,CUST0017,PROD099,3954.89,Wallet,Success,2026-06-02
TXN04755,CUST0554,PROD052,17547.36,Net Banking,Success,2026-06-02
TXN04756,CUST1333,PROD006,2673.73,Net Banking,Success,2026-04-05
TXN04757,CUST1719,PROD064,14971.03,Debit Card,Success,2026-07-30
TXN04758,CUST0324,PROD009,17957.55,Net Banking,Success,2026-07-30
TXN04759,CUST0423,PROD012,14392.61,Debit Card,Success,2026-02-07
TXN04760,CUST0561,PROD023,19228.27,Credit Card,Success,2026-03-29
TXN04761,CUST1696,PROD096,7927.51,UPI,Failed,2026-01-09
TXN04762,CUST0658,PROD096,16770.96,Wallet,Success,2026-08-03
TXN04763,CUST1230,PROD050,17595.69,Credit Card,Success,2026-04-26
TXN04764,CUST0742,PROD008,6921.69,UPI,Success,2026-02-08
TXN04765,CUST1860,PROD094,17962.46,Credit Card,Success,2026-03-26
TXN04766,CUST0386,PROD093,2556.74,Debit Card,Success,2026-03-11
TXN04767,CUST0035,PROD043,12329.87,Wallet,Success,2026-08-01
TXN04768,CUST0591,PROD085,3158.39,Credit Card,Success,2026-02-08
TXN04769,CUST0014,PROD078,1886.91,Wallet,Success,2026-02-07
TXN04770,CUST1877,PROD034,17804.3,UPI,Success,2026-02-27
TXN04771,CUST1862,PROD090,12885.37,Debit Card,Success,2026-01-20
TXN04772,CUST1654,PROD069,18539.51,Wallet,Success,2026-05-05
TXN04773,CUST0544,PROD089,18157.29,Credit Card,Success,2026-08-08
TXN04774,CUST1794,PROD062,11916.47,Credit Card,Success,2026-05-20
TXN04775,CUST0093,PROD097,3142.03,Net Banking,Failed,2026-01-30
TXN04776,CUST0302,PROD030,2036.04,Wallet,Failed,2026-05-06
TXN04777,CUST1773,PROD088,18043.79,UPI,Failed,2026-05-13
TXN04778,CUST0224,PROD084,506.75,Wallet,Success,2026-01-11
TXN04779,CUST0309,PROD040,3419.97,Debit Card,Success,2026-04-15
TXN04780,CUST1064,PROD099,12407.73,Net Banking,Success,2026-07-26
TXN04781,CUST1392,PROD043,7360.11,Net Banking,Success,2026-05-02
TXN04782,CUST1590,PROD045,17363.47,Credit Card,Success,2026-04-17
TXN04783,CUST1029,PROD067,19016.93,Credit Card,Success,2026-02-06
TXN04784,CUST1688,PROD081,3152.06,Debit Card,Success,2026-03-21
TXN04785,CUST0263,PROD082,6574.21,UPI,Success,2026-03-25
TXN04786,CUST1842,PROD060,19405.95,Wallet,Success,2026-06-23
TXN04787,CUST1134,PROD004,6756.15,Debit Card,Success,2026-03-05
TXN04788,CUST0749,PROD030,11169.57,Credit Card,Failed,2026-05-15
TXN04789,CUST1971,PROD061,3344.99,Net Banking,Success,2026-03-09
TXN04790,CUST0969,PROD056,7717.88,UPI,Failed,2026-04-07
TXN04791,CUST0264,PROD070,11010.44,Debit Card,Success,2026-05-07
TXN04792,CUST1448,PROD090,16590.35,UPI,Success,2026-04-25
TXN04793,CUST0114,PROD081,9558.23,UPI,Success,2026-02-23
TXN04794,CUST1468,PROD050,11197.82,Credit Card,Success,2026-06-04
TXN04795,CUST0761,PROD100,15051.3,Net Banking,Success,2026-02-04
TXN04796,CUST0196,PROD085,13165.83,Debit Card,Success,2026-05-04
TXN04797,CUST0527,PROD034,4553.38,UPI,Success,2026-06-12
TXN04798,CUST1650,PROD050,1816.07,Debit Card,Success,2026-03-15
TXN04799,CUST1211,PROD077,7762.63,Debit Card,Success,2026-03-20
TXN04800,CUST0639,PROD035,18645.15,UPI,Failed,2026-02-24
TXN04801,CUST1630,PROD079,17034.04,UPI,Success,2026-01-25
TXN04802,CUST0465,PROD030,16410.02,Debit Card,Failed,2026-08-16
TXN04803,CUST1911,PROD058,3459.63,Wallet,Success,2026-04-21
TXN04804,CUST0059,PROD012,697.98,Credit Card,Success,2026-01-12
TXN04805,CUST0464,PROD038,6170.25,Net Banking,Success,2026-06-03
TXN04806,CUST1514,PROD092,10946.21,Wallet,Success,2026-04-02
TXN04807,CUST1284,PROD009,14726.5,Wallet,Success,2026-05-15
TXN04808,CUST1716,PROD061,10332.36,Credit Card,Success,2026-01-14
TXN04809,CUST0751,PROD074,11897.12,Wallet,Success,2026-05-08
TXN04810,CUST0446,PROD059,8854.68,Wallet,Success,2026-02-26
TXN04811,CUST1006,PROD037,11750.76,Credit Card,Success,2026-01-12
TXN04812,CUST0241,PROD021,3514.11,Wallet,Success,2026-02-28
TXN04813,CUST0541,PROD072,1010.95,Net Banking,Success,2026-08-14
TXN04814,CUST0594,PROD058,4293.44,Debit Card,Failed,2026-01-31
TXN04815,CUST0448,PROD051,11200.4,Net Banking,Success,2026-03-21
TXN04816,CUST1481,PROD064,5265.6,UPI,Success,2026-04-28
TXN04817,CUST0825,PROD050,8340.38,Debit Card,Success,2026-07-15
TXN04818,CUST0026,PROD001,13509.76,Net Banking,Success,2026-04-26
TXN04819,CUST0332,PROD071,17079.5,Credit Card,Failed,2026-01-31
TXN04820,CUST0261,PROD016,11704.36,Wallet,Success,2026-02-24
TXN04821,CUST1772,PROD069,3467.65,Debit Card,Success,2026-05-23
TXN04822,CUST0274,PROD055,5376.27,Credit Card,Failed,2026-07-22
TXN04823,CUST0422,PROD026,17039.65,Debit Card,Failed,2026-03-18
TXN04824,CUST1718,PROD056,11484.42,UPI,Success,2026-06-19
TXN04825,CUST0822,PROD085,19339.12,Debit Card,Failed,2026-01-09
TXN04826,CUST0722,PROD030,2071.11,Debit Card,Success,2026-02-21
TXN04827,CUST0422,PROD044,10516.81,Debit Card,Failed,2026-07-06
TXN04828,CUST1799,PROD072,2013.13,Debit Card,Success,2026-05-14
TXN04829,CUST0720,PROD013,3249.6,Credit Card,Success,2026-03-08
TXN04830,CUST0060,PROD050,15037.36,Wallet,Success,2026-04-30
TXN04831,CUST0971,PROD097,14208.91,Wallet,Success,2026-03-20
TXN04832,CUST1617,PROD049,5197.92,UPI,Success,2026-05-16
TXN04833,CUST1412,PROD053,14586.91,Debit Card,Success,2026-05-29
TXN04834,CUST1512,PROD071,16168.51,Debit Card,Failed,2026-07-01
TXN04835,CUST1909,PROD034,3505.01,Credit Card,Success,2026-06-09
TXN04836,CUST1176,PROD097,4107.2,Credit Card,Success,2026-01-27
TXN04837,CUST0397,PROD089,7998.77,Net Banking,Success,2026-05-28
TXN04838,CUST1002,PROD052,9332.08,Net Banking,Success,2026-05-14
TXN04839,CUST1000,PROD047,11445.53,Wallet,Success,2026-04-03
TXN04840,CUST0148,PROD027,16702.29,UPI,Success,2026-03-21
TXN04841,CUST0527,PROD077,1644.88,Credit Card,Failed,2026-03-30
TXN04842,CUST0049,PROD071,13116.67,Debit Card,Success,2026-07-24
TXN04843,CUST0886,PROD063,17128.31,Credit Card,Failed,2026-02-19
TXN04844,CUST1243,PROD002,13655.62,Net Banking,Success,2026-05-06
TXN04845,CUST0745,PROD004,856.53,UPI,Success,2026-01-20
TXN04846,CUST1249,PROD014,6819.38,UPI,Success,2026-05-15
TXN04847,CUST0580,PROD024,15037.8,Debit Card,Success,2026-04-16
TXN04848,CUST1267,PROD021,15211.19,Wallet,Failed,2026-03-08
TXN04849,CUST0027,PROD012,250.21,Wallet,Success,2026-07-05
TXN04850,CUST0200,PROD050,15591.28,Debit Card,Success,2026-07-30
TXN04851,CUST1442,PROD078,567.25,Wallet,Failed,2026-08-03
TXN04852,CUST1958,PROD012,6984.02,Credit Card,Failed,2026-05-04
TXN04853,CUST1355,PROD004,7752.12,Wallet,Success,2026-06-06
TXN04854,CUST0946,PROD086,4777.1,Credit Card,Success,2026-04-26
TXN04855,CUST1197,PROD087,8009.19,Credit Card,Success,2026-01-12
TXN04856,CUST0939,PROD024,8760.5,Credit Card,Success,2026-02-27
TXN04857,CUST0746,PROD066,16009.09,Wallet,Success,2026-05-26
TXN04858,CUST0325,PROD035,18241.2,Net Banking,Success,2026-06-08
TXN04859,CUST1362,PROD097,12982.96,Net Banking,Failed,2026-04-03
TXN04860,CUST0401,PROD021,15410.77,Net Banking,Success,2026-05-06
TXN04861,CUST0243,PROD015,13689.55,Wallet,Success,2026-03-20
TXN04862,CUST1708,PROD060,13583.36,Credit Card,Success,2026-02-22
TXN04863,CUST0010,PROD076,8595.41,Net Banking,Failed,2026-03-29
TXN04864,CUST1131,PROD089,10813.61,Wallet,Success,2026-06-14
TXN04865,CUST1545,PROD009,891.68,Wallet,Success,2026-07-13
TXN04866,CUST1380,PROD078,9590.8,Wallet,Success,2026-03-30
TXN04867,CUST1983,PROD062,17267.45,Wallet,Success,2026-07-29
TXN04868,CUST1699,PROD028,18988.07,Net Banking,Success,2026-02-19
TXN04869,CUST0557,PROD064,1210.99,Credit Card,Success,2026-04-08
TXN04870,CUST1004,PROD051,16825.21,Net Banking,Success,2026-06-18
TXN04871,CUST1218,PROD051,16207.81,Debit Card,Success,2026-07-24
TXN04872,CUST1062,PROD057,13185.29,Net Banking,Failed,2026-04-10
TXN04873,CUST0532,PROD075,12733.66,UPI,Success,2026-04-24
TXN04874,CUST0725,PROD081,16221.14,Debit Card,Success,2026-03-03
TXN04875,CUST1858,PROD033,17297.98,UPI,Success,2026-06-15
TXN04876,CUST0519,PROD004,15538.13,Net Banking,Success,2026-03-03
TXN04877,CUST0348,PROD077,13019.58,Debit Card,Failed,2026-05-24
TXN04878,CUST1252,PROD051,6433.45,Wallet,Success,2026-02-28
TXN04879,CUST0682,PROD004,4893.06,Debit Card,Success,2026-07-26
TXN04880,CUST1135,PROD005,15502.47,Wallet,Success,2026-05-04
TXN04881,CUST0768,PROD030,10735.5,Wallet,Success,2026-02-20
TXN04882,CUST1895,PROD052,11690.85,Wallet,Success,2026-02-17
TXN04883,CUST0508,PROD053,12096.55,Wallet,Success,2026-03-19
TXN04884,CUST1427,PROD036,16266.16,Net Banking,Success,2026-01-08
TXN04885,CUST0940,PROD027,1296.18,Debit Card,Success,2026-07-25
TXN04886,CUST0721,PROD001,14489.87,Credit Card,Success,2026-04-09
TXN04887,CUST1661,PROD091,5299.84,Debit Card,Success,2026-01-08
TXN04888,CUST0094,PROD095,17614.09,Debit Card,Failed,2026-04-15
TXN04889,CUST0472,PROD069,9148.72,Net Banking,Success,2026-05-29
TXN04890,CUST0414,PROD038,18505.6,Debit Card,Success,2026-04-30
TXN04891,CUST0546,PROD089,19672.3,Net Banking,Success,2026-07-21
TXN04892,CUST1527,PROD005,5103.27,Credit Card,Success,2026-08-06
TXN04893,CUST0403,PROD074,12462.76,UPI,Success,2026-03-09
TXN04894,CUST1218,PROD019,15694.68,Wallet,Success,2026-07-01
TXN04895,CUST1676,PROD009,1256.77,UPI,Success,2026-01-23
TXN04896,CUST1287,PROD063,8836.97,Wallet,Success,2026-05-04
TXN04897,CUST1397,PROD077,6692.38,Debit Card,Failed,2026-04-11
TXN04898,CUST0538,PROD076,17646.81,Wallet,Success,2026-05-02
TXN04899,CUST0415,PROD067,4086.98,UPI,Success,2026-03-02
TXN04900,CUST0179,PROD034,5181.9,Debit Card,Success,2026-08-16
TXN04901,CUST1766,PROD084,7549.85,Net Banking,Failed,2026-06-30
TXN04902,CUST1209,PROD027,17129.26,Debit Card,Success,2026-01-06
TXN04903,CUST0840,PROD005,3877.44,UPI,Success,2026-04-30
TXN04904,CUST1763,PROD068,9513.35,Net Banking,Success,2026-04-21
TXN04905,CUST0985,PROD011,12802.88,Wallet,Success,2026-06-29
TXN04906,CUST1929,PROD021,12074.34,Net Banking,Success,2026-03-03
TXN04907,CUST1767,PROD028,11485.71,Credit Card,Success,2026-02-02
TXN04908,CUST0946,PROD033,7405.53,Wallet,Failed,2026-06-15
TXN04909,CUST1978,PROD039,19207.08,Credit Card,Success,2026-01-27
TXN04910,CUST1021,PROD053,18716.45,UPI,Success,2026-04-25
TXN04911,CUST1878,PROD089,10199.48,Net Banking,Failed,2026-01-03
TXN04912,CUST0136,PROD098,1088.43,Net Banking,Success,2026-07-25
TXN04913,CUST0244,PROD004,16409.66,UPI,Success,2026-03-10
TXN04914,CUST0074,PROD059,10648.66,Wallet,Success,2026-07-14
TXN04915,CUST0904,PROD068,14668.87,Credit Card,Success,2026-05-12
TXN04916,CUST0467,PROD033,10447.38,Debit Card,Success,2026-07-16
TXN04917,CUST0437,PROD056,18607.99,Debit Card,Success,2026-03-26
TXN04918,CUST1778,PROD038,17577.29,Credit Card,Success,2026-06-08
TXN04919,CUST0379,PROD066,1343.56,Credit Card,Success,2026-01-03
TXN04920,CUST1776,PROD058,11170.8,Wallet,Success,2026-07-29
TXN04921,CUST1622,PROD085,15760.33,Debit Card,Success,2026-07-25
TXN04922,CUST1515,PROD011,8674.85,Wallet,Success,2026-07-10
TXN04923,CUST1529,PROD080,10151.0,Debit Card,Success,2026-03-10
TXN04924,CUST1821,PROD006,11106.35,Wallet,Success,2026-06-18
TXN04925,CUST1521,PROD076,4469.12,Credit Card,Success,2026-02-21
TXN04926,CUST0945,PROD081,17771.8,UPI,Success,2026-04-22
TXN04927,CUST0317,PROD055,12462.41,UPI,Success,2026-07-19
TXN04928,CUST1523,PROD047,3347.28,UPI,Success,2026-08-02
TXN04929,CUST1244,PROD077,13236.25,Net Banking,Success,2026-04-13
TXN04930,CUST0449,PROD003,19196.02,Credit Card,Success,2026-07-30
TXN04931,CUST0734,PROD052,7181.96,Credit Card,Success,2026-01-01
TXN04932,CUST0902,PROD077,12924.81,Debit Card,Success,2026-01-31
TXN04933,CUST1649,PROD008,16125.35,Net Banking,Success,2026-06-24
TXN04934,CUST1894,PROD021,709.97,Wallet,Success,2026-02-07
TXN04935,CUST0441,PROD012,11256.84,UPI,Success,2026-03-25
TXN04936,CUST0599,PROD017,4169.46,Wallet,Success,2026-06-20
TXN04937,CUST1434,PROD005,15209.66,Net Banking,Failed,2026-06-27
TXN04938,CUST0259,PROD008,6158.94,UPI,Success,2026-08-12
TXN04939,CUST1161,PROD031,18218.94,Debit Card,Success,2026-01-15
TXN04940,CUST1087,PROD037,14234.57,Wallet,Success,2026-02-25
TXN04941,CUST0909,PROD097,16526.18,Net Banking,Success,2026-06-03
TXN04942,CUST1202,PROD068,18835.21,Debit Card,Success,2026-02-08
TXN04943,CUST1307,PROD088,6682.86,UPI,Success,2026-05-15
TXN04944,CUST1758,PROD011,10808.53,Credit Card,Success,2026-05-05
TXN04945,CUST1567,PROD066,17432.73,Debit Card,Success,2026-04-22
TXN04946,CUST1202,PROD046,17387.85,Wallet,Success,2026-01-26
TXN04947,CUST0379,PROD047,7429.57,Net Banking,Failed,2026-04-30
TXN04948,CUST1605,PROD068,13295.39,Debit Card,Success,2026-01-21
TXN04949,CUST1212,PROD006,5024.83,UPI,Failed,2026-05-12
TXN04950,CUST0867,PROD094,14589.05,Wallet,Success,2026-08-01
TXN04951,CUST1731,PROD039,5383.68,Net Banking,Success,2026-05-09
TXN04952,CUST0212,PROD087,16024.3,Debit Card,Failed,2026-01-04
TXN04953,CUST1136,PROD037,11787.03,Debit Card,Success,2026-01-30
TXN04954,CUST1046,PROD074,2897.36,Debit Card,Success,2026-03-07
TXN04955,CUST1458,PROD038,1013.21,UPI,Success,2026-03-27
TXN04956,CUST1911,PROD053,11994.06,Debit Card,Success,2026-04-03
TXN04957,CUST1232,PROD090,16038.48,Debit Card,Success,2026-02-23
TXN04958,CUST1042,PROD066,1740.5,Wallet,Success,2026-01-16
TXN04959,CUST1360,PROD020,9043.41,Debit Card,Success,2026-07-18
TXN04960,CUST0916,PROD099,16760.01,Net Banking,Success,2026-06-10
TXN04961,CUST0557,PROD048,11573.59,Debit Card,Success,2026-02-16
TXN04962,CUST1801,PROD091,2525.94,Wallet,Success,2026-02-25
TXN04963,CUST0304,PROD037,14785.88,Credit Card,Success,2026-07-27
TXN04964,CUST1221,PROD061,12390.76,Net Banking,Success,2026-01-05
TXN04965,CUST1456,PROD037,17508.48,Debit Card,Failed,2026-08-17
TXN04966,CUST0583,PROD071,16676.13,Net Banking,Success,2026-05-26
TXN04967,CUST1836,PROD034,18456.06,UPI,Success,2026-08-05
TXN04968,CUST0874,PROD017,4110.06,Debit Card,Success,2026-05-25
TXN04969,CUST1350,PROD063,2524.77,Debit Card,Failed,2026-03-26
TXN04970,CUST0453,PROD044,18052.43,Net Banking,Success,2026-02-13
TXN04971,CUST0915,PROD034,12556.49,UPI,Success,2026-07-22
TXN04972,CUST0617,PROD016,15688.32,Credit Card,Success,2026-07-18
TXN04973,CUST0303,PROD087,9756.97,Credit Card,Success,2026-04-03
TXN04974,CUST1930,PROD037,16377.31,Credit Card,Success,2026-01-29
TXN04975,CUST0212,PROD064,18146.76,UPI,Success,2026-06-13
TXN04976,CUST0695,PROD037,19215.57,Wallet,Success,2026-03-28
TXN04977,CUST1619,PROD038,7193.21,Debit Card,Success,2026-06-09
TXN04978,CUST1892,PROD056,16068.12,Net Banking,Failed,2026-02-01
TXN04979,CUST1959,PROD085,4450.85,Net Banking,Success,2026-04-06
TXN04980,CUST0850,PROD066,1268.58,Wallet,Success,2026-07-30
TXN04981,CUST1554,PROD001,6170.14,Wallet,Success,2026-07-25
TXN04982,CUST0062,PROD065,8464.03,UPI,Success,2026-07-03
TXN04983,CUST0412,PROD011,9578.26,Debit Card,Success,2026-04-05
TXN04984,CUST1146,PROD042,15365.98,Wallet,Success,2026-01-24
TXN04985,CUST1195,PROD030,4616.74,Net Banking,Success,2026-05-23
TXN04986,CUST1595,PROD079,13696.66,UPI,Success,2026-03-04
TXN04987,CUST0074,PROD068,11599.92,Wallet,Failed,2026-08-15
TXN04988,CUST1119,PROD045,12995.35,UPI,Success,2026-01-07
TXN04989,CUST0755,PROD048,15843.09,Credit Card,Failed,2026-05-22
TXN04990,CUST0161,PROD012,2338.93,Credit Card,Success,2026-08-04
TXN04991,CUST0090,PROD021,8236.77,UPI,Failed,2026-01-13
TXN04992,CUST1451,PROD025,13782.25,Credit Card,Success,2026-07-07
TXN04993,CUST1927,PROD074,8781.9,Wallet,Success,2026-05-08
TXN04994,CUST0379,PROD001,13380.65,Credit Card,Failed,2026-08-16
TXN04995,CUST1148,PROD082,9061.42,UPI,Failed,2026-02-13
TXN04996,CUST1091,PROD079,4382.85,Debit Card,Success,2026-03-18
TXN04997,CUST1065,PROD013,15103.27,Net Banking,Success,2026-04-16
TXN04998,CUST0828,PROD032,15005.08,Credit Card,Success,2026-03-11
TXN04999,CUST1114,PROD030,6119.76,UPI,Success,2026-06-29
TXN05000,CUST0603,PROD024,14908.59,Net Banking,Success,2026-04-14
TXN05001,CUST0985,PROD036,3148.21,Net Banking,Success,2026-07-28
TXN05002,CUST0563,PROD004,5301.61,Wallet,Success,2026-06-15
TXN05003,CUST1570,PROD088,15346.68,Net Banking,Failed,2026-07-14
TXN05004,CUST1681,PROD056,8248.01,Wallet,Success,2026-04-24
TXN05005,CUST1062,PROD012,13725.37,Net Banking,Success,2026-05-21
TXN05006,CUST1690,PROD039,5598.0,Credit Card,Success,2026-05-26
TXN05007,CUST0795,PROD068,9028.11,Debit Card,Success,2026-01-23
TXN05008,CUST0787,PROD079,4501.09,Wallet,Failed,2026-07-23
TXN05009,CUST1441,PROD043,5136.56,Debit Card,Success,2026-07-27
TXN05010,CUST1655,PROD056,8186.83,Credit Card,Success,2026-06-17
TXN05011,CUST1260,PROD036,402.69,Net Banking,Failed,2026-02-09
TXN05012,CUST1555,PROD002,16968.43,Net Banking,Success,2026-05-25
TXN05013,CUST1569,PROD076,7894.3,Wallet,Success,2026-04-18
TXN05014,CUST1964,PROD016,13293.51,Credit Card,Success,2026-05-18
TXN05015,CUST1181,PROD019,5011.27,Credit Card,Success,2026-07-17
TXN05016,CUST0786,PROD072,9914.78,UPI,Success,2026-02-17
TXN05017,CUST0958,PROD027,4762.0,Wallet,Success,2026-06-30
TXN05018,CUST0110,PROD050,13574.7,Credit Card,Failed,2026-01-17
TXN05019,CUST0848,PROD063,18414.37,Wallet,Success,2026-06-30
TXN05020,CUST1016,PROD065,5043.23,Debit Card,Success,2026-03-09
TXN05021,CUST1197,PROD050,13792.42,Debit Card,Success,2026-08-16
TXN05022,CUST1357,PROD052,13104.18,Debit Card,Success,2026-06-20
TXN05023,CUST1029,PROD050,11320.12,UPI,Success,2026-01-01
TXN05024,CUST0691,PROD009,17024.65,Net Banking,Success,2026-02-03
TXN05025,CUST1335,PROD055,5370.54,Wallet,Success,2026-03-07
TXN05026,CUST0440,PROD054,18326.67,Net Banking,Success,2026-02-12
TXN05027,CUST0753,PROD053,2325.94,Debit Card,Success,2026-04-22
TXN05028,CUST1808,PROD033,16032.8,UPI,Success,2026-02-15
TXN05029,CUST0598,PROD020,1938.05,Wallet,Success,2026-06-25
TXN05030,CUST0908,PROD033,9227.08,Debit Card,Success,2026-01-26
TXN05031,CUST0104,PROD032,6650.78,Wallet,Success,2026-06-11
TXN05032,CUST1171,PROD068,7082.51,UPI,Success,2026-06-18
TXN05033,CUST0838,PROD048,12621.52,Credit Card,Success,2026-03-02
TXN05034,CUST1801,PROD071,6526.19,UPI,Success,2026-05-20
TXN05035,CUST0385,PROD024,16692.52,Wallet,Failed,2026-07-01
TXN05036,CUST1778,PROD061,18001.05,Credit Card,Success,2026-04-16
TXN05037,CUST1750,PROD063,13498.04,UPI,Success,2026-06-27
TXN05038,CUST0264,PROD027,4248.21,UPI,Success,2026-01-25
TXN05039,CUST0084,PROD096,16047.93,UPI,Success,2026-06-07
TXN05040,CUST0089,PROD005,7399.88,Wallet,Success,2026-02-02
TXN05041,CUST1083,PROD035,7121.52,Debit Card,Failed,2026-08-19
TXN05042,CUST1704,PROD099,8247.3,Wallet,Success,2026-06-08
TXN05043,CUST0684,PROD017,9567.01,Credit Card,Success,2026-06-30
TXN05044,CUST1263,PROD080,8698.45,Debit Card,Success,2026-01-29
TXN05045,CUST0649,PROD065,16468.3,Debit Card,Success,2026-01-12
TXN05046,CUST1286,PROD062,9686.87,Debit Card,Success,2026-08-18
TXN05047,CUST0453,PROD006,8676.51,Wallet,Success,2026-01-03
TXN05048,CUST1838,PROD018,2352.95,Wallet,Success,2026-05-21
TXN05049,CUST0589,PROD044,16110.81,Net Banking,Success,2026-02-21
TXN05050,CUST0579,PROD058,4936.29,Credit Card,Success,2026-08-02
TXN05051,CUST0581,PROD032,1837.16,Net Banking,Success,2026-02-02
TXN05052,CUST0510,PROD012,3756.38,Net Banking,Success,2026-04-19
TXN05053,CUST0816,PROD006,3675.57,Net Banking,Success,2026-02-21
TXN05054,CUST1853,PROD053,19366.83,Wallet,Success,2026-03-28
TXN05055,CUST0858,PROD098,3081.81,Debit Card,Success,2026-04-27
TXN05056,CUST0693,PROD020,8535.53,UPI,Success,2026-02-05
TXN05057,CUST0830,PROD081,17854.61,UPI,Success,2026-07-11
TXN05058,CUST0932,PROD093,6418.89,UPI,Success,2026-01-02
TXN05059,CUST1851,PROD096,16940.08,Net Banking,Failed,2026-06-25
TXN05060,CUST0999,PROD006,8640.07,Debit Card,Success,2026-01-01
TXN05061,CUST1960,PROD010,15497.51,UPI,Failed,2026-02-15
TXN05062,CUST0188,PROD050,9182.07,Wallet,Success,2026-06-26
TXN05063,CUST1660,PROD024,19442.41,Credit Card,Failed,2026-04-04
TXN05064,CUST1646,PROD030,15252.77,UPI,Success,2026-03-01
TXN05065,CUST0559,PROD068,5781.15,Debit Card,Success,2026-05-30
TXN05066,CUST1784,PROD054,6750.77,UPI,Success,2026-07-29
TXN05067,CUST1192,PROD038,3929.24,UPI,Failed,2026-08-09
TXN05068,CUST0466,PROD005,3128.53,Net Banking,Success,2026-02-15
TXN05069,CUST0845,PROD096,10660.75,Debit Card,Success,2026-03-27
TXN05070,CUST1175,PROD004,3025.15,Debit Card,Success,2026-01-09
TXN05071,CUST1754,PROD100,13118.42,Debit Card,Success,2026-01-17
TXN05072,CUST1115,PROD065,848.99,UPI,Success,2026-03-22
TXN05073,CUST1243,PROD029,3969.15,Debit Card,Success,2026-04-11
TXN05074,CUST0460,PROD054,4221.04,UPI,Success,2026-03-02
TXN05075,CUST0988,PROD091,15490.47,Debit Card,Success,2026-06-29
TXN05076,CUST0954,PROD090,17436.1,Wallet,Failed,2026-01-01
TXN05077,CUST1843,PROD037,2566.46,Debit Card,Success,2026-07-17
TXN05078,CUST0924,PROD058,853.5,Credit Card,Success,2026-06-15
TXN05079,CUST1611,PROD060,412.34,Debit Card,Success,2026-07-11
TXN05080,CUST0126,PROD015,16414.52,Wallet,Success,2026-03-29
TXN05081,CUST1131,PROD088,16726.55,Credit Card,Failed,2026-02-27
TXN05082,CUST1526,PROD061,2032.18,Wallet,Success,2026-06-14
TXN05083,CUST0780,PROD068,2347.13,Wallet,Success,2026-04-07
TXN05084,CUST0768,PROD005,7221.2,Net Banking,Success,2026-01-25
TXN05085,CUST1983,PROD089,15529.77,UPI,Success,2026-03-03
TXN05086,CUST0118,PROD088,7073.79,Wallet,Success,2026-04-03
TXN05087,CUST1587,PROD049,12210.2,Credit Card,Success,2026-05-21
TXN05088,CUST1470,PROD084,1657.99,Credit Card,Success,2026-05-31
TXN05089,CUST0589,PROD083,10091.44,Wallet,Success,2026-05-13
TXN05090,CUST1481,PROD039,1054.58,Debit Card,Success,2026-03-31
TXN05091,CUST1696,PROD020,19586.51,Wallet,Success,2026-03-27
TXN05092,CUST1908,PROD048,9448.27,Net Banking,Success,2026-06-19
TXN05093,CUST1772,PROD048,332.79,Net Banking,Success,2026-03-08
TXN05094,CUST1781,PROD002,9485.68,Debit Card,Success,2026-08-14
TXN05095,CUST0302,PROD084,18847.48,Net Banking,Success,2026-02-16
TXN05096,CUST1190,PROD085,16411.76,UPI,Success,2026-04-16
TXN05097,CUST1910,PROD081,13221.43,UPI,Success,2026-07-21
TXN05098,CUST1150,PROD056,10348.15,UPI,Success,2026-08-10
TXN05099,CUST0055,PROD078,17745.79,Credit Card,Success,2026-07-21
TXN05100,CUST1718,PROD001,11835.17,Wallet,Success,2026-01-18
TXN05101,CUST1730,PROD074,269.07,UPI,Success,2026-05-23
TXN05102,CUST0101,PROD007,17472.67,Net Banking,Success,2026-02-04
TXN05103,CUST1366,PROD022,10642.16,Wallet,Success,2026-03-30
TXN05104,CUST0953,PROD063,17052.52,UPI,Success,2026-07-20
TXN05105,CUST0569,PROD086,11855.66,Net Banking,Failed,2026-02-04
TXN05106,CUST0266,PROD013,2282.59,Net Banking,Failed,2026-03-27
TXN05107,CUST1862,PROD052,6256.99,Net Banking,Success,2026-01-08
TXN05108,CUST0415,PROD082,6495.11,Debit Card,Success,2026-06-02
TXN05109,CUST1425,PROD073,13779.76,Credit Card,Success,2026-06-01
TXN05110,CUST0076,PROD046,17333.35,UPI,Success,2026-08-19
TXN05111,CUST0755,PROD052,4955.13,Wallet,Success,2026-07-06
TXN05112,CUST1633,PROD037,14666.02,Wallet,Success,2026-07-20
TXN05113,CUST0721,PROD006,1164.42,UPI,Success,2026-04-02
TXN05114,CUST0957,PROD096,5460.54,Wallet,Success,2026-07-27
TXN05115,CUST1309,PROD061,3944.91,UPI,Failed,2026-05-19
TXN05116,CUST0268,PROD094,2437.51,Net Banking,Success,2026-07-06
TXN05117,CUST1044,PROD058,18888.67,Net Banking,Success,2026-03-14
TXN05118,CUST1244,PROD031,7601.55,Wallet,Success,2026-06-07
TXN05119,CUST1341,PROD071,6276.52,Credit Card,Success,2026-05-18
TXN05120,CUST0792,PROD078,11658.04,UPI,Success,2026-05-01
TXN05121,CUST0719,PROD019,15505.82,UPI,Failed,2026-08-04
TXN05122,CUST0410,PROD008,14001.16,Debit Card,Success,2026-08-17
TXN05123,CUST1312,PROD074,2637.16,Net Banking,Success,2026-04-08
TXN05124,CUST1183,PROD012,11458.23,Wallet,Success,2026-05-30
TXN05125,CUST0432,PROD048,4931.71,Credit Card,Success,2026-01-10
TXN05126,CUST0503,PROD098,11191.24,Credit Card,Success,2026-05-23
TXN05127,CUST0658,PROD083,7987.63,Wallet,Success,2026-02-03
TXN05128,CUST0766,PROD030,4861.35,Debit Card,Success,2026-08-04
TXN05129,CUST0868,PROD089,3598.96,Wallet,Success,2026-02-04
TXN05130,CUST1589,PROD071,19130.87,Net Banking,Failed,2026-03-06
TXN05131,CUST0254,PROD015,3888.67,Net Banking,Failed,2026-02-10
TXN05132,CUST1751,PROD086,11866.83,Debit Card,Success,2026-03-16
TXN05133,CUST0926,PROD030,11497.59,Credit Card,Success,2026-02-12
TXN05134,CUST1186,PROD029,1837.54,Net Banking,Failed,2026-06-15
TXN05135,CUST0884,PROD043,18132.18,Credit Card,Failed,2026-01-03
TXN05136,CUST1334,PROD036,13776.07,Net Banking,Success,2026-07-27
TXN05137,CUST1714,PROD098,12954.57,Debit Card,Success,2026-01-15
TXN05138,CUST1978,PROD062,13915.92,Net Banking,Failed,2026-05-07
TXN05139,CUST0162,PROD059,6152.98,Credit Card,Success,2026-01-19
TXN05140,CUST0434,PROD039,12886.63,Debit Card,Success,2026-02-22
TXN05141,CUST1030,PROD090,1714.53,Debit Card,Success,2026-06-26
TXN05142,CUST0721,PROD005,17169.57,Net Banking,Success,2026-02-06
TXN05143,CUST0103,PROD080,5579.14,Credit Card,Success,2026-01-09
TXN05144,CUST1212,PROD090,17121.93,Debit Card,Success,2026-04-26
TXN05145,CUST0382,PROD079,5280.32,Wallet,Success,2026-02-21
TXN05146,CUST0834,PROD069,7675.84,Net Banking,Success,2026-07-31
TXN05147,CUST1652,PROD067,10834.72,UPI,Success,2026-03-25
TXN05148,CUST1173,PROD098,5591.07,Wallet,Success,2026-07-18
TXN05149,CUST0545,PROD014,1396.78,UPI,Success,2026-07-03
TXN05150,CUST0615,PROD019,17190.53,Wallet,Success,2026-07-19
TXN05151,CUST0534,PROD080,4020.44,Wallet,Success,2026-03-13
TXN05152,CUST0235,PROD001,2314.72,UPI,Failed,2026-05-15
TXN05153,CUST1118,PROD082,12376.06,Wallet,Success,2026-06-06
TXN05154,CUST0439,PROD020,15300.68,Wallet,Success,2026-08-09
TXN05155,CUST0758,PROD058,19428.39,Credit Card,Failed,2026-03-24
TXN05156,CUST0629,PROD065,17777.23,UPI,Success,2026-01-20
TXN05157,CUST0666,PROD092,10089.79,Credit Card,Success,2026-08-07
TXN05158,CUST0939,PROD048,8033.31,UPI,Success,2026-06-14
TXN05159,CUST0587,PROD088,3395.16,Debit Card,Success,2026-02-17
TXN05160,CUST1861,PROD042,5819.88,UPI,Success,2026-02-11
TXN05161,CUST1970,PROD016,16644.47,Debit Card,Success,2026-03-29
TXN05162,CUST1276,PROD091,13976.18,Credit Card,Failed,2026-02-06
TXN05163,CUST0583,PROD001,9905.79,UPI,Success,2026-08-09
TXN05164,CUST0505,PROD086,6043.06,Net Banking,Success,2026-03-12
TXN05165,CUST1870,PROD008,18382.86,Wallet,Success,2026-07-25
TXN05166,CUST1707,PROD034,9551.23,UPI,Success,2026-01-13
TXN05167,CUST0104,PROD032,18541.49,UPI,Success,2026-05-15
TXN05168,CUST0905,PROD074,19905.21,UPI,Success,2026-04-02
TXN05169,CUST0389,PROD044,2842.54,UPI,Success,2026-03-08
TXN05170,CUST0001,PROD022,3476.07,UPI,Success,2026-06-12
TXN05171,CUST0693,PROD052,1534.03,UPI,Failed,2026-05-12
TXN05172,CUST0692,PROD056,5211.24,UPI,Failed,2026-08-01
TXN05173,CUST1499,PROD043,5542.29,Credit Card,Success,2026-02-19
TXN05174,CUST0891,PROD051,7321.2,UPI,Success,2026-07-25
TXN05175,CUST1061,PROD044,19614.37,UPI,Success,2026-06-02
TXN05176,CUST1854,PROD056,13993.52,Debit Card,Failed,2026-08-14
TXN05177,CUST0239,PROD057,13006.58,Debit Card,Success,2026-01-26
TXN05178,CUST1124,PROD022,11403.23,Debit Card,Success,2026-06-30
TXN05179,CUST1511,PROD039,11934.44,UPI,Failed,2026-02-13
TXN05180,CUST1767,PROD015,12933.88,Debit Card,Success,2026-01-27
TXN05181,CUST1169,PROD075,18227.67,Wallet,Success,2026-03-11
TXN05182,CUST0595,PROD015,5828.03,UPI,Success,2026-07-12
TXN05183,CUST1671,PROD066,19237.25,Net Banking,Failed,2026-06-27
TXN05184,CUST1191,PROD025,11693.66,Credit Card,Success,2026-03-14
TXN05185,CUST0659,PROD020,313.29,Credit Card,Success,2026-01-31
TXN05186,CUST0222,PROD058,6179.02,Credit Card,Success,2026-01-11
TXN05187,CUST1269,PROD065,13002.72,Debit Card,Success,2026-06-29
TXN05188,CUST1267,PROD065,10367.1,Net Banking,Success,2026-05-14
TXN05189,CUST0746,PROD080,6086.44,Wallet,Success,2026-01-19
TXN05190,CUST0949,PROD024,18802.01,UPI,Success,2026-06-03
TXN05191,CUST1356,PROD050,9249.83,Debit Card,Failed,2026-06-21
TXN05192,CUST1949,PROD014,18280.19,Debit Card,Failed,2026-03-21
TXN05193,CUST0254,PROD041,3989.5,UPI,Failed,2026-02-08
TXN05194,CUST1341,PROD004,17870.12,Credit Card,Success,2026-01-26
TXN05195,CUST1060,PROD041,17676.85,UPI,Success,2026-02-25
TXN05196,CUST0825,PROD069,15396.55,Credit Card,Success,2026-08-16
TXN05197,CUST0375,PROD070,5163.97,UPI,Success,2026-07-03
TXN05198,CUST0303,PROD093,17559.44,Net Banking,Success,2026-03-06
TXN05199,CUST1931,PROD051,9636.95,Credit Card,Success,2026-01-21
TXN05200,CUST0021,PROD018,6400.07,Debit Card,Success,2026-08-02
TXN05201,CUST0496,PROD069,8593.45,UPI,Success,2026-07-24
TXN05202,CUST0971,PROD050,786.83,Credit Card,Failed,2026-07-17
TXN05203,CUST1882,PROD094,4118.48,Wallet,Failed,2026-06-12
TXN05204,CUST1011,PROD082,14180.37,Net Banking,Success,2026-08-19
TXN05205,CUST1864,PROD061,6187.2,Net Banking,Success,2026-05-19
TXN05206,CUST1768,PROD018,1685.77,Debit Card,Success,2026-04-25
TXN05207,CUST1626,PROD038,16888.19,UPI,Success,2026-01-14
TXN05208,CUST1706,PROD028,14039.37,Debit Card,Success,2026-08-14
TXN05209,CUST0039,PROD089,13529.64,Wallet,Success,2026-07-25
TXN05210,CUST1980,PROD019,5816.41,Credit Card,Success,2026-04-29
TXN05211,CUST0567,PROD024,8758.76,UPI,Success,2026-03-16
TXN05212,CUST1526,PROD086,19777.99,Credit Card,Failed,2026-06-01
TXN05213,CUST0365,PROD063,19962.17,Credit Card,Failed,2026-04-22
TXN05214,CUST1129,PROD041,14046.46,Wallet,Success,2026-02-26
TXN05215,CUST1649,PROD071,3551.34,Wallet,Success,2026-05-11
TXN05216,CUST1860,PROD049,13032.46,Credit Card,Success,2026-06-21
TXN05217,CUST1125,PROD084,8644.29,Net Banking,Success,2026-01-06
TXN05218,CUST0562,PROD024,13084.13,Debit Card,Success,2026-03-01
TXN05219,CUST1584,PROD084,4773.5,Wallet,Failed,2026-05-14
TXN05220,CUST0753,PROD075,4858.24,UPI,Success,2026-07-30
TXN05221,CUST1397,PROD075,11944.78,UPI,Success,2026-06-22
TXN05222,CUST0653,PROD032,6386.74,UPI,Success,2026-04-30
TXN05223,CUST0015,PROD061,19671.43,UPI,Success,2026-06-17
TXN05224,CUST0982,PROD048,321.37,Wallet,Success,2026-05-23
TXN05225,CUST1160,PROD037,13240.73,Wallet,Success,2026-06-06
TXN05226,CUST0406,PROD045,9230.16,Net Banking,Success,2026-05-10
TXN05227,CUST0257,PROD099,1599.72,UPI,Success,2026-05-20
TXN05228,CUST1868,PROD075,7296.38,Debit Card,Failed,2026-06-06
TXN05229,CUST0573,PROD095,7308.11,Credit Card,Success,2026-07-11
TXN05230,CUST1844,PROD048,11737.44,UPI,Success,2026-03-28
TXN05231,CUST1674,PROD025,14218.04,Debit Card,Failed,2026-07-10
TXN05232,CUST0138,PROD045,6024.08,Net Banking,Success,2026-05-29
TXN05233,CUST1351,PROD089,7216.87,UPI,Success,2026-07-11
TXN05234,CUST1222,PROD053,10058.11,UPI,Success,2026-03-29
TXN05235,CUST1763,PROD055,4741.69,Debit Card,Failed,2026-07-13
TXN05236,CUST0021,PROD043,14732.7,UPI,Success,2026-03-06
TXN05237,CUST0487,PROD064,17681.48,Credit Card,Success,2026-02-06
TXN05238,CUST0535,PROD018,8512.22,Net Banking,Failed,2026-06-29
TXN05239,CUST1612,PROD060,17393.83,Credit Card,Success,2026-01-11
TXN05240,CUST0444,PROD082,16545.62,Credit Card,Failed,2026-01-29
TXN05241,CUST0165,PROD057,1449.94,Wallet,Failed,2026-07-22
TXN05242,CUST1340,PROD093,11490.01,Debit Card,Success,2026-02-28
TXN05243,CUST1382,PROD057,14886.13,Debit Card,Success,2026-08-07
TXN05244,CUST1955,PROD016,1598.0,Net Banking,Success,2026-02-11
TXN05245,CUST1942,PROD075,8577.61,Net Banking,Success,2026-07-13
TXN05246,CUST0145,PROD012,6255.1,Credit Card,Success,2026-08-04
TXN05247,CUST0216,PROD003,19926.97,Net Banking,Success,2026-05-09
TXN05248,CUST1995,PROD031,1266.0,Debit Card,Failed,2026-04-21
TXN05249,CUST1820,PROD034,13531.98,UPI,Success,2026-01-07
TXN05250,CUST1668,PROD069,2091.39,UPI,Success,2026-07-25
TXN05251,CUST1444,PROD054,6097.24,UPI,Success,2026-04-06
TXN05252,CUST1880,PROD006,2753.99,Credit Card,Success,2026-05-09
TXN05253,CUST0156,PROD091,5205.98,UPI,Success,2026-05-20
TXN05254,CUST0094,PROD018,10452.36,UPI,Success,2026-04-19
TXN05255,CUST1300,PROD071,9517.53,Credit Card,Success,2026-04-25
TXN05256,CUST1556,PROD009,5774.67,Wallet,Success,2026-06-05
TXN05257,CUST1766,PROD002,4350.56,UPI,Success,2026-02-02
TXN05258,CUST0385,PROD083,6365.48,Debit Card,Success,2026-05-07
TXN05259,CUST1484,PROD027,6274.38,UPI,Success,2026-02-03
TXN05260,CUST0843,PROD047,1513.6,UPI,Success,2026-01-12
TXN05261,CUST1728,PROD051,238.5,Debit Card,Success,2026-01-04
TXN05262,CUST0409,PROD016,4841.38,Debit Card,Success,2026-04-04
TXN05263,CUST1170,PROD039,2836.53,Net Banking,Success,2026-07-04
TXN05264,CUST1403,PROD088,2732.48,Wallet,Success,2026-03-01
TXN05265,CUST0867,PROD097,17240.38,Net Banking,Success,2026-06-27
TXN05266,CUST1346,PROD011,9884.6,UPI,Failed,2026-07-23
TXN05267,CUST1640,PROD098,12078.22,Wallet,Failed,2026-07-14
TXN05268,CUST1136,PROD064,14363.22,Net Banking,Success,2026-08-06
TXN05269,CUST0868,PROD061,14763.89,UPI,Success,2026-04-05
TXN05270,CUST1025,PROD062,9401.44,Credit Card,Success,2026-01-20
TXN05271,CUST1243,PROD069,1863.69,Credit Card,Failed,2026-05-27
TXN05272,CUST0935,PROD083,12790.05,UPI,Success,2026-02-11
TXN05273,CUST1038,PROD061,4651.53,Debit Card,Success,2026-03-12
TXN05274,CUST1203,PROD033,6517.89,Wallet,Success,2026-07-09
TXN05275,CUST1904,PROD066,16208.06,Net Banking,Success,2026-01-22
TXN05276,CUST0575,PROD015,10863.31,UPI,Success,2026-08-19
TXN05277,CUST1970,PROD075,13214.95,Debit Card,Success,2026-07-19
TXN05278,CUST0508,PROD081,12746.9,Debit Card,Success,2026-01-28
TXN05279,CUST1649,PROD041,10297.98,Credit Card,Failed,2026-06-08
TXN05280,CUST0218,PROD099,19692.3,Debit Card,Success,2026-06-13
TXN05281,CUST1356,PROD051,14461.79,Debit Card,Success,2026-01-09
TXN05282,CUST1695,PROD040,12098.82,Credit Card,Failed,2026-07-16
TXN05283,CUST0375,PROD058,1806.77,Debit Card,Success,2026-05-25
TXN05284,CUST0064,PROD053,4712.49,Net Banking,Success,2026-03-22
TXN05285,CUST0018,PROD018,19547.0,Net Banking,Success,2026-07-09
TXN05286,CUST1573,PROD046,4104.95,Debit Card,Success,2026-05-24
TXN05287,CUST0113,PROD088,17927.48,Debit Card,Success,2026-04-02
TXN05288,CUST1548,PROD029,13540.64,Debit Card,Success,2026-03-10
TXN05289,CUST0922,PROD098,18793.48,Wallet,Success,2026-05-13
TXN05290,CUST0934,PROD060,14031.16,Wallet,Failed,2026-05-09
TXN05291,CUST1991,PROD076,18557.15,Credit Card,Success,2026-02-12
TXN05292,CUST1562,PROD005,14857.29,Credit Card,Success,2026-04-27
TXN05293,CUST1896,PROD036,628.95,Wallet,Success,2026-07-13
TXN05294,CUST1013,PROD098,19404.07,Credit Card,Success,2026-02-01
TXN05295,CUST0825,PROD014,13824.04,Net Banking,Failed,2026-04-04
TXN05296,CUST1419,PROD002,17871.59,UPI,Success,2026-03-13
TXN05297,CUST1951,PROD089,19714.31,Net Banking,Success,2026-05-22
TXN05298,CUST0991,PROD011,10531.97,Debit Card,Success,2026-03-07
TXN05299,CUST1966,PROD056,2696.44,Debit Card,Success,2026-03-16
TXN05300,CUST0122,PROD090,5323.47,Net Banking,Success,2026-05-21
TXN05301,CUST0169,PROD015,16143.05,Wallet,Success,2026-01-31
TXN05302,CUST0955,PROD100,472.84,Credit Card,Success,2026-03-04
TXN05303,CUST0949,PROD100,1130.72,Debit Card,Success,2026-03-15
TXN05304,CUST1610,PROD097,777.14,Credit Card,Success,2026-03-04
TXN05305,CUST1721,PROD049,13256.26,Wallet,Failed,2026-07-17
TXN05306,CUST1257,PROD062,13213.92,Wallet,Success,2026-03-07
TXN05307,CUST1546,PROD028,12853.93,Debit Card,Success,2026-01-15
TXN05308,CUST1052,PROD013,16095.42,Wallet,Failed,2026-04-24
TXN05309,CUST1799,PROD095,10104.18,Wallet,Success,2026-06-01
TXN05310,CUST0535,PROD052,16861.32,Debit Card,Success,2026-02-11
TXN05311,CUST0046,PROD037,17130.45,UPI,Success,2026-02-01
TXN05312,CUST0122,PROD012,10330.82,Debit Card,Success,2026-07-16
TXN05313,CUST0279,PROD032,1858.01,Debit Card,Success,2026-03-09
TXN05314,CUST1671,PROD048,2118.57,UPI,Success,2026-07-21
TXN05315,CUST0950,PROD048,11974.61,Net Banking,Success,2026-08-18
TXN05316,CUST0045,PROD032,5570.3,Net Banking,Success,2026-07-14
TXN05317,CUST0406,PROD094,16888.94,Net Banking,Success,2026-04-01
TXN05318,CUST0607,PROD004,19455.6,Debit Card,Success,2026-07-23
TXN05319,CUST0779,PROD018,6441.01,Credit Card,Success,2026-08-13
TXN05320,CUST0253,PROD010,16468.06,UPI,Success,2026-03-08
TXN05321,CUST0233,PROD076,16752.15,UPI,Success,2026-08-19
TXN05322,CUST0057,PROD049,429.29,Credit Card,Success,2026-01-27
TXN05323,CUST1331,PROD075,4237.28,UPI,Success,2026-07-20
TXN05324,CUST1785,PROD017,3695.42,Debit Card,Success,2026-06-22
TXN05325,CUST0336,PROD083,17319.26,Net Banking,Success,2026-07-20
TXN05326,CUST1533,PROD097,7437.64,Wallet,Success,2026-02-21
TXN05327,CUST1372,PROD018,6456.07,UPI,Success,2026-04-19
TXN05328,CUST1705,PROD053,2351.62,Debit Card,Failed,2026-06-25
TXN05329,CUST1170,PROD092,12299.97,Credit Card,Success,2026-03-11
TXN05330,CUST1623,PROD090,1888.37,Debit Card,Success,2026-03-12
TXN05331,CUST0430,PROD057,15311.14,Debit Card,Failed,2026-08-13
TXN05332,CUST1990,PROD020,8149.23,Wallet,Success,2026-02-02
TXN05333,CUST0123,PROD069,2308.03,Wallet,Failed,2026-08-06
TXN05334,CUST1674,PROD085,6356.71,Credit Card,Success,2026-01-09
TXN05335,CUST0274,PROD025,7077.28,Wallet,Success,2026-04-05
TXN05336,CUST1691,PROD045,10321.29,Credit Card,Success,2026-06-27
TXN05337,CUST1794,PROD083,3593.62,UPI,Success,2026-05-13
TXN05338,CUST0058,PROD064,6459.81,Net Banking,Failed,2026-08-12
TXN05339,CUST0181,PROD075,13785.29,Net Banking,Success,2026-08-17
TXN05340,CUST0739,PROD034,15809.58,Debit Card,Success,2026-07-30
TXN05341,CUST0734,PROD024,5753.88,Net Banking,Success,2026-06-29
TXN05342,CUST1001,PROD062,5211.62,Debit Card,Failed,2026-07-19
TXN05343,CUST0800,PROD034,15927.61,UPI,Success,2026-03-04
TXN05344,CUST0875,PROD037,16173.3,Net Banking,Success,2026-01-13
TXN05345,CUST0792,PROD073,10735.04,Credit Card,Success,2026-05-11
TXN05346,CUST0610,PROD070,8800.93,Net Banking,Success,2026-07-09
TXN05347,CUST1652,PROD047,16086.07,Net Banking,Failed,2026-05-08
TXN05348,CUST0467,PROD072,7162.4,Debit Card,Success,2026-06-16
TXN05349,CUST0043,PROD075,2193.38,UPI,Success,2026-02-01
TXN05350,CUST0050,PROD060,3311.77,Debit Card,Success,2026-04-03
TXN05351,CUST1498,PROD026,12140.43,UPI,Success,2026-01-12
TXN05352,CUST0124,PROD074,16710.46,Credit Card,Success,2026-06-07
TXN05353,CUST1726,PROD081,14914.83,UPI,Success,2026-04-30
TXN05354,CUST1155,PROD019,8063.35,Debit Card,Success,2026-02-04
TXN05355,CUST1448,PROD062,6073.65,Net Banking,Success,2026-02-01
TXN05356,CUST0446,PROD017,7560.31,Credit Card,Failed,2026-06-16
TXN05357,CUST0609,PROD032,13544.93,Wallet,Failed,2026-06-02
TXN05358,CUST0530,PROD035,18769.05,Wallet,Failed,2026-04-28
TXN05359,CUST0733,PROD020,13776.45,Net Banking,Success,2026-03-04
TXN05360,CUST1611,PROD064,11912.3,Wallet,Success,2026-03-09
TXN05361,CUST1487,PROD034,6855.24,Debit Card,Failed,2026-07-24
TXN05362,CUST1431,PROD096,17937.85,Wallet,Success,2026-07-02
TXN05363,CUST1726,PROD059,14714.31,UPI,Success,2026-08-13
TXN05364,CUST0919,PROD093,4022.3,Net Banking,Success,2026-01-28
TXN05365,CUST1395,PROD094,17290.71,Credit Card,Success,2026-07-25
TXN05366,CUST1494,PROD014,10675.86,Credit Card,Success,2026-02-03
TXN05367,CUST1848,PROD004,3395.75,Credit Card,Success,2026-06-03
TXN05368,CUST1767,PROD086,18301.68,Net Banking,Success,2026-05-02
TXN05369,CUST0946,PROD053,18378.82,UPI,Success,2026-03-11
TXN05370,CUST0083,PROD036,14622.34,Debit Card,Success,2026-04-10
TXN05371,CUST0204,PROD011,3434.74,Credit Card,Failed,2026-04-07
TXN05372,CUST0163,PROD016,19303.51,UPI,Success,2026-03-31
TXN05373,CUST1449,PROD017,10731.56,Credit Card,Success,2026-06-04
TXN05374,CUST0977,PROD100,13067.02,Debit Card,Failed,2026-06-23
TXN05375,CUST0731,PROD022,15904.2,Credit Card,Success,2026-05-15
TXN05376,CUST1598,PROD054,9909.29,Debit Card,Success,2026-07-23
TXN05377,CUST0423,PROD080,4361.88,Debit Card,Success,2026-06-28
TXN05378,CUST1866,PROD097,4738.89,Net Banking,Success,2026-06-13
TXN05379,CUST1498,PROD018,14365.94,Credit Card,Failed,2026-05-14
TXN05380,CUST0857,PROD099,14974.4,UPI,Success,2026-02-17
TXN05381,CUST0246,PROD006,436.01,UPI,Success,2026-04-08
TXN05382,CUST0904,PROD097,3469.65,Credit Card,Success,2026-03-07
TXN05383,CUST1954,PROD090,10534.12,Wallet,Success,2026-08-13
TXN05384,CUST1990,PROD044,4488.21,UPI,Success,2026-05-08
TXN05385,CUST1849,PROD046,9632.77,UPI,Success,2026-01-29
TXN05386,CUST0372,PROD001,11294.24,Credit Card,Success,2026-05-24
TXN05387,CUST1139,PROD059,4595.23,Wallet,Success,2026-06-20
TXN05388,CUST0106,PROD061,12529.4,Credit Card,Success,2026-08-04
TXN05389,CUST0921,PROD030,2287.92,Wallet,Success,2026-02-03
TXN05390,CUST0395,PROD036,18838.56,Debit Card,Failed,2026-07-09
TXN05391,CUST0697,PROD007,17895.72,Credit Card,Success,2026-07-16
TXN05392,CUST1372,PROD048,12209.44,UPI,Failed,2026-08-01
TXN05393,CUST0306,PROD053,10973.39,UPI,Failed,2026-01-05
TXN05394,CUST0121,PROD061,3184.72,Wallet,Success,2026-01-08
TXN05395,CUST0175,PROD021,18886.59,Wallet,Failed,2026-02-01
TXN05396,CUST1732,PROD097,19514.49,Credit Card,Success,2026-03-30
TXN05397,CUST1222,PROD083,14053.59,Net Banking,Success,2026-05-26
TXN05398,CUST0270,PROD031,4352.16,Debit Card,Failed,2026-07-28
TXN05399,CUST1858,PROD100,17894.67,Net Banking,Success,2026-05-13
TXN05400,CUST0236,PROD059,7343.41,Wallet,Success,2026-07-22
TXN05401,CUST0405,PROD022,4092.92,Wallet,Failed,2026-07-29
TXN05402,CUST1103,PROD008,15928.44,UPI,Failed,2026-08-10
TXN05403,CUST0580,PROD009,9404.17,Credit Card,Success,2026-01-04
TXN05404,CUST0250,PROD029,18668.55,Net Banking,Failed,2026-01-13
TXN05405,CUST1281,PROD070,8579.3,Debit Card,Failed,2026-06-16
TXN05406,CUST1435,PROD063,6625.93,Wallet,Success,2026-06-24
TXN05407,CUST1945,PROD001,11836.48,UPI,Success,2026-05-28
TXN05408,CUST0687,PROD006,6074.18,Net Banking,Success,2026-08-01
TXN05409,CUST1846,PROD032,7938.37,Debit Card,Success,2026-06-09
TXN05410,CUST0263,PROD058,3724.03,Debit Card,Success,2026-04-20
TXN05411,CUST1107,PROD016,5903.05,Credit Card,Success,2026-06-26
TXN05412,CUST0632,PROD029,13095.76,Debit Card,Success,2026-03-11
TXN05413,CUST1397,PROD089,5333.16,Credit Card,Success,2026-04-13
TXN05414,CUST0998,PROD050,5363.65,Debit Card,Failed,2026-02-19
TXN05415,CUST1782,PROD026,17194.62,UPI,Success,2026-03-15
TXN05416,CUST1606,PROD092,15092.71,Net Banking,Success,2026-04-07
TXN05417,CUST1984,PROD005,8944.07,Wallet,Success,2026-08-17
TXN05418,CUST1155,PROD066,14768.36,Debit Card,Failed,2026-08-10
TXN05419,CUST0645,PROD058,5560.51,UPI,Success,2026-01-20
TXN05420,CUST0810,PROD083,16258.72,Net Banking,Success,2026-04-22
TXN05421,CUST0879,PROD038,19002.43,Net Banking,Failed,2026-05-10
TXN05422,CUST0484,PROD084,11665.46,Wallet,Success,2026-05-18
TXN05423,CUST0444,PROD059,9559.65,Credit Card,Success,2026-01-19
TXN05424,CUST1178,PROD028,17600.53,Net Banking,Success,2026-01-29
TXN05425,CUST0730,PROD087,13465.9,Credit Card,Success,2026-05-14
TXN05426,CUST0506,PROD057,11022.32,Net Banking,Success,2026-03-11
TXN05427,CUST0600,PROD006,9752.96,Credit Card,Success,2026-05-31
TXN05428,CUST0706,PROD009,16075.65,Net Banking,Success,2026-08-03
TXN05429,CUST0807,PROD075,3733.0,Wallet,Success,2026-04-21
TXN05430,CUST1551,PROD007,16706.85,Credit Card,Success,2026-07-18
TXN05431,CUST0962,PROD027,19285.22,Net Banking,Success,2026-07-18
TXN05432,CUST0289,PROD047,7909.97,Credit Card,Success,2026-05-04
TXN05433,CUST0317,PROD032,296.22,Debit Card,Success,2026-05-22
TXN05434,CUST1352,PROD065,17277.95,Wallet,Success,2026-03-31
TXN05435,CUST0753,PROD030,3008.86,Credit Card,Success,2026-03-20
TXN05436,CUST1589,PROD050,7737.02,Wallet,Failed,2026-01-02
TXN05437,CUST1607,PROD093,17110.67,Debit Card,Success,2026-08-13
TXN05438,CUST1662,PROD069,4414.58,Wallet,Success,2026-06-17
TXN05439,CUST1430,PROD027,810.36,Debit Card,Success,2026-08-19
TXN05440,CUST1682,PROD032,16471.92,Debit Card,Success,2026-04-14
TXN05441,CUST0257,PROD076,10408.54,Wallet,Success,2026-04-22
TXN05442,CUST1263,PROD087,12120.86,Net Banking,Success,2026-08-08
TXN05443,CUST1672,PROD004,14780.07,UPI,Success,2026-07-25
TXN05444,CUST0091,PROD004,10074.65,UPI,Success,2026-04-07
TXN05445,CUST1613,PROD031,5100.91,UPI,Success,2026-04-24
TXN05446,CUST1606,PROD036,14718.46,Net Banking,Success,2026-01-21
TXN05447,CUST1827,PROD037,4100.11,Net Banking,Success,2026-05-24
TXN05448,CUST1353,PROD094,12811.21,Net Banking,Success,2026-08-05
TXN05449,CUST1032,PROD090,9276.95,UPI,Success,2026-02-17
TXN05450,CUST1827,PROD062,14215.88,Debit Card,Success,2026-07-24
TXN05451,CUST1514,PROD042,5248.34,Wallet,Success,2026-04-06
TXN05452,CUST0879,PROD016,10565.76,Wallet,Success,2026-03-16
TXN05453,CUST0630,PROD009,5626.26,Wallet,Success,2026-05-06
TXN05454,CUST1808,PROD030,12629.79,UPI,Failed,2026-03-06
TXN05455,CUST1031,PROD065,9508.49,Credit Card,Success,2026-04-18
TXN05456,CUST1406,PROD074,3606.1,Credit Card,Success,2026-06-12
TXN05457,CUST0420,PROD092,4532.29,Wallet,Failed,2026-08-11
TXN05458,CUST1838,PROD021,2628.92,UPI,Success,2026-05-25
TXN05459,CUST0945,PROD090,16479.58,Credit Card,Success,2026-02-24
TXN05460,CUST0593,PROD092,5607.47,Debit Card,Success,2026-05-11
TXN05461,CUST0860,PROD059,18488.49,UPI,Success,2026-05-04
TXN05462,CUST1700,PROD086,5465.19,Net Banking,Success,2026-07-07
TXN05463,CUST0800,PROD001,6074.68,Wallet,Failed,2026-04-17
TXN05464,CUST1716,PROD030,11619.26,UPI,Success,2026-08-17
TXN05465,CUST1405,PROD095,6340.31,Net Banking,Success,2026-04-23
TXN05466,CUST1886,PROD086,18932.99,Net Banking,Success,2026-07-12
TXN05467,CUST1673,PROD061,14447.62,Net Banking,Success,2026-04-09
TXN05468,CUST0985,PROD051,1128.0,Credit Card,Success,2026-04-01
TXN05469,CUST1025,PROD086,14800.36,Credit Card,Failed,2026-03-29
TXN05470,CUST0893,PROD040,6724.74,Credit Card,Success,2026-03-24
TXN05471,CUST1006,PROD047,1428.06,Wallet,Failed,2026-05-27
TXN05472,CUST1064,PROD064,10678.55,Wallet,Failed,2026-06-01
TXN05473,CUST0999,PROD019,9466.79,Debit Card,Success,2026-03-18
TXN05474,CUST0342,PROD001,8736.27,Wallet,Success,2026-06-25
TXN05475,CUST1418,PROD006,8400.25,Credit Card,Failed,2026-06-05
TXN05476,CUST1694,PROD069,9454.78,Credit Card,Failed,2026-06-23
TXN05477,CUST0885,PROD088,5657.46,Net Banking,Success,2026-01-16
TXN05478,CUST0287,PROD040,8414.73,Credit Card,Failed,2026-04-21
TXN05479,CUST0077,PROD032,3412.1,UPI,Success,2026-08-10
TXN05480,CUST0507,PROD008,4040.82,Credit Card,Failed,2026-05-20
TXN05481,CUST1681,PROD031,4987.93,UPI,Success,2026-01-06
TXN05482,CUST1888,PROD015,16059.23,Debit Card,Success,2026-05-11
TXN05483,CUST0821,PROD046,5181.52,Debit Card,Success,2026-05-17
TXN05484,CUST1072,PROD064,6531.69,Debit Card,Success,2026-02-04
TXN05485,CUST0315,PROD073,7975.37,UPI,Success,2026-03-29
TXN05486,CUST0395,PROD053,12250.53,Debit Card,Success,2026-03-06
TXN05487,CUST1449,PROD067,4380.19,Net Banking,Failed,2026-01-19
TXN05488,CUST1802,PROD070,4154.43,Net Banking,Success,2026-05-09
TXN05489,CUST1345,PROD031,6697.93,Net Banking,Failed,2026-04-12
TXN05490,CUST0885,PROD032,13209.59,Wallet,Failed,2026-02-22
TXN05491,CUST0728,PROD091,17727.47,Net Banking,Success,2026-05-18
TXN05492,CUST0140,PROD060,13135.86,Debit Card,Success,2026-02-06
TXN05493,CUST1852,PROD006,13911.51,Wallet,Failed,2026-06-03
TXN05494,CUST0228,PROD100,16480.15,Net Banking,Success,2026-07-08
TXN05495,CUST0541,PROD055,18698.58,Net Banking,Success,2026-03-20
TXN05496,CUST1442,PROD022,11919.84,Wallet,Success,2026-04-11
TXN05497,CUST0282,PROD056,10599.17,UPI,Success,2026-04-03
TXN05498,CUST1979,PROD076,9259.97,Net Banking,Failed,2026-04-22
TXN05499,CUST1489,PROD078,17751.62,UPI,Success,2026-01-13
TXN05500,CUST0269,PROD084,19763.37,Net Banking,Success,2026-07-29
TXN05501,CUST1243,PROD098,1350.94,Wallet,Success,2026-07-21
TXN05502,CUST1754,PROD093,14875.88,Credit Card,Success,2026-08-10
TXN05503,CUST0385,PROD070,19111.13,Credit Card,Success,2026-04-27
TXN05504,CUST1875,PROD017,2659.16,Debit Card,Success,2026-08-09
TXN05505,CUST1172,PROD006,12751.45,Debit Card,Success,2026-08-19
TXN05506,CUST0352,PROD040,16347.09,Debit Card,Success,2026-07-05
TXN05507,CUST1411,PROD024,3179.99,Net Banking,Success,2026-01-25
TXN05508,CUST0871,PROD053,4497.91,Credit Card,Failed,2026-07-22
TXN05509,CUST0435,PROD087,7185.58,Credit Card,Success,2026-05-14
TXN05510,CUST0387,PROD094,2803.24,Debit Card,Success,2026-02-02
TXN05511,CUST1380,PROD069,2008.6,UPI,Success,2026-03-12
TXN05512,CUST0110,PROD083,9991.42,Wallet,Failed,2026-03-22
TXN05513,CUST1717,PROD037,1497.81,Credit Card,Success,2026-03-12
TXN05514,CUST0290,PROD037,10678.55,Debit Card,Success,2026-02-18
TXN05515,CUST1000,PROD036,7507.64,Wallet,Success,2026-07-14
TXN05516,CUST1511,PROD032,18844.89,UPI,Failed,2026-05-12
TXN05517,CUST1311,PROD073,12240.41,UPI,Success,2026-04-30
TXN05518,CUST0543,PROD035,277.41,Credit Card,Success,2026-07-21
TXN05519,CUST0050,PROD080,438.09,UPI,Failed,2026-05-04
TXN05520,CUST0357,PROD031,13618.03,Credit Card,Success,2026-06-29
TXN05521,CUST1550,PROD063,9599.36,Credit Card,Success,2026-06-14
TXN05522,CUST0894,PROD046,6994.32,Net Banking,Success,2026-04-23
TXN05523,CUST0897,PROD017,8987.5,Credit Card,Success,2026-05-02
TXN05524,CUST0657,PROD040,11236.84,Debit Card,Success,2026-01-28
TXN05525,CUST1921,PROD013,3758.54,Net Banking,Success,2026-04-10
TXN05526,CUST0217,PROD044,17848.04,Wallet,Success,2026-03-05
TXN05527,CUST1636,PROD099,11626.59,Credit Card,Failed,2026-08-11
TXN05528,CUST0546,PROD023,9360.89,Credit Card,Success,2026-01-14
TXN05529,CUST0709,PROD008,18688.0,Credit Card,Success,2026-01-26
TXN05530,CUST1701,PROD029,12804.44,UPI,Success,2026-05-26
TXN05531,CUST0323,PROD061,12450.86,Wallet,Failed,2026-07-09
TXN05532,CUST1319,PROD043,10184.08,Debit Card,Success,2026-08-17
TXN05533,CUST0970,PROD025,4461.32,Wallet,Success,2026-08-15
TXN05534,CUST1703,PROD017,12139.82,UPI,Success,2026-06-04
TXN05535,CUST0922,PROD015,13835.39,Credit Card,Success,2026-01-29
TXN05536,CUST0710,PROD077,4999.92,Debit Card,Success,2026-06-28
TXN05537,CUST0947,PROD086,18417.7,Credit Card,Success,2026-03-15
TXN05538,CUST1618,PROD095,1973.53,Credit Card,Success,2026-06-22
TXN05539,CUST0069,PROD091,7953.61,Debit Card,Failed,2026-06-17
TXN05540,CUST0182,PROD006,276.33,Debit Card,Success,2026-03-12
TXN05541,CUST0807,PROD033,17555.74,Debit Card,Success,2026-04-11
TXN05542,CUST0515,PROD027,16509.5,Wallet,Success,2026-07-11
TXN05543,CUST1205,PROD012,5207.08,UPI,Success,2026-02-10
TXN05544,CUST0950,PROD081,3174.87,Net Banking,Success,2026-08-16
TXN05545,CUST1471,PROD065,4931.73,Net Banking,Failed,2026-02-10
TXN05546,CUST0097,PROD081,10243.96,Net Banking,Failed,2026-08-14
TXN05547,CUST0655,PROD086,9751.59,Wallet,Success,2026-01-15
TXN05548,CUST0386,PROD070,15062.07,UPI,Success,2026-02-25
TXN05549,CUST0090,PROD076,1059.07,Net Banking,Success,2026-01-16
TXN05550,CUST1299,PROD018,6973.71,Net Banking,Success,2026-07-07
TXN05551,CUST1909,PROD058,17717.23,Net Banking,Success,2026-03-14
TXN05552,CUST1130,PROD053,2587.79,Wallet,Success,2026-02-12
TXN05553,CUST1975,PROD060,13153.61,Debit Card,Success,2026-03-03
TXN05554,CUST1646,PROD054,12826.9,Credit Card,Success,2026-02-26
TXN05555,CUST1680,PROD049,7203.4,Net Banking,Failed,2026-07-21
TXN05556,CUST0584,PROD099,1488.15,Net Banking,Success,2026-03-17
TXN05557,CUST0682,PROD016,9417.68,Credit Card,Success,2026-05-07
TXN05558,CUST1993,PROD097,1546.1,Debit Card,Success,2026-05-12
TXN05559,CUST1614,PROD094,16893.97,Net Banking,Failed,2026-05-08
TXN05560,CUST1382,PROD050,7307.71,Wallet,Success,2026-07-29
TXN05561,CUST1871,PROD075,8286.08,Net Banking,Success,2026-07-22
TXN05562,CUST0086,PROD082,18446.65,Credit Card,Success,2026-02-28
TXN05563,CUST1524,PROD041,3238.24,Net Banking,Success,2026-05-26
TXN05564,CUST1057,PROD033,12821.07,UPI,Failed,2026-01-23
TXN05565,CUST0328,PROD024,19421.09,Debit Card,Success,2026-02-02
TXN05566,CUST1500,PROD034,6902.53,Wallet,Success,2026-05-03
TXN05567,CUST1719,PROD093,4119.61,Credit Card,Success,2026-06-14
TXN05568,CUST0993,PROD051,8381.61,UPI,Success,2026-03-11
TXN05569,CUST0295,PROD055,6276.32,Credit Card,Failed,2026-01-15
TXN05570,CUST1734,PROD061,1115.52,Credit Card,Success,2026-01-20
TXN05571,CUST0318,PROD023,11888.68,UPI,Success,2026-02-06
TXN05572,CUST1270,PROD100,4166.26,Credit Card,Success,2026-06-13
TXN05573,CUST1828,PROD086,3965.81,Credit Card,Failed,2026-02-09
TXN05574,CUST1307,PROD048,852.16,Debit Card,Failed,2026-07-03
TXN05575,CUST0808,PROD018,11228.44,Net Banking,Success,2026-01-07
TXN05576,CUST1387,PROD083,13418.77,Debit Card,Success,2026-07-27
TXN05577,CUST1236,PROD007,18438.73,Wallet,Success,2026-04-30
TXN05578,CUST1351,PROD085,6022.35,Net Banking,Success,2026-05-08
TXN05579,CUST1408,PROD080,676.14,Wallet,Success,2026-04-23
TXN05580,CUST0637,PROD039,8104.92,Net Banking,Failed,2026-04-11
TXN05581,CUST0633,PROD089,11327.76,UPI,Failed,2026-04-21
TXN05582,CUST1298,PROD040,4365.16,Wallet,Success,2026-04-15
TXN05583,CUST1800,PROD088,14919.38,UPI,Failed,2026-07-06
TXN05584,CUST0670,PROD043,11669.77,Net Banking,Success,2026-03-27
TXN05585,CUST1170,PROD062,15896.59,Net Banking,Failed,2026-04-07
TXN05586,CUST1538,PROD019,4372.16,Credit Card,Success,2026-07-19
TXN05587,CUST0918,PROD095,16329.43,Credit Card,Success,2026-05-05
TXN05588,CUST1471,PROD053,18451.88,Wallet,Success,2026-07-29
TXN05589,CUST0970,PROD008,14607.58,Net Banking,Success,2026-03-11
TXN05590,CUST0395,PROD100,13505.09,Debit Card,Success,2026-03-03
TXN05591,CUST1793,PROD056,8440.51,UPI,Success,2026-01-27
TXN05592,CUST0206,PROD039,12070.01,Net Banking,Success,2026-07-10
TXN05593,CUST1120,PROD007,19610.35,Wallet,Success,2026-08-11
TXN05594,CUST0346,PROD065,16312.36,Wallet,Failed,2026-04-09
TXN05595,CUST1958,PROD061,18864.4,Credit Card,Success,2026-06-07
TXN05596,CUST1991,PROD033,12160.6,UPI,Success,2026-03-07
TXN05597,CUST1394,PROD098,13070.21,Debit Card,Success,2026-06-09
TXN05598,CUST1066,PROD055,12507.35,Net Banking,Success,2026-03-24
TXN05599,CUST0471,PROD086,6133.97,Wallet,Failed,2026-01-13
TXN05600,CUST0467,PROD090,13184.32,UPI,Failed,2026-08-11
TXN05601,CUST0508,PROD070,747.65,Wallet,Success,2026-04-12
TXN05602,CUST0549,PROD061,8532.4,Credit Card,Success,2026-01-18
TXN05603,CUST1012,PROD064,12128.86,Credit Card,Failed,2026-07-20
TXN05604,CUST1129,PROD001,2002.97,Credit Card,Success,2026-06-22
TXN05605,CUST1906,PROD004,1720.22,UPI,Failed,2026-02-25
TXN05606,CUST1566,PROD047,3771.53,Credit Card,Success,2026-01-02
TXN05607,CUST1188,PROD013,7403.49,UPI,Success,2026-02-25
TXN05608,CUST0497,PROD051,12815.76,Credit Card,Success,2026-06-25
TXN05609,CUST0597,PROD099,296.44,Credit Card,Success,2026-05-22
TXN05610,CUST0344,PROD063,1100.93,UPI,Failed,2026-03-04
TXN05611,CUST1219,PROD055,9781.35,UPI,Success,2026-01-09
TXN05612,CUST1275,PROD045,12167.02,Credit Card,Success,2026-08-18
TXN05613,CUST1359,PROD099,9238.69,Debit Card,Success,2026-06-12
TXN05614,CUST1852,PROD074,14010.26,UPI,Success,2026-01-04
TXN05615,CUST1414,PROD014,13191.93,UPI,Success,2026-06-13
TXN05616,CUST0771,PROD044,16889.33,Credit Card,Success,2026-08-15
TXN05617,CUST1924,PROD038,17028.73,Credit Card,Success,2026-05-16
TXN05618,CUST0448,PROD066,18211.48,UPI,Success,2026-05-04
TXN05619,CUST1871,PROD010,6389.8,Net Banking,Success,2026-07-04
TXN05620,CUST0892,PROD080,2482.32,UPI,Failed,2026-04-30
TXN05621,CUST0927,PROD002,2840.81,Wallet,Success,2026-02-06
TXN05622,CUST1856,PROD005,16906.57,UPI,Failed,2026-01-14
TXN05623,CUST0487,PROD085,19827.02,Wallet,Success,2026-07-04
TXN05624,CUST1764,PROD070,18675.22,Debit Card,Failed,2026-02-21
TXN05625,CUST1314,PROD015,3738.68,Credit Card,Success,2026-02-22
TXN05626,CUST0780,PROD086,13689.01,Debit Card,Failed,2026-01-07
TXN05627,CUST1783,PROD091,4450.96,UPI,Failed,2026-03-09
TXN05628,CUST0479,PROD018,13728.17,Debit Card,Success,2026-07-13
TXN05629,CUST1457,PROD058,7810.73,Credit Card,Success,2026-04-03
TXN05630,CUST1811,PROD021,1947.51,UPI,Success,2026-01-29
TXN05631,CUST0958,PROD073,7057.18,Credit Card,Failed,2026-03-16
TXN05632,CUST1955,PROD096,4459.08,Net Banking,Success,2026-08-16
TXN05633,CUST1392,PROD004,2209.98,UPI,Success,2026-07-13
TXN05634,CUST0914,PROD065,2394.17,Net Banking,Success,2026-07-25
TXN05635,CUST1628,PROD095,10832.95,Credit Card,Failed,2026-07-08
TXN05636,CUST0015,PROD023,6533.2,Credit Card,Failed,2026-03-27
TXN05637,CUST0814,PROD033,15129.45,Net Banking,Success,2026-04-21
TXN05638,CUST1597,PROD003,3578.52,Wallet,Failed,2026-01-11
TXN05639,CUST0613,PROD011,9769.88,Debit Card,Success,2026-07-26
TXN05640,CUST1313,PROD003,5801.68,UPI,Success,2026-06-22
TXN05641,CUST1622,PROD026,1736.55,Debit Card,Success,2026-05-14
TXN05642,CUST0125,PROD086,6985.81,Debit Card,Success,2026-04-25
TXN05643,CUST0006,PROD068,5337.26,Credit Card,Failed,2026-03-23
TXN05644,CUST0597,PROD053,18595.92,UPI,Success,2026-04-25
TXN05645,CUST1601,PROD064,10183.31,Net Banking,Failed,2026-04-22
TXN05646,CUST1008,PROD007,14729.96,Credit Card,Success,2026-05-24
TXN05647,CUST1333,PROD058,7975.53,Debit Card,Success,2026-06-18
TXN05648,CUST0696,PROD066,4799.39,UPI,Success,2026-03-25
TXN05649,CUST1019,PROD021,8948.95,Wallet,Success,2026-04-27
TXN05650,CUST0497,PROD093,2923.4,Wallet,Success,2026-02-17
TXN05651,CUST0242,PROD089,11033.44,Credit Card,Success,2026-03-02
TXN05652,CUST0740,PROD014,1981.82,UPI,Success,2026-02-10
TXN05653,CUST0524,PROD004,8658.12,Net Banking,Failed,2026-02-20
TXN05654,CUST0064,PROD010,17738.74,UPI,Success,2026-06-02
TXN05655,CUST0061,PROD023,6196.41,Debit Card,Success,2026-04-13
TXN05656,CUST0136,PROD087,9487.46,Debit Card,Success,2026-07-02
TXN05657,CUST1643,PROD010,14436.5,UPI,Success,2026-04-28
TXN05658,CUST0557,PROD070,7162.55,Net Banking,Failed,2026-07-27
TXN05659,CUST0893,PROD066,11211.78,UPI,Success,2026-02-19
TXN05660,CUST1832,PROD033,16623.29,Wallet,Success,2026-04-25
TXN05661,CUST0631,PROD082,6095.7,UPI,Success,2026-06-25
TXN05662,CUST1111,PROD085,10520.07,UPI,Success,2026-05-28
TXN05663,CUST0205,PROD097,18986.85,Debit Card,Success,2026-03-12
TXN05664,CUST1024,PROD089,8161.92,Net Banking,Success,2026-04-23
TXN05665,CUST1197,PROD044,2759.08,Net Banking,Success,2026-05-25
TXN05666,CUST0198,PROD062,972.41,UPI,Success,2026-02-09
TXN05667,CUST0865,PROD040,6755.9,Net Banking,Success,2026-08-19
TXN05668,CUST1554,PROD006,2752.94,Credit Card,Failed,2026-02-09
TXN05669,CUST0009,PROD033,14138.58,Credit Card,Success,2026-03-31
TXN05670,CUST0926,PROD065,17504.72,Net Banking,Success,2026-04-23
TXN05671,CUST0661,PROD025,14624.86,Wallet,Success,2026-01-16
TXN05672,CUST1303,PROD076,12957.79,Wallet,Success,2026-02-16
TXN05673,CUST1074,PROD073,11201.45,Credit Card,Success,2026-07-20
TXN05674,CUST1452,PROD065,10077.25,Credit Card,Failed,2026-04-28
TXN05675,CUST1245,PROD025,4456.21,Debit Card,Success,2026-07-05
TXN05676,CUST1827,PROD088,12614.91,Debit Card,Success,2026-02-11
TXN05677,CUST1832,PROD079,5005.03,Net Banking,Success,2026-05-09
TXN05678,CUST0401,PROD092,12207.25,Debit Card,Success,2026-05-16
TXN05679,CUST0587,PROD069,5862.75,Net Banking,Success,2026-02-04
TXN05680,CUST1200,PROD072,4803.87,Net Banking,Success,2026-07-05
TXN05681,CUST0269,PROD091,4946.97,Wallet,Failed,2026-01-20
TXN05682,CUST0853,PROD085,9188.68,Credit Card,Success,2026-02-12
TXN05683,CUST0510,PROD043,19471.53,Credit Card,Success,2026-08-10
TXN05684,CUST1755,PROD040,17920.09,Credit Card,Success,2026-04-10
TXN05685,CUST1746,PROD014,8338.03,Credit Card,Success,2026-02-19
TXN05686,CUST1597,PROD008,2510.48,Credit Card,Success,2026-06-26
TXN05687,CUST0767,PROD051,13856.33,Debit Card,Success,2026-03-07
TXN05688,CUST1992,PROD054,4393.25,Wallet,Failed,2026-02-13
TXN05689,CUST0860,PROD024,17760.51,Debit Card,Success,2026-02-19
TXN05690,CUST0066,PROD037,5663.57,Debit Card,Success,2026-04-04
TXN05691,CUST1516,PROD084,18877.25,Debit Card,Success,2026-02-22
TXN05692,CUST1913,PROD019,1864.24,Net Banking,Success,2026-01-27
TXN05693,CUST0544,PROD074,5446.54,Debit Card,Success,2026-05-26
TXN05694,CUST1314,PROD037,3500.67,UPI,Failed,2026-07-28
TXN05695,CUST1089,PROD092,6125.8,Debit Card,Success,2026-08-08
TXN05696,CUST0487,PROD065,2371.28,UPI,Success,2026-04-04
TXN05697,CUST1279,PROD015,2635.72,Debit Card,Success,2026-04-15
TXN05698,CUST1315,PROD079,3638.02,Net Banking,Success,2026-03-06
TXN05699,CUST0365,PROD076,12005.39,Net Banking,Success,2026-05-09
TXN05700,CUST0519,PROD057,14623.11,Credit Card,Failed,2026-03-24
TXN05701,CUST1267,PROD068,17666.62,Wallet,Success,2026-04-06
TXN05702,CUST0738,PROD031,17110.53,Net Banking,Success,2026-01-16
TXN05703,CUST1658,PROD016,5369.59,UPI,Failed,2026-06-16
TXN05704,CUST0452,PROD036,9706.12,Credit Card,Success,2026-05-26
TXN05705,CUST0100,PROD044,19165.64,Wallet,Success,2026-07-28
TXN05706,CUST0533,PROD042,14854.97,UPI,Failed,2026-01-20
TXN05707,CUST0188,PROD018,5169.68,Credit Card,Success,2026-03-18
TXN05708,CUST1096,PROD082,13674.98,Credit Card,Success,2026-04-09
TXN05709,CUST0422,PROD096,1139.43,UPI,Success,2026-07-29
TXN05710,CUST1295,PROD054,462.28,Wallet,Success,2026-04-18
TXN05711,CUST0234,PROD093,724.4,Wallet,Success,2026-07-27
TXN05712,CUST0497,PROD096,9028.3,Wallet,Success,2026-03-21
TXN05713,CUST1805,PROD019,16019.8,UPI,Failed,2026-07-23
TXN05714,CUST1870,PROD063,12034.88,UPI,Success,2026-06-29
TXN05715,CUST0693,PROD002,8609.86,Debit Card,Success,2026-08-06
TXN05716,CUST0172,PROD045,11709.9,UPI,Success,2026-01-27
TXN05717,CUST0653,PROD001,2948.1,UPI,Success,2026-02-18
TXN05718,CUST0091,PROD001,18213.53,UPI,Success,2026-07-14
TXN05719,CUST1865,PROD062,3468.14,Wallet,Failed,2026-07-27
TXN05720,CUST0852,PROD066,19246.1,Credit Card,Success,2026-06-13
TXN05721,CUST1896,PROD023,1389.54,UPI,Success,2026-04-11
TXN05722,CUST1531,PROD090,12418.57,Credit Card,Success,2026-03-17
TXN05723,CUST0076,PROD060,12445.85,Net Banking,Failed,2026-07-15
TXN05724,CUST1239,PROD082,15098.55,Wallet,Success,2026-04-26
TXN05725,CUST0336,PROD005,18642.42,UPI,Success,2026-06-15
TXN05726,CUST0174,PROD036,16795.32,Debit Card,Success,2026-02-04
TXN05727,CUST0029,PROD083,9618.58,Net Banking,Success,2026-08-04
TXN05728,CUST0506,PROD091,16910.03,UPI,Success,2026-04-19
TXN05729,CUST1186,PROD048,3559.21,Debit Card,Failed,2026-06-30
TXN05730,CUST1452,PROD077,5610.56,Net Banking,Success,2026-03-24
TXN05731,CUST0437,PROD097,17973.86,Wallet,Failed,2026-06-29
TXN05732,CUST0350,PROD076,4746.52,Debit Card,Success,2026-03-29
TXN05733,CUST0979,PROD074,9490.73,Wallet,Failed,2026-07-30
TXN05734,CUST1738,PROD027,7921.06,UPI,Success,2026-04-22
TXN05735,CUST0639,PROD093,12589.55,Debit Card,Failed,2026-01-11
TXN05736,CUST0448,PROD078,5597.37,Wallet,Success,2026-06-22
TXN05737,CUST0649,PROD001,15483.24,Credit Card,Failed,2026-07-29
TXN05738,CUST0115,PROD031,6951.8,Net Banking,Success,2026-07-26
TXN05739,CUST1792,PROD018,10708.63,Wallet,Success,2026-07-16
TXN05740,CUST1268,PROD081,19283.84,UPI,Failed,2026-04-19
TXN05741,CUST0859,PROD028,7273.08,Net Banking,Success,2026-06-23
TXN05742,CUST0036,PROD063,6667.74,Credit Card,Success,2026-01-21
TXN05743,CUST0117,PROD012,10108.09,Net Banking,Success,2026-02-03
TXN05744,CUST1359,PROD018,7717.85,Debit Card,Success,2026-08-03
TXN05745,CUST1079,PROD003,17553.69,Debit Card,Success,2026-02-03
TXN05746,CUST1193,PROD038,1405.53,Wallet,Success,2026-03-31
TXN05747,CUST0659,PROD052,7595.32,Credit Card,Success,2026-03-28
TXN05748,CUST1313,PROD032,9518.46,Wallet,Success,2026-04-27
TXN05749,CUST0078,PROD058,14510.17,Debit Card,Success,2026-04-17
TXN05750,CUST0940,PROD029,9819.65,Debit Card,Failed,2026-08-09
TXN05751,CUST1664,PROD096,16018.27,Credit Card,Success,2026-04-01
TXN05752,CUST0156,PROD022,3576.54,Wallet,Success,2026-03-26
TXN05753,CUST0859,PROD059,15903.57,UPI,Success,2026-08-05
TXN05754,CUST1352,PROD063,16147.61,Credit Card,Success,2026-07-17
TXN05755,CUST1745,PROD062,11861.97,Credit Card,Failed,2026-06-12
TXN05756,CUST0561,PROD073,13775.92,Net Banking,Success,2026-08-05
TXN05757,CUST1797,PROD021,4338.71,Net Banking,Success,2026-06-09
TXN05758,CUST0522,PROD087,17493.81,Wallet,Success,2026-05-25
TXN05759,CUST0292,PROD008,16434.67,Wallet,Success,2026-06-20
TXN05760,CUST0552,PROD005,8865.6,Wallet,Success,2026-01-16
TXN05761,CUST1556,PROD012,6981.28,UPI,Success,2026-07-02
TXN05762,CUST0580,PROD019,8414.04,Debit Card,Success,2026-07-09
TXN05763,CUST1821,PROD041,4583.25,Wallet,Success,2026-06-27
TXN05764,CUST0142,PROD091,19865.17,Wallet,Success,2026-06-22
TXN05765,CUST0769,PROD091,5103.62,Wallet,Success,2026-02-11
TXN05766,CUST0855,PROD010,6383.4,Net Banking,Success,2026-07-05
TXN05767,CUST0045,PROD035,1379.11,Credit Card,Success,2026-04-01
TXN05768,CUST0815,PROD032,4248.96,Net Banking,Success,2026-08-15
TXN05769,CUST0142,PROD068,12056.6,Net Banking,Success,2026-05-15
TXN05770,CUST0920,PROD019,10521.33,Net Banking,Success,2026-06-16
TXN05771,CUST1236,PROD025,13248.43,Wallet,Success,2026-06-27
TXN05772,CUST0588,PROD014,14295.59,UPI,Success,2026-06-06
TXN05773,CUST0175,PROD050,1155.74,Credit Card,Success,2026-03-04
TXN05774,CUST0126,PROD065,16341.0,Debit Card,Success,2026-03-16
TXN05775,CUST1084,PROD084,6166.96,Net Banking,Success,2026-04-18
TXN05776,CUST1362,PROD024,13604.27,Wallet,Success,2026-06-11
TXN05777,CUST0179,PROD029,9530.27,Wallet,Success,2026-05-22
TXN05778,CUST1498,PROD021,13746.24,UPI,Failed,2026-01-18
TXN05779,CUST0493,PROD054,9813.35,Net Banking,Success,2026-07-05
TXN05780,CUST1925,PROD059,15705.82,Credit Card,Success,2026-04-27
TXN05781,CUST0701,PROD098,19091.83,Debit Card,Success,2026-04-07
TXN05782,CUST0714,PROD039,6750.32,UPI,Success,2026-08-15
TXN05783,CUST0513,PROD065,2394.37,Debit Card,Success,2026-03-26
TXN05784,CUST0734,PROD099,14833.76,UPI,Success,2026-01-29
TXN05785,CUST0287,PROD049,12560.39,Debit Card,Success,2026-05-27
TXN05786,CUST0421,PROD031,16487.19,Wallet,Success,2026-05-18
TXN05787,CUST0394,PROD089,5139.88,UPI,Success,2026-06-17
TXN05788,CUST0748,PROD087,14955.1,Debit Card,Failed,2026-01-18
TXN05789,CUST0645,PROD044,14984.9,Net Banking,Success,2026-01-08
TXN05790,CUST0294,PROD049,5157.9,Credit Card,Success,2026-04-21
TXN05791,CUST0030,PROD050,8912.32,UPI,Success,2026-07-03
TXN05792,CUST1295,PROD016,14977.73,Debit Card,Failed,2026-03-18
TXN05793,CUST0978,PROD056,3312.29,Debit Card,Failed,2026-04-18
TXN05794,CUST0502,PROD095,19777.17,Credit Card,Success,2026-06-19
TXN05795,CUST1428,PROD075,9181.51,Credit Card,Failed,2026-01-14
TXN05796,CUST0578,PROD007,8848.29,Net Banking,Success,2026-03-25
TXN05797,CUST0707,PROD022,13400.59,Credit Card,Success,2026-02-10
TXN05798,CUST1039,PROD080,4283.65,UPI,Success,2026-04-29
TXN05799,CUST0767,PROD070,3778.59,Wallet,Failed,2026-03-09
TXN05800,CUST1235,PROD011,11916.47,Wallet,Success,2026-08-16
TXN05801,CUST1701,PROD078,7293.08,Net Banking,Success,2026-01-22
TXN05802,CUST1280,PROD075,1530.95,Wallet,Success,2026-06-30
TXN05803,CUST0643,PROD051,13204.86,Debit Card,Success,2026-03-17
TXN05804,CUST0515,PROD099,6564.31,Wallet,Success,2026-03-02
TXN05805,CUST0062,PROD034,1636.5,Credit Card,Success,2026-04-05
TXN05806,CUST1788,PROD020,19570.21,Wallet,Success,2026-08-13
TXN05807,CUST1015,PROD069,7436.47,Net Banking,Success,2026-03-07
TXN05808,CUST1613,PROD009,10141.71,Net Banking,Failed,2026-05-01
TXN05809,CUST1408,PROD045,15337.07,Debit Card,Success,2026-02-01
TXN05810,CUST0925,PROD006,15022.48,Credit Card,Success,2026-06-07
TXN05811,CUST1004,PROD019,15223.65,UPI,Success,2026-03-29
TXN05812,CUST1859,PROD065,14014.04,Debit Card,Success,2026-01-15
TXN05813,CUST0946,PROD062,18026.12,Net Banking,Success,2026-01-09
TXN05814,CUST0553,PROD090,17042.19,Credit Card,Success,2026-01-11
TXN05815,CUST0848,PROD013,4586.89,UPI,Success,2026-03-18
TXN05816,CUST1204,PROD080,2724.55,UPI,Success,2026-06-25
TXN05817,CUST1813,PROD035,7130.99,Credit Card,Success,2026-03-24
TXN05818,CUST0708,PROD037,13022.42,Wallet,Success,2026-07-03
TXN05819,CUST1781,PROD017,15253.56,Net Banking,Success,2026-07-13
TXN05820,CUST1408,PROD065,6901.32,Debit Card,Success,2026-01-24
TXN05821,CUST0867,PROD051,10517.16,UPI,Success,2026-05-11
TXN05822,CUST0735,PROD096,9468.3,Debit Card,Success,2026-06-27
TXN05823,CUST1712,PROD054,13611.39,Net Banking,Success,2026-01-21
TXN05824,CUST1147,PROD075,17851.43,Wallet,Success,2026-01-12
TXN05825,CUST0862,PROD096,4931.87,Net Banking,Success,2026-03-06
TXN05826,CUST0700,PROD073,17675.64,UPI,Success,2026-03-22
TXN05827,CUST0239,PROD010,4537.85,Debit Card,Success,2026-05-31
TXN05828,CUST0385,PROD024,2807.64,UPI,Failed,2026-04-06
TXN05829,CUST0305,PROD048,8019.55,UPI,Failed,2026-04-14
TXN05830,CUST0264,PROD011,18986.15,Net Banking,Failed,2026-06-14
TXN05831,CUST0924,PROD095,17861.23,Net Banking,Failed,2026-05-23
TXN05832,CUST0996,PROD071,6222.62,Wallet,Failed,2026-05-04
TXN05833,CUST1286,PROD078,19809.96,Credit Card,Success,2026-07-09
TXN05834,CUST1171,PROD055,18608.34,Debit Card,Success,2026-01-15
TXN05835,CUST1014,PROD081,1208.81,Credit Card,Success,2026-07-01
TXN05836,CUST1169,PROD024,3772.53,Wallet,Success,2026-03-30
TXN05837,CUST0865,PROD033,2836.31,UPI,Success,2026-01-02
TXN05838,CUST0989,PROD037,8226.26,UPI,Success,2026-07-03
TXN05839,CUST1000,PROD050,4235.23,Wallet,Success,2026-01-28
TXN05840,CUST1169,PROD065,17272.72,Net Banking,Success,2026-03-04
TXN05841,CUST1714,PROD068,7383.85,Credit Card,Success,2026-03-30
TXN05842,CUST0010,PROD054,15804.71,Credit Card,Success,2026-02-14
TXN05843,CUST0847,PROD025,7096.3,Credit Card,Success,2026-05-01
TXN05844,CUST1005,PROD059,7599.53,Debit Card,Success,2026-06-08
TXN05845,CUST1570,PROD078,10512.58,UPI,Success,2026-07-24
TXN05846,CUST1637,PROD039,17621.48,UPI,Success,2026-08-03
TXN05847,CUST1752,PROD096,3355.08,UPI,Success,2026-02-22
TXN05848,CUST1541,PROD017,6309.05,Credit Card,Success,2026-05-15
TXN05849,CUST0624,PROD089,19741.77,Debit Card,Success,2026-02-22
TXN05850,CUST1400,PROD093,4739.51,Net Banking,Success,2026-03-29
TXN05851,CUST0238,PROD072,10394.07,Credit Card,Success,2026-07-12
TXN05852,CUST1978,PROD032,16729.13,UPI,Success,2026-05-19
TXN05853,CUST1756,PROD087,14130.66,Debit Card,Failed,2026-05-30
TXN05854,CUST1365,PROD053,19338.35,UPI,Failed,2026-06-19
TXN05855,CUST0686,PROD026,18385.88,UPI,Success,2026-06-20
TXN05856,CUST0193,PROD084,18616.33,UPI,Success,2026-05-09
TXN05857,CUST0993,PROD078,794.4,Net Banking,Success,2026-02-23
TXN05858,CUST0789,PROD051,4725.0,Wallet,Success,2026-06-16
TXN05859,CUST0984,PROD023,10240.94,Credit Card,Success,2026-06-16
TXN05860,CUST0849,PROD042,11713.95,Debit Card,Success,2026-03-13
TXN05861,CUST0395,PROD026,19548.12,Wallet,Success,2026-05-06
TXN05862,CUST1469,PROD023,13423.29,Debit Card,Success,2026-06-03
TXN05863,CUST1706,PROD029,9913.24,Debit Card,Success,2026-02-25
TXN05864,CUST1365,PROD096,2331.59,Credit Card,Success,2026-02-21
TXN05865,CUST1515,PROD044,2697.66,Net Banking,Success,2026-06-26
TXN05866,CUST0850,PROD058,16643.25,Debit Card,Success,2026-05-30
TXN05867,CUST1666,PROD094,5140.59,Net Banking,Failed,2026-04-05
TXN05868,CUST0932,PROD072,1419.44,UPI,Success,2026-07-22
TXN05869,CUST1436,PROD099,8080.74,Debit Card,Failed,2026-02-08
TXN05870,CUST0599,PROD070,12151.92,Debit Card,Success,2026-05-09
TXN05871,CUST1638,PROD093,12067.99,Credit Card,Failed,2026-05-10
TXN05872,CUST1030,PROD022,18204.59,UPI,Success,2026-07-02
TXN05873,CUST0248,PROD036,11824.61,Net Banking,Success,2026-04-24
TXN05874,CUST0550,PROD074,1967.22,UPI,Success,2026-04-13
TXN05875,CUST1756,PROD046,8921.18,Debit Card,Success,2026-08-03
TXN05876,CUST1041,PROD022,19184.38,Net Banking,Success,2026-06-30
TXN05877,CUST1720,PROD073,13179.14,Debit Card,Failed,2026-06-18
TXN05878,CUST1365,PROD004,17809.53,Wallet,Success,2026-02-03
TXN05879,CUST1151,PROD034,11691.94,Credit Card,Success,2026-03-17
TXN05880,CUST1517,PROD041,9268.76,Net Banking,Success,2026-08-02
TXN05881,CUST0158,PROD093,17651.93,Wallet,Success,2026-05-19
TXN05882,CUST0703,PROD081,6930.74,UPI,Failed,2026-07-18
TXN05883,CUST1743,PROD012,14009.3,Debit Card,Success,2026-06-02
TXN05884,CUST1526,PROD057,10408.25,Credit Card,Failed,2026-02-06
TXN05885,CUST1428,PROD084,19464.88,Debit Card,Failed,2026-07-20
TXN05886,CUST1550,PROD025,7795.74,UPI,Failed,2026-01-04
TXN05887,CUST1598,PROD037,1921.81,Net Banking,Success,2026-06-13
TXN05888,CUST0851,PROD050,2300.3,Debit Card,Success,2026-07-18
TXN05889,CUST0840,PROD005,14168.37,Wallet,Success,2026-05-07
TXN05890,CUST1918,PROD057,2889.08,Credit Card,Success,2026-06-21
TXN05891,CUST1849,PROD029,18543.04,Credit Card,Failed,2026-07-02
TXN05892,CUST1925,PROD071,2183.92,Credit Card,Success,2026-01-18
TXN05893,CUST1554,PROD074,12432.55,Net Banking,Success,2026-04-12
TXN05894,CUST0451,PROD057,3445.06,Credit Card,Success,2026-01-05
TXN05895,CUST0458,PROD038,15532.03,Credit Card,Success,2026-05-09
TXN05896,CUST0741,PROD054,9763.66,UPI,Failed,2026-04-28
TXN05897,CUST1289,PROD090,249.71,Debit Card,Success,2026-04-14
TXN05898,CUST1650,PROD037,16812.07,Credit Card,Failed,2026-08-05
TXN05899,CUST0836,PROD063,9670.66,Debit Card,Success,2026-03-23
TXN05900,CUST1677,PROD058,4184.29,UPI,Success,2026-03-04
TXN05901,CUST0515,PROD093,12020.45,Debit Card,Success,2026-06-01
TXN05902,CUST0872,PROD071,13145.29,Credit Card,Success,2026-05-07
TXN05903,CUST1547,PROD046,10446.19,Net Banking,Failed,2026-05-09
TXN05904,CUST0256,PROD008,17026.73,Credit Card,Success,2026-03-26
TXN05905,CUST0280,PROD076,16055.92,Net Banking,Success,2026-04-19
TXN05906,CUST0648,PROD035,19691.89,Wallet,Success,2026-07-19
TXN05907,CUST1406,PROD005,11358.3,UPI,Success,2026-05-13
TXN05908,CUST0029,PROD012,15635.69,UPI,Success,2026-04-09
TXN05909,CUST1246,PROD060,15417.62,UPI,Success,2026-01-04
TXN05910,CUST0145,PROD075,13496.15,UPI,Success,2026-08-16
TXN05911,CUST0430,PROD067,10228.06,Debit Card,Success,2026-03-23
TXN05912,CUST0904,PROD098,14240.06,Debit Card,Success,2026-06-11
TXN05913,CUST0580,PROD032,16922.08,Wallet,Success,2026-07-12
TXN05914,CUST1680,PROD074,12797.3,Wallet,Failed,2026-01-09
TXN05915,CUST0566,PROD014,4371.22,Wallet,Success,2026-05-28
TXN05916,CUST1939,PROD074,7683.67,Wallet,Success,2026-01-18
TXN05917,CUST0294,PROD014,4182.33,Debit Card,Success,2026-01-04
TXN05918,CUST0258,PROD085,10922.97,Credit Card,Success,2026-03-06
TXN05919,CUST1291,PROD009,2250.58,UPI,Success,2026-05-30
TXN05920,CUST1548,PROD046,12103.04,UPI,Failed,2026-08-09
TXN05921,CUST0602,PROD022,13304.26,UPI,Success,2026-03-14
TXN05922,CUST0643,PROD073,9079.92,Wallet,Success,2026-06-09
TXN05923,CUST1493,PROD088,4719.73,Credit Card,Success,2026-07-17
TXN05924,CUST1143,PROD070,14252.27,Net Banking,Success,2026-06-23
TXN05925,CUST0798,PROD056,918.22,Net Banking,Success,2026-06-11
TXN05926,CUST1724,PROD094,10567.05,UPI,Success,2026-03-23
TXN05927,CUST1600,PROD040,530.56,Wallet,Failed,2026-02-24
TXN05928,CUST1676,PROD061,11092.24,Net Banking,Success,2026-05-17
TXN05929,CUST0595,PROD086,14054.49,UPI,Failed,2026-02-19
TXN05930,CUST0205,PROD066,4091.75,Credit Card,Failed,2026-03-03
TXN05931,CUST1361,PROD027,12746.05,Net Banking,Success,2026-08-12
TXN05932,CUST0370,PROD050,15091.79,Wallet,Success,2026-03-04
TXN05933,CUST1798,PROD001,9544.09,Debit Card,Failed,2026-03-31
TXN05934,CUST0164,PROD071,6648.94,Credit Card,Success,2026-02-26
TXN05935,CUST0160,PROD061,10285.22,Debit Card,Success,2026-01-15
TXN05936,CUST1699,PROD058,8238.64,Net Banking,Success,2026-04-26
TXN05937,CUST1215,PROD018,19753.26,Wallet,Failed,2026-07-20
TXN05938,CUST1243,PROD018,15312.14,Credit Card,Success,2026-08-12
TXN05939,CUST1888,PROD020,10707.19,Debit Card,Success,2026-04-24
TXN05940,CUST0553,PROD005,7278.93,Credit Card,Success,2026-06-09
TXN05941,CUST1392,PROD002,4342.44,Net Banking,Success,2026-01-04
TXN05942,CUST1002,PROD068,9747.05,Credit Card,Success,2026-06-02
TXN05943,CUST1556,PROD077,9548.55,Net Banking,Success,2026-02-14
TXN05944,CUST0700,PROD097,17632.8,Credit Card,Success,2026-01-17
TXN05945,CUST0578,PROD074,16862.25,Debit Card,Success,2026-05-03
TXN05946,CUST0195,PROD089,14952.99,Credit Card,Success,2026-03-22
TXN05947,CUST0730,PROD098,3718.42,Debit Card,Success,2026-04-24
TXN05948,CUST1389,PROD067,10730.5,Debit Card,Success,2026-08-08
TXN05949,CUST1476,PROD054,13162.96,Wallet,Success,2026-06-04
TXN05950,CUST1449,PROD015,16364.17,UPI,Success,2026-04-04
TXN05951,CUST1678,PROD015,6430.55,Net Banking,Success,2026-04-21
TXN05952,CUST1613,PROD030,10960.23,UPI,Success,2026-03-30
TXN05953,CUST0942,PROD055,5879.61,Net Banking,Success,2026-04-18
TXN05954,CUST1330,PROD048,1393.63,Wallet,Success,2026-04-16
TXN05955,CUST1988,PROD078,10983.0,Credit Card,Success,2026-05-10
TXN05956,CUST1761,PROD075,4622.12,Debit Card,Success,2026-04-22
TXN05957,CUST0364,PROD098,9800.38,Net Banking,Success,2026-05-11
TXN05958,CUST0510,PROD081,6124.07,Debit Card,Success,2026-07-10
TXN05959,CUST0416,PROD089,4972.69,Wallet,Failed,2026-02-22
TXN05960,CUST0309,PROD032,6152.94,Debit Card,Success,2026-08-15
TXN05961,CUST0572,PROD099,6556.26,Debit Card,Success,2026-01-14
TXN05962,CUST0649,PROD044,14504.85,Wallet,Success,2026-08-07
TXN05963,CUST0825,PROD025,10801.21,Credit Card,Success,2026-01-02
TXN05964,CUST1970,PROD035,19908.33,Credit Card,Success,2026-07-09
TXN05965,CUST0182,PROD049,2380.01,Net Banking,Success,2026-05-15
TXN05966,CUST1465,PROD089,10322.73,Net Banking,Failed,2026-06-11
TXN05967,CUST1916,PROD060,19179.95,Net Banking,Success,2026-03-06
TXN05968,CUST1482,PROD024,19062.96,Net Banking,Success,2026-02-25
TXN05969,CUST0429,PROD088,11218.88,Debit Card,Success,2026-06-16
TXN05970,CUST1148,PROD097,8989.23,Credit Card,Success,2026-08-11
TXN05971,CUST1079,PROD013,11501.79,Credit Card,Success,2026-08-11
TXN05972,CUST1632,PROD079,3269.34,Wallet,Success,2026-07-05
TXN05973,CUST0185,PROD099,15924.87,Credit Card,Success,2026-02-14
TXN05974,CUST1046,PROD097,14004.69,Net Banking,Success,2026-08-10
TXN05975,CUST0714,PROD031,13767.02,UPI,Failed,2026-03-06
TXN05976,CUST0739,PROD036,6966.17,UPI,Failed,2026-03-13
TXN05977,CUST1256,PROD022,6502.29,Wallet,Success,2026-08-18
TXN05978,CUST0176,PROD034,15363.29,Credit Card,Success,2026-01-14
TXN05979,CUST0824,PROD029,754.2,Wallet,Success,2026-02-10
TXN05980,CUST0883,PROD061,3977.52,Debit Card,Failed,2026-06-20
TXN05981,CUST0019,PROD040,19680.31,Wallet,Success,2026-05-29
TXN05982,CUST0738,PROD057,2185.18,Wallet,Failed,2026-08-01
TXN05983,CUST1462,PROD056,13154.04,Credit Card,Success,2026-01-24
TXN05984,CUST1597,PROD095,15916.37,Wallet,Success,2026-01-16
TXN05985,CUST0354,PROD070,8274.1,Debit Card,Success,2026-05-18
TXN05986,CUST0599,PROD081,4364.48,Net Banking,Success,2026-04-23
TXN05987,CUST1404,PROD088,10572.26,Wallet,Success,2026-08-12
TXN05988,CUST0432,PROD003,11617.07,Debit Card,Failed,2026-08-06
TXN05989,CUST0900,PROD023,10509.17,Debit Card,Success,2026-07-22
TXN05990,CUST0957,PROD086,4426.67,UPI,Success,2026-02-23
TXN05991,CUST0415,PROD032,525.64,Debit Card,Success,2026-05-22
TXN05992,CUST0086,PROD014,9487.97,Net Banking,Success,2026-07-10
TXN05993,CUST1053,PROD099,482.77,Net Banking,Success,2026-02-23
TXN05994,CUST1247,PROD007,10408.22,Debit Card,Success,2026-07-27
TXN05995,CUST0577,PROD074,1798.58,Net Banking,Success,2026-01-24
TXN05996,CUST0521,PROD084,14205.82,UPI,Success,2026-08-08
TXN05997,CUST1931,PROD013,1409.05,UPI,Success,2026-06-26
TXN05998,CUST0844,PROD031,15418.35,Credit Card,Success,2026-04-21
TXN05999,CUST1074,PROD036,7384.1,Debit Card,Success,2026-03-23
TXN06000,CUST0595,PROD097,252.68,Debit Card,Success,2026-06-12
TXN06001,CUST1261,PROD049,3214.82,Wallet,Success,2026-08-18
TXN06002,CUST0156,PROD098,16783.19,UPI,Failed,2026-06-12
TXN06003,CUST0640,PROD068,8654.39,Net Banking,Success,2026-01-10
TXN06004,CUST1531,PROD006,14847.51,UPI,Success,2026-07-22
TXN06005,CUST1775,PROD050,17842.0,Net Banking,Failed,2026-03-17
TXN06006,CUST0037,PROD082,2257.3,Wallet,Success,2026-03-09
TXN06007,CUST0409,PROD066,16620.36,UPI,Success,2026-06-09
TXN06008,CUST1826,PROD018,18050.19,UPI,Success,2026-03-13
TXN06009,CUST0853,PROD050,12604.43,Wallet,Success,2026-05-20
TXN06010,CUST0655,PROD061,17498.08,Credit Card,Success,2026-02-26
TXN06011,CUST0882,PROD045,1308.37,Debit Card,Success,2026-02-15
TXN06012,CUST1837,PROD028,15528.9,Credit Card,Success,2026-05-27
TXN06013,CUST0545,PROD096,5234.03,UPI,Success,2026-08-02
TXN06014,CUST0157,PROD009,12916.33,Net Banking,Success,2026-01-04
TXN06015,CUST1263,PROD067,7622.28,Credit Card,Success,2026-02-13
TXN06016,CUST0709,PROD082,18616.6,Net Banking,Success,2026-01-08
TXN06017,CUST0911,PROD013,5201.11,Credit Card,Success,2026-03-28
TXN06018,CUST1346,PROD026,15568.82,UPI,Success,2026-05-08
TXN06019,CUST0933,PROD074,15255.06,Debit Card,Success,2026-04-02
TXN06020,CUST0350,PROD073,18398.38,Wallet,Success,2026-08-10
TXN06021,CUST0600,PROD097,15217.05,Credit Card,Success,2026-02-15
TXN06022,CUST1681,PROD024,10251.38,Wallet,Success,2026-06-21
TXN06023,CUST0731,PROD084,3783.75,Wallet,Success,2026-05-11
TXN06024,CUST0285,PROD015,16925.91,Net Banking,Failed,2026-08-12
TXN06025,CUST0008,PROD016,19449.35,Net Banking,Failed,2026-02-10
TXN06026,CUST0881,PROD022,6816.46,Debit Card,Success,2026-01-12
TXN06027,CUST0978,PROD095,4713.87,Credit Card,Success,2026-07-02
TXN06028,CUST1536,PROD077,1454.44,Wallet,Success,2026-08-16
TXN06029,CUST0489,PROD007,5091.88,Credit Card,Success,2026-06-26
TXN06030,CUST0094,PROD095,15162.19,Debit Card,Failed,2026-05-05
TXN06031,CUST0814,PROD020,15808.88,Wallet,Success,2026-03-03
TXN06032,CUST1036,PROD037,6054.62,Credit Card,Success,2026-07-14
TXN06033,CUST1316,PROD051,7224.65,Wallet,Failed,2026-02-23
TXN06034,CUST1213,PROD035,3256.32,Wallet,Success,2026-07-07
TXN06035,CUST1511,PROD068,579.32,UPI,Failed,2026-02-27
TXN06036,CUST0842,PROD082,5242.27,Debit Card,Failed,2026-01-25
TXN06037,CUST0843,PROD084,5066.68,Wallet,Success,2026-02-02
TXN06038,CUST1056,PROD041,16280.34,UPI,Success,2026-03-27
TXN06039,CUST1920,PROD086,10320.92,UPI,Success,2026-05-07
TXN06040,CUST1198,PROD004,16758.1,Wallet,Success,2026-01-31
TXN06041,CUST1867,PROD028,9439.16,UPI,Success,2026-02-13
TXN06042,CUST1259,PROD007,9769.39,Debit Card,Success,2026-03-15
TXN06043,CUST1173,PROD089,4783.79,UPI,Success,2026-01-28
TXN06044,CUST0256,PROD063,18805.17,UPI,Success,2026-08-07
TXN06045,CUST0411,PROD091,5272.76,Wallet,Failed,2026-04-11
TXN06046,CUST1409,PROD036,18324.06,Net Banking,Success,2026-05-16
TXN06047,CUST1381,PROD063,15135.38,Debit Card,Success,2026-05-03
TXN06048,CUST1227,PROD049,8216.25,Net Banking,Success,2026-01-02
TXN06049,CUST0449,PROD051,7693.22,Debit Card,Success,2026-01-15
TXN06050,CUST0540,PROD014,3130.0,UPI,Failed,2026-05-23
TXN06051,CUST0004,PROD025,8839.86,Credit Card,Failed,2026-06-02
TXN06052,CUST1310,PROD020,7240.69,Credit Card,Failed,2026-08-08
TXN06053,CUST1390,PROD075,12577.97,Debit Card,Success,2026-01-02
TXN06054,CUST1190,PROD032,15519.55,Net Banking,Success,2026-01-30
TXN06055,CUST0281,PROD051,12232.47,Debit Card,Success,2026-07-01
TXN06056,CUST1996,PROD057,7594.66,Net Banking,Success,2026-06-26
TXN06057,CUST1149,PROD038,18953.54,Credit Card,Success,2026-01-14
TXN06058,CUST0876,PROD026,8127.58,UPI,Success,2026-05-14
TXN06059,CUST0646,PROD020,5380.17,Wallet,Success,2026-06-15
TXN06060,CUST0509,PROD044,5033.27,Debit Card,Success,2026-04-09
TXN06061,CUST1249,PROD066,4754.74,Credit Card,Success,2026-06-06
TXN06062,CUST0429,PROD080,15304.88,Credit Card,Failed,2026-04-02
TXN06063,CUST0751,PROD018,14861.84,Net Banking,Success,2026-08-14
TXN06064,CUST1069,PROD084,10838.52,Credit Card,Success,2026-03-30
TXN06065,CUST1229,PROD072,16766.31,Credit Card,Success,2026-08-14
TXN06066,CUST1444,PROD004,2041.24,Wallet,Failed,2026-03-07
TXN06067,CUST1002,PROD093,6230.69,Debit Card,Success,2026-03-26
TXN06068,CUST0414,PROD087,17414.68,Net Banking,Success,2026-04-26
TXN06069,CUST0565,PROD098,11851.58,UPI,Failed,2026-06-07
TXN06070,CUST0855,PROD059,10773.39,Debit Card,Success,2026-06-04
TXN06071,CUST1686,PROD050,19537.92,Wallet,Success,2026-03-28
TXN06072,CUST1938,PROD058,4813.68,UPI,Success,2026-04-09
TXN06073,CUST1359,PROD026,15511.64,UPI,Success,2026-03-06
TXN06074,CUST0963,PROD027,18188.77,Wallet,Failed,2026-04-13
TXN06075,CUST0198,PROD007,10474.0,UPI,Success,2026-07-10
TXN06076,CUST1660,PROD015,14174.08,Debit Card,Success,2026-05-08
TXN06077,CUST1280,PROD082,5702.69,UPI,Success,2026-02-24
TXN06078,CUST1753,PROD092,18255.77,UPI,Failed,2026-07-26
TXN06079,CUST1353,PROD065,9235.05,UPI,Success,2026-04-27
TXN06080,CUST1952,PROD074,11846.23,Debit Card,Failed,2026-04-10
TXN06081,CUST0948,PROD024,4785.66,Debit Card,Success,2026-03-05
TXN06082,CUST0244,PROD005,5421.07,Debit Card,Success,2026-08-08
TXN06083,CUST1139,PROD092,8507.67,Credit Card,Success,2026-01-29
TXN06084,CUST0672,PROD062,13945.93,UPI,Failed,2026-05-21
TXN06085,CUST1985,PROD019,16852.13,UPI,Success,2026-05-31
TXN06086,CUST1740,PROD063,15211.17,Wallet,Failed,2026-06-09
TXN06087,CUST0752,PROD084,3459.18,Wallet,Success,2026-05-28
TXN06088,CUST1280,PROD052,711.49,Debit Card,Success,2026-05-16
TXN06089,CUST1473,PROD090,7083.96,Debit Card,Success,2026-05-24
TXN06090,CUST0396,PROD060,14322.59,Debit Card,Success,2026-01-16
TXN06091,CUST0934,PROD054,4223.4,Debit Card,Success,2026-05-16
TXN06092,CUST1159,PROD052,19424.67,Net Banking,Success,2026-01-06
TXN06093,CUST0892,PROD097,12520.62,Debit Card,Failed,2026-03-07
TXN06094,CUST1455,PROD013,5565.47,UPI,Success,2026-03-20
TXN06095,CUST0122,PROD096,14737.85,Net Banking,Success,2026-01-10
TXN06096,CUST0841,PROD006,3150.14,UPI,Success,2026-07-18
TXN06097,CUST1489,PROD055,6384.5,UPI,Success,2026-07-18
TXN06098,CUST1575,PROD078,9828.09,Net Banking,Failed,2026-05-30
TXN06099,CUST1517,PROD021,3694.01,Wallet,Success,2026-05-24
TXN06100,CUST1535,PROD040,3246.6,Debit Card,Success,2026-02-22
TXN06101,CUST1206,PROD092,9811.38,Wallet,Success,2026-07-30
TXN06102,CUST1836,PROD048,2475.17,Wallet,Success,2026-08-07
TXN06103,CUST1413,PROD025,16286.47,Debit Card,Success,2026-04-15
TXN06104,CUST0913,PROD094,18805.04,Net Banking,Failed,2026-05-11
TXN06105,CUST1439,PROD086,19357.08,Net Banking,Success,2026-03-04
TXN06106,CUST1865,PROD008,16822.25,Credit Card,Failed,2026-03-24
TXN06107,CUST1526,PROD090,3028.93,Wallet,Success,2026-06-15
TXN06108,CUST1631,PROD056,13925.4,Net Banking,Success,2026-05-07
TXN06109,CUST1144,PROD042,4061.78,UPI,Success,2026-04-13
TXN06110,CUST0974,PROD038,18582.06,UPI,Success,2026-06-29
TXN06111,CUST0126,PROD021,7133.85,UPI,Success,2026-07-23
TXN06112,CUST0602,PROD016,4179.37,Net Banking,Success,2026-01-26
TXN06113,CUST1735,PROD064,9403.99,Net Banking,Success,2026-02-07
TXN06114,CUST0897,PROD015,19814.13,Net Banking,Failed,2026-08-14
TXN06115,CUST1448,PROD095,13832.93,Net Banking,Success,2026-01-27
TXN06116,CUST0437,PROD095,19158.2,Net Banking,Success,2026-01-03
TXN06117,CUST0366,PROD090,9278.68,Wallet,Success,2026-05-26
TXN06118,CUST1409,PROD038,4371.05,UPI,Success,2026-05-21
TXN06119,CUST1861,PROD093,8262.61,Credit Card,Success,2026-04-12
TXN06120,CUST1738,PROD057,885.98,Debit Card,Success,2026-07-08
TXN06121,CUST0505,PROD010,8046.08,Wallet,Success,2026-03-01
TXN06122,CUST0653,PROD066,6317.82,Debit Card,Success,2026-04-18
TXN06123,CUST0259,PROD043,8487.13,Debit Card,Success,2026-07-31
TXN06124,CUST1653,PROD060,19778.82,Credit Card,Success,2026-05-12
TXN06125,CUST1397,PROD027,8829.57,Net Banking,Success,2026-01-06
TXN06126,CUST0656,PROD091,15951.68,UPI,Success,2026-03-31
TXN06127,CUST0805,PROD009,4903.65,Wallet,Success,2026-01-08
TXN06128,CUST0464,PROD012,17329.72,UPI,Success,2026-02-09
TXN06129,CUST0787,PROD057,8821.45,Debit Card,Success,2026-03-24
TXN06130,CUST0665,PROD030,14770.49,Debit Card,Success,2026-02-15
TXN06131,CUST1285,PROD084,2455.6,Net Banking,Failed,2026-08-09
TXN06132,CUST0569,PROD029,6831.81,Credit Card,Failed,2026-06-29
TXN06133,CUST1527,PROD056,18287.06,Wallet,Success,2026-04-30
TXN06134,CUST0749,PROD071,17811.45,Wallet,Success,2026-03-03
TXN06135,CUST1953,PROD043,9171.06,UPI,Success,2026-02-17
TXN06136,CUST0775,PROD100,16167.82,Wallet,Failed,2026-08-08
TXN06137,CUST0789,PROD038,7266.58,Debit Card,Success,2026-08-02
TXN06138,CUST0838,PROD015,6443.0,Net Banking,Success,2026-01-08
TXN06139,CUST1506,PROD045,13378.76,UPI,Success,2026-05-08
TXN06140,CUST1975,PROD021,12533.31,UPI,Failed,2026-04-06
TXN06141,CUST0817,PROD069,9955.7,Debit Card,Success,2026-07-24
TXN06142,CUST0190,PROD017,15494.32,Wallet,Failed,2026-03-29
TXN06143,CUST1715,PROD090,11014.02,Credit Card,Success,2026-04-22
TXN06144,CUST1150,PROD051,12014.69,Net Banking,Success,2026-08-12
TXN06145,CUST0643,PROD056,694.12,Credit Card,Success,2026-04-09
TXN06146,CUST1363,PROD045,1445.59,Net Banking,Failed,2026-01-23
TXN06147,CUST1787,PROD097,9045.37,UPI,Failed,2026-04-03
TXN06148,CUST0412,PROD061,17574.39,Wallet,Success,2026-03-06
TXN06149,CUST0447,PROD009,16735.2,Net Banking,Success,2026-02-14
TXN06150,CUST0548,PROD098,17392.38,Debit Card,Failed,2026-07-26
TXN06151,CUST1324,PROD003,13446.95,Net Banking,Success,2026-06-09
TXN06152,CUST1409,PROD021,2417.57,Net Banking,Success,2026-03-10
TXN06153,CUST0813,PROD036,13728.21,Debit Card,Success,2026-01-20
TXN06154,CUST1923,PROD090,16129.74,Debit Card,Success,2026-04-21
TXN06155,CUST0310,PROD019,2724.63,Debit Card,Success,2026-06-22
TXN06156,CUST0081,PROD095,13594.86,UPI,Success,2026-01-25
TXN06157,CUST0553,PROD068,13881.57,Wallet,Success,2026-02-12
TXN06158,CUST0149,PROD079,11255.73,UPI,Failed,2026-03-11
TXN06159,CUST1232,PROD085,5171.19,Debit Card,Failed,2026-04-25
TXN06160,CUST1365,PROD098,18362.82,UPI,Success,2026-06-15
TXN06161,CUST1832,PROD052,10403.46,Wallet,Success,2026-05-05
TXN06162,CUST0017,PROD094,481.26,UPI,Success,2026-08-07
TXN06163,CUST1055,PROD070,16167.28,UPI,Success,2026-06-05
TXN06164,CUST1747,PROD084,18199.75,UPI,Failed,2026-05-11
TXN06165,CUST0248,PROD035,518.36,Debit Card,Success,2026-02-25
TXN06166,CUST0697,PROD005,11146.75,UPI,Success,2026-07-09
TXN06167,CUST0695,PROD049,19622.38,Credit Card,Success,2026-07-01
TXN06168,CUST1961,PROD083,10460.62,Net Banking,Failed,2026-07-30
TXN06169,CUST1209,PROD005,12768.32,Credit Card,Success,2026-01-28
TXN06170,CUST0200,PROD053,14092.78,Debit Card,Success,2026-05-26
TXN06171,CUST0046,PROD018,19223.88,Credit Card,Success,2026-01-20
TXN06172,CUST1855,PROD056,19263.28,Net Banking,Success,2026-08-01
TXN06173,CUST0296,PROD065,2472.09,Debit Card,Failed,2026-06-30
TXN06174,CUST1073,PROD025,8051.47,UPI,Success,2026-02-10
TXN06175,CUST1676,PROD035,12513.5,Wallet,Success,2026-07-30
TXN06176,CUST1198,PROD089,14542.73,UPI,Success,2026-06-03
TXN06177,CUST0797,PROD001,17267.19,UPI,Success,2026-02-08
TXN06178,CUST0459,PROD011,14535.08,Net Banking,Success,2026-03-08
TXN06179,CUST0855,PROD088,7208.24,UPI,Success,2026-07-03
TXN06180,CUST0801,PROD046,9921.18,Wallet,Success,2026-08-09
TXN06181,CUST0433,PROD003,5851.11,Wallet,Success,2026-05-28
TXN06182,CUST1740,PROD008,6203.49,Wallet,Success,2026-05-09
TXN06183,CUST0596,PROD084,2188.45,Debit Card,Success,2026-03-11
TXN06184,CUST1083,PROD050,3054.53,Wallet,Success,2026-07-05
TXN06185,CUST0390,PROD017,15423.49,Credit Card,Success,2026-08-05
TXN06186,CUST0967,PROD019,19865.71,Wallet,Success,2026-08-17
TXN06187,CUST0790,PROD033,2061.7,Net Banking,Success,2026-02-17
TXN06188,CUST1829,PROD028,13456.13,Debit Card,Success,2026-05-26
TXN06189,CUST1004,PROD033,6547.78,UPI,Failed,2026-04-12
TXN06190,CUST1528,PROD002,13819.02,Wallet,Success,2026-08-07
TXN06191,CUST1181,PROD032,6383.38,Wallet,Success,2026-01-10
TXN06192,CUST0756,PROD035,12743.09,Credit Card,Success,2026-03-13
TXN06193,CUST1055,PROD068,7186.83,Wallet,Success,2026-05-20
TXN06194,CUST1208,PROD023,500.52,Net Banking,Success,2026-06-06
TXN06195,CUST0781,PROD079,4083.66,Wallet,Success,2026-04-05
TXN06196,CUST1660,PROD019,19047.08,Credit Card,Success,2026-04-22
TXN06197,CUST0492,PROD054,10869.68,Credit Card,Success,2026-01-22
TXN06198,CUST0698,PROD030,18134.34,Wallet,Success,2026-02-01
TXN06199,CUST1256,PROD095,12225.27,Debit Card,Success,2026-07-12
TXN06200,CUST1301,PROD061,16733.55,UPI,Success,2026-07-30
TXN06201,CUST1854,PROD018,17901.54,UPI,Success,2026-01-05
TXN06202,CUST1019,PROD011,13623.29,Net Banking,Success,2026-01-07
TXN06203,CUST1156,PROD038,7384.52,Credit Card,Success,2026-01-05
TXN06204,CUST1353,PROD098,11513.56,Net Banking,Success,2026-03-10
TXN06205,CUST1592,PROD047,13405.53,UPI,Success,2026-03-13
TXN06206,CUST1427,PROD032,12501.44,Credit Card,Success,2026-01-08
TXN06207,CUST1946,PROD031,14771.93,Wallet,Success,2026-02-01
TXN06208,CUST1717,PROD085,15018.61,Wallet,Success,2026-04-30
TXN06209,CUST1820,PROD055,8556.17,Debit Card,Success,2026-05-05
TXN06210,CUST0988,PROD083,12768.04,UPI,Success,2026-07-12
TXN06211,CUST0163,PROD085,17475.16,UPI,Failed,2026-03-17
TXN06212,CUST0472,PROD066,5156.39,Net Banking,Failed,2026-07-09
TXN06213,CUST0356,PROD051,553.3,Wallet,Success,2026-01-22
TXN06214,CUST0961,PROD092,9618.42,Debit Card,Success,2026-06-08
TXN06215,CUST0386,PROD096,18661.96,Credit Card,Success,2026-02-06
TXN06216,CUST0434,PROD076,4674.34,Credit Card,Success,2026-06-07
TXN06217,CUST0541,PROD017,7329.65,Net Banking,Success,2026-07-15
TXN06218,CUST0924,PROD099,3792.87,Debit Card,Success,2026-04-27
TXN06219,CUST0914,PROD087,6913.72,UPI,Failed,2026-02-12
TXN06220,CUST1077,PROD045,3896.69,Debit Card,Failed,2026-01-26
TXN06221,CUST0633,PROD056,19906.56,Net Banking,Success,2026-02-28
TXN06222,CUST1088,PROD030,11732.23,Wallet,Success,2026-04-12
TXN06223,CUST1111,PROD065,17488.99,UPI,Success,2026-02-15
TXN06224,CUST0947,PROD043,18024.27,Wallet,Failed,2026-06-10
TXN06225,CUST0506,PROD048,13335.06,Wallet,Success,2026-07-22
TXN06226,CUST0916,PROD097,9601.12,Net Banking,Failed,2026-08-14
TXN06227,CUST1437,PROD093,16621.96,Wallet,Success,2026-06-24
TXN06228,CUST1078,PROD044,4978.67,UPI,Success,2026-06-15
TXN06229,CUST1994,PROD041,6347.63,Net Banking,Success,2026-01-21
TXN06230,CUST1213,PROD038,8347.89,Net Banking,Failed,2026-04-24
TXN06231,CUST1361,PROD009,10492.39,Wallet,Failed,2026-07-14
TXN06232,CUST1613,PROD056,4461.94,UPI,Success,2026-04-17
TXN06233,CUST1782,PROD074,6646.25,Debit Card,Success,2026-07-03
TXN06234,CUST1609,PROD075,2874.34,UPI,Failed,2026-01-17
TXN06235,CUST0687,PROD096,8876.91,Debit Card,Success,2026-02-28
TXN06236,CUST0179,PROD080,5759.53,Net Banking,Success,2026-02-24
TXN06237,CUST1170,PROD055,2925.26,Credit Card,Failed,2026-06-22
TXN06238,CUST1875,PROD075,7705.64,Debit Card,Success,2026-08-01
TXN06239,CUST1569,PROD073,18884.37,Net Banking,Success,2026-08-13
TXN06240,CUST1168,PROD011,14218.4,Credit Card,Success,2026-05-22
TXN06241,CUST0042,PROD006,11092.78,UPI,Success,2026-06-15
TXN06242,CUST1616,PROD004,2128.86,Credit Card,Failed,2026-03-07
TXN06243,CUST1674,PROD053,13422.54,UPI,Success,2026-06-02
TXN06244,CUST0374,PROD041,1898.97,Debit Card,Failed,2026-05-06
TXN06245,CUST0697,PROD014,5216.49,UPI,Failed,2026-05-30
TXN06246,CUST1433,PROD051,9017.04,UPI,Failed,2026-06-11
TXN06247,CUST0017,PROD001,14320.82,Debit Card,Failed,2026-06-11
TXN06248,CUST1423,PROD062,18024.18,Credit Card,Success,2026-03-11
TXN06249,CUST0991,PROD087,18016.18,Wallet,Success,2026-03-17
TXN06250,CUST0868,PROD045,14134.65,Wallet,Success,2026-02-02
TXN06251,CUST1672,PROD067,4127.82,Debit Card,Success,2026-01-12
TXN06252,CUST0936,PROD016,11809.21,Debit Card,Success,2026-02-09
TXN06253,CUST0369,PROD084,4499.44,Credit Card,Success,2026-03-07
TXN06254,CUST0671,PROD030,18902.03,Debit Card,Success,2026-04-29
TXN06255,CUST1393,PROD062,10054.59,Debit Card,Success,2026-02-24
TXN06256,CUST0795,PROD099,6829.17,Net Banking,Success,2026-08-07
TXN06257,CUST0099,PROD027,13379.19,Debit Card,Failed,2026-01-03
TXN06258,CUST0897,PROD077,2024.58,Net Banking,Success,2026-01-01
TXN06259,CUST0154,PROD081,17929.69,Credit Card,Failed,2026-06-10
TXN06260,CUST0062,PROD053,1889.71,Wallet,Failed,2026-06-19
TXN06261,CUST0073,PROD062,16878.91,Net Banking,Success,2026-04-11
TXN06262,CUST1238,PROD098,10051.22,Debit Card,Success,2026-06-21
TXN06263,CUST0311,PROD096,1984.03,Credit Card,Success,2026-01-31
TXN06264,CUST1573,PROD030,7491.4,Wallet,Success,2026-04-19
TXN06265,CUST1603,PROD095,1198.27,Debit Card,Success,2026-02-09
TXN06266,CUST0793,PROD074,7559.96,Debit Card,Success,2026-02-06
TXN06267,CUST1090,PROD058,14607.41,Net Banking,Success,2026-08-16
TXN06268,CUST0424,PROD041,14640.04,Wallet,Success,2026-05-02
TXN06269,CUST1529,PROD008,13291.49,Wallet,Success,2026-02-15
TXN06270,CUST1337,PROD077,6091.19,Net Banking,Success,2026-04-29
TXN06271,CUST1941,PROD093,8420.94,UPI,Success,2026-06-23
TXN06272,CUST1393,PROD049,1945.72,Wallet,Success,2026-06-06
TXN06273,CUST1345,PROD052,13469.55,UPI,Failed,2026-03-02
TXN06274,CUST0809,PROD023,17240.54,Debit Card,Success,2026-04-23
TXN06275,CUST1430,PROD039,5262.2,UPI,Failed,2026-05-29
TXN06276,CUST0653,PROD009,12665.04,Debit Card,Success,2026-08-03
TXN06277,CUST1821,PROD052,4510.7,UPI,Success,2026-01-05
TXN06278,CUST0412,PROD050,3072.84,UPI,Success,2026-01-31
TXN06279,CUST1391,PROD010,7899.05,Net Banking,Failed,2026-01-15
TXN06280,CUST0947,PROD095,19308.07,UPI,Success,2026-07-27
TXN06281,CUST1719,PROD065,2340.26,Debit Card,Success,2026-02-22
TXN06282,CUST1790,PROD089,14643.51,Credit Card,Failed,2026-07-11
TXN06283,CUST0852,PROD047,18633.99,Credit Card,Failed,2026-05-04
TXN06284,CUST0650,PROD075,15036.12,Net Banking,Success,2026-04-11
TXN06285,CUST0961,PROD090,1411.55,Debit Card,Failed,2026-04-03
TXN06286,CUST1214,PROD075,14341.7,Net Banking,Success,2026-01-10
TXN06287,CUST0374,PROD089,11838.74,Net Banking,Failed,2026-06-04
TXN06288,CUST1568,PROD077,18622.87,Debit Card,Failed,2026-03-25
TXN06289,CUST0375,PROD062,387.42,Credit Card,Failed,2026-06-18
TXN06290,CUST0507,PROD028,15563.42,UPI,Success,2026-07-31
TXN06291,CUST0264,PROD051,10284.43,Net Banking,Success,2026-02-19
TXN06292,CUST0862,PROD003,3300.76,Net Banking,Failed,2026-03-05
TXN06293,CUST1730,PROD069,5885.12,Net Banking,Success,2026-04-03
TXN06294,CUST0172,PROD089,2881.07,UPI,Failed,2026-06-05
TXN06295,CUST0545,PROD023,14067.62,Debit Card,Success,2026-06-15
TXN06296,CUST1480,PROD076,7193.23,UPI,Success,2026-04-16
TXN06297,CUST0893,PROD086,19756.43,Debit Card,Failed,2026-04-04
TXN06298,CUST1229,PROD021,3271.74,Debit Card,Success,2026-06-27
TXN06299,CUST1809,PROD017,13877.91,Wallet,Success,2026-03-24
TXN06300,CUST1369,PROD004,17418.6,Net Banking,Success,2026-08-18
TXN06301,CUST0012,PROD086,3196.96,Wallet,Success,2026-02-07
TXN06302,CUST1246,PROD029,15988.09,Credit Card,Failed,2026-04-02
TXN06303,CUST1749,PROD057,10637.67,UPI,Success,2026-05-08
TXN06304,CUST1488,PROD025,7144.85,Net Banking,Success,2026-06-03
TXN06305,CUST0993,PROD021,8328.66,Debit Card,Success,2026-06-20
TXN06306,CUST0545,PROD053,5684.21,Debit Card,Success,2026-04-03
TXN06307,CUST0932,PROD088,3187.63,Credit Card,Success,2026-05-14
TXN06308,CUST1553,PROD002,18481.37,Wallet,Success,2026-02-01
TXN06309,CUST1487,PROD088,1175.75,UPI,Failed,2026-05-20
TXN06310,CUST0984,PROD041,8181.8,Debit Card,Success,2026-03-21
TXN06311,CUST1531,PROD087,6900.68,UPI,Success,2026-01-29
TXN06312,CUST1085,PROD002,2355.67,Wallet,Success,2026-05-24
TXN06313,CUST0997,PROD077,9938.08,Debit Card,Success,2026-03-08
TXN06314,CUST0892,PROD011,11847.79,Wallet,Failed,2026-04-25
TXN06315,CUST1956,PROD055,7663.17,Net Banking,Success,2026-08-01
TXN06316,CUST0796,PROD098,6743.79,Credit Card,Success,2026-02-26
TXN06317,CUST1674,PROD057,8965.18,Wallet,Success,2026-07-10
TXN06318,CUST1995,PROD030,4132.93,Wallet,Success,2026-05-03
TXN06319,CUST0320,PROD089,8722.0,Credit Card,Failed,2026-08-17
TXN06320,CUST0235,PROD079,18512.42,UPI,Success,2026-03-30
TXN06321,CUST0448,PROD063,5945.36,Net Banking,Success,2026-05-21
TXN06322,CUST0591,PROD041,1195.52,UPI,Failed,2026-02-12
TXN06323,CUST0594,PROD002,6525.92,UPI,Success,2026-06-12
TXN06324,CUST0970,PROD017,15080.67,Wallet,Success,2026-01-07
TXN06325,CUST1771,PROD083,11360.72,Wallet,Success,2026-02-11
TXN06326,CUST0553,PROD046,18999.61,Net Banking,Success,2026-05-05
TXN06327,CUST2000,PROD053,7677.45,Wallet,Success,2026-05-27
TXN06328,CUST1190,PROD015,12208.67,Net Banking,Success,2026-01-24
TXN06329,CUST0993,PROD093,4790.55,Debit Card,Success,2026-04-22
TXN06330,CUST1258,PROD057,12981.77,Debit Card,Failed,2026-05-15
TXN06331,CUST0923,PROD039,10218.11,Debit Card,Success,2026-06-02
TXN06332,CUST0928,PROD015,5045.86,Wallet,Failed,2026-07-24
TXN06333,CUST0519,PROD034,5426.13,Wallet,Success,2026-07-22
TXN06334,CUST0133,PROD056,5014.53,Debit Card,Success,2026-05-25
TXN06335,CUST0695,PROD062,5169.29,Net Banking,Success,2026-05-03
TXN06336,CUST0486,PROD057,12876.16,Credit Card,Success,2026-01-21
TXN06337,CUST1040,PROD036,10401.22,Debit Card,Success,2026-04-24
TXN06338,CUST1849,PROD010,15751.91,UPI,Failed,2026-06-08
TXN06339,CUST1549,PROD073,16685.61,Debit Card,Success,2026-05-01
TXN06340,CUST1010,PROD076,17435.37,Credit Card,Success,2026-05-18
TXN06341,CUST1497,PROD024,16316.72,UPI,Success,2026-01-11
TXN06342,CUST0663,PROD076,443.45,Debit Card,Success,2026-03-15
TXN06343,CUST0898,PROD030,7719.72,Debit Card,Success,2026-05-21
TXN06344,CUST0067,PROD042,14641.27,Wallet,Success,2026-01-18
TXN06345,CUST0568,PROD039,18526.05,Net Banking,Success,2026-03-16
TXN06346,CUST1761,PROD085,14839.81,UPI,Success,2026-05-01
TXN06347,CUST0386,PROD079,4839.0,UPI,Success,2026-08-15
TXN06348,CUST0689,PROD031,4203.13,Credit Card,Success,2026-08-13
TXN06349,CUST1255,PROD061,6412.62,Wallet,Failed,2026-07-30
TXN06350,CUST0042,PROD074,8039.84,Credit Card,Failed,2026-07-27
TXN06351,CUST0381,PROD094,14137.73,Net Banking,Success,2026-06-02
TXN06352,CUST1076,PROD063,11290.78,Debit Card,Success,2026-07-15
TXN06353,CUST1033,PROD084,17219.37,Net Banking,Success,2026-02-07
TXN06354,CUST0953,PROD055,5101.51,Net Banking,Success,2026-05-31
TXN06355,CUST0450,PROD075,12896.28,Credit Card,Success,2026-05-12
TXN06356,CUST1732,PROD050,8355.92,Net Banking,Failed,2026-05-26
TXN06357,CUST1022,PROD065,16246.19,UPI,Success,2026-03-27
TXN06358,CUST1406,PROD083,5988.26,UPI,Success,2026-04-04
TXN06359,CUST1443,PROD018,12091.91,Wallet,Success,2026-02-10
TXN06360,CUST1406,PROD011,540.91,Wallet,Success,2026-04-24
TXN06361,CUST1456,PROD024,13856.77,Net Banking,Success,2026-02-07
TXN06362,CUST0303,PROD058,10432.52,Debit Card,Success,2026-03-30
TXN06363,CUST0487,PROD003,6784.81,UPI,Success,2026-03-19
TXN06364,CUST0872,PROD064,2597.13,Net Banking,Success,2026-04-28
TXN06365,CUST0417,PROD075,11112.68,Net Banking,Success,2026-07-17
TXN06366,CUST0570,PROD082,6451.48,Wallet,Failed,2026-01-24
TXN06367,CUST0943,PROD086,879.12,Wallet,Success,2026-05-10
TXN06368,CUST0015,PROD064,6720.75,Credit Card,Failed,2026-03-22
TXN06369,CUST1652,PROD001,7418.41,Net Banking,Success,2026-07-09
TXN06370,CUST1267,PROD081,9648.93,Wallet,Success,2026-04-22
TXN06371,CUST1783,PROD080,18922.02,Net Banking,Success,2026-01-09
TXN06372,CUST0716,PROD011,15990.58,UPI,Success,2026-08-07
TXN06373,CUST1242,PROD054,9079.0,Credit Card,Failed,2026-01-17
TXN06374,CUST0219,PROD041,7884.91,Wallet,Success,2026-03-04
TXN06375,CUST1601,PROD004,16593.29,Net Banking,Failed,2026-02-16
TXN06376,CUST1919,PROD043,4643.01,Wallet,Success,2026-05-26
TXN06377,CUST0229,PROD037,19574.77,Wallet,Success,2026-07-05
TXN06378,CUST0636,PROD011,4609.36,Net Banking,Success,2026-01-27
TXN06379,CUST0006,PROD055,13832.1,UPI,Failed,2026-05-25
TXN06380,CUST0762,PROD068,4471.87,Wallet,Success,2026-04-15
TXN06381,CUST1400,PROD065,4242.93,Net Banking,Failed,2026-08-09
TXN06382,CUST1903,PROD016,8583.02,Credit Card,Failed,2026-02-11
TXN06383,CUST0809,PROD055,6852.25,UPI,Success,2026-04-16
TXN06384,CUST0973,PROD062,7553.59,Wallet,Success,2026-03-31
TXN06385,CUST0920,PROD032,14753.26,Debit Card,Success,2026-07-12
TXN06386,CUST0206,PROD001,6505.34,Net Banking,Success,2026-07-10
TXN06387,CUST1844,PROD085,2790.6,Debit Card,Success,2026-01-04
TXN06388,CUST0367,PROD043,13831.23,Wallet,Failed,2026-07-25
TXN06389,CUST1511,PROD065,11052.83,Wallet,Success,2026-01-07
TXN06390,CUST1651,PROD042,10666.25,Credit Card,Success,2026-02-08
TXN06391,CUST0993,PROD065,5980.83,Net Banking,Success,2026-04-03
TXN06392,CUST0096,PROD068,621.35,UPI,Success,2026-03-15
TXN06393,CUST1625,PROD037,1895.81,Net Banking,Success,2026-01-16
TXN06394,CUST1188,PROD032,2515.47,UPI,Failed,2026-04-08
TXN06395,CUST1375,PROD016,8676.82,UPI,Success,2026-06-24
TXN06396,CUST0704,PROD082,7461.14,Net Banking,Success,2026-04-08
TXN06397,CUST0474,PROD083,5833.75,Debit Card,Success,2026-06-30
TXN06398,CUST1359,PROD084,7254.62,UPI,Success,2026-01-11
TXN06399,CUST0688,PROD071,6157.21,Wallet,Failed,2026-06-14
TXN06400,CUST0283,PROD017,12598.63,Net Banking,Failed,2026-01-06
TXN06401,CUST1276,PROD088,935.33,Net Banking,Success,2026-06-16
TXN06402,CUST1244,PROD040,12551.54,Net Banking,Success,2026-03-27
TXN06403,CUST1514,PROD090,17075.54,Wallet,Success,2026-06-16
TXN06404,CUST1885,PROD087,4660.23,Net Banking,Success,2026-06-17
TXN06405,CUST1152,PROD028,8188.31,Credit Card,Success,2026-05-05
TXN06406,CUST0624,PROD047,6639.11,UPI,Success,2026-05-11
TXN06407,CUST0079,PROD068,14645.08,Debit Card,Success,2026-03-02
TXN06408,CUST1603,PROD098,15501.29,Credit Card,Success,2026-08-12
TXN06409,CUST0558,PROD083,12793.82,Wallet,Success,2026-07-20
TXN06410,CUST0823,PROD090,5106.14,UPI,Success,2026-06-05
TXN06411,CUST1495,PROD005,5345.03,Wallet,Failed,2026-02-24
TXN06412,CUST0038,PROD035,14089.22,Wallet,Failed,2026-08-12
TXN06413,CUST1637,PROD095,8458.95,Credit Card,Success,2026-06-11
TXN06414,CUST0214,PROD039,402.86,Net Banking,Success,2026-05-28
TXN06415,CUST1513,PROD057,1208.41,Wallet,Success,2026-05-29
TXN06416,CUST0432,PROD010,10056.76,Wallet,Failed,2026-01-04
TXN06417,CUST1984,PROD015,17773.29,Wallet,Failed,2026-04-15
TXN06418,CUST0211,PROD029,17887.69,Wallet,Success,2026-02-28
TXN06419,CUST0778,PROD078,2349.92,Wallet,Success,2026-02-16
TXN06420,CUST0748,PROD007,2202.73,Debit Card,Success,2026-03-06
TXN06421,CUST1900,PROD053,7824.09,Debit Card,Success,2026-02-09
TXN06422,CUST0475,PROD015,3264.79,Credit Card,Success,2026-03-31
TXN06423,CUST0222,PROD017,8939.23,Wallet,Success,2026-06-01
TXN06424,CUST0809,PROD023,15451.48,Wallet,Success,2026-02-11
TXN06425,CUST1901,PROD064,15877.25,Wallet,Success,2026-06-13
TXN06426,CUST1001,PROD036,7404.43,UPI,Failed,2026-05-23
TXN06427,CUST1327,PROD065,12414.53,UPI,Success,2026-04-26
TXN06428,CUST1851,PROD030,13110.17,Debit Card,Success,2026-01-23
TXN06429,CUST0193,PROD055,929.09,Credit Card,Success,2026-03-13
TXN06430,CUST1921,PROD011,5448.1,Debit Card,Success,2026-07-17
TXN06431,CUST0180,PROD054,6792.78,Debit Card,Success,2026-08-06
TXN06432,CUST1569,PROD014,7525.59,Debit Card,Success,2026-04-21
TXN06433,CUST1984,PROD045,13707.31,Credit Card,Failed,2026-05-09
TXN06434,CUST1850,PROD054,14823.1,Debit Card,Success,2026-03-15
TXN06435,CUST0177,PROD085,13528.71,UPI,Success,2026-05-27
TXN06436,CUST1909,PROD094,16392.46,UPI,Success,2026-05-23
TXN06437,CUST1219,PROD065,9805.1,Credit Card,Success,2026-04-20
TXN06438,CUST1235,PROD025,16249.57,Credit Card,Success,2026-07-26
TXN06439,CUST0505,PROD077,7965.1,Credit Card,Success,2026-03-25
TXN06440,CUST1842,PROD023,16371.69,Net Banking,Success,2026-06-21
TXN06441,CUST1444,PROD063,5770.09,UPI,Success,2026-06-23
TXN06442,CUST0895,PROD034,16928.19,Debit Card,Success,2026-08-17
TXN06443,CUST1632,PROD022,8819.54,Credit Card,Success,2026-02-01
TXN06444,CUST0392,PROD037,3267.46,Debit Card,Success,2026-04-01
TXN06445,CUST0177,PROD072,4109.65,Net Banking,Success,2026-07-29
TXN06446,CUST1703,PROD012,4314.87,UPI,Success,2026-03-07
TXN06447,CUST0706,PROD010,16880.82,Debit Card,Success,2026-05-28
TXN06448,CUST1905,PROD017,17440.51,Debit Card,Success,2026-06-10
TXN06449,CUST1775,PROD062,6917.52,Net Banking,Failed,2026-04-05
TXN06450,CUST1031,PROD082,1422.83,Wallet,Success,2026-03-12
TXN06451,CUST1428,PROD002,8884.32,UPI,Success,2026-05-01
TXN06452,CUST0802,PROD025,4269.34,Credit Card,Failed,2026-01-09
TXN06453,CUST0434,PROD063,10684.06,Credit Card,Success,2026-01-27
TXN06454,CUST0833,PROD061,3335.48,Credit Card,Success,2026-03-05
TXN06455,CUST1799,PROD053,2682.41,Net Banking,Success,2026-04-25
TXN06456,CUST0597,PROD056,17665.35,Wallet,Failed,2026-03-27
TXN06457,CUST1762,PROD016,11696.56,Debit Card,Success,2026-08-05
TXN06458,CUST1101,PROD058,12875.27,Debit Card,Failed,2026-04-28
TXN06459,CUST1405,PROD020,19517.49,Debit Card,Failed,2026-03-16
TXN06460,CUST1251,PROD025,15789.83,Net Banking,Success,2026-02-21
TXN06461,CUST0710,PROD082,17719.55,Net Banking,Success,2026-02-10
TXN06462,CUST1034,PROD034,14244.47,UPI,Success,2026-06-04
TXN06463,CUST0471,PROD052,13052.88,Net Banking,Failed,2026-08-18
TXN06464,CUST0429,PROD098,3897.17,UPI,Success,2026-02-18
TXN06465,CUST0253,PROD092,14282.57,UPI,Success,2026-02-22
TXN06466,CUST0922,PROD077,493.31,Debit Card,Success,2026-03-04
TXN06467,CUST1875,PROD027,11180.65,Credit Card,Success,2026-05-17
TXN06468,CUST0409,PROD014,13152.87,UPI,Failed,2026-07-23
TXN06469,CUST0033,PROD014,8080.66,Wallet,Success,2026-03-13
TXN06470,CUST0323,PROD032,8582.82,UPI,Success,2026-05-18
TXN06471,CUST1785,PROD077,4597.21,Wallet,Success,2026-05-16
TXN06472,CUST1956,PROD025,1624.86,Debit Card,Success,2026-04-01
TXN06473,CUST1154,PROD062,10974.71,Debit Card,Success,2026-01-25
TXN06474,CUST0504,PROD034,16220.57,Debit Card,Failed,2026-08-09
TXN06475,CUST1646,PROD011,625.48,Net Banking,Success,2026-04-07
TXN06476,CUST1025,PROD054,16951.43,Net Banking,Success,2026-03-02
TXN06477,CUST0123,PROD038,8064.13,Net Banking,Success,2026-02-06
TXN06478,CUST1659,PROD019,6356.6,Wallet,Failed,2026-05-07
TXN06479,CUST0270,PROD019,18675.38,UPI,Failed,2026-03-28
TXN06480,CUST1427,PROD019,17402.74,Net Banking,Success,2026-08-17
TXN06481,CUST1931,PROD100,5045.34,Net Banking,Success,2026-01-12
TXN06482,CUST0134,PROD008,10681.45,UPI,Success,2026-01-09
TXN06483,CUST1775,PROD062,16918.17,Wallet,Success,2026-08-16
TXN06484,CUST1891,PROD084,549.7,Wallet,Failed,2026-02-04
TXN06485,CUST0132,PROD005,11373.76,Net Banking,Success,2026-06-06
TXN06486,CUST0377,PROD055,10713.3,Debit Card,Success,2026-04-18
TXN06487,CUST1093,PROD028,8491.2,Net Banking,Failed,2026-01-24
TXN06488,CUST1905,PROD087,18670.54,Debit Card,Success,2026-01-30
TXN06489,CUST0907,PROD029,9526.68,UPI,Failed,2026-02-20
TXN06490,CUST1405,PROD059,1838.59,Credit Card,Failed,2026-03-13
TXN06491,CUST0037,PROD025,12458.59,Credit Card,Success,2026-06-04
TXN06492,CUST1871,PROD007,6957.53,Net Banking,Success,2026-07-22
TXN06493,CUST0815,PROD006,9751.04,Credit Card,Success,2026-06-11
TXN06494,CUST1009,PROD037,10370.58,Net Banking,Failed,2026-03-25
TXN06495,CUST1072,PROD092,10778.37,Wallet,Success,2026-05-16
TXN06496,CUST0130,PROD030,3531.12,Wallet,Success,2026-02-28
TXN06497,CUST1823,PROD043,18797.84,Wallet,Success,2026-02-09
TXN06498,CUST0355,PROD018,11582.96,Credit Card,Success,2026-06-21
TXN06499,CUST0525,PROD005,2420.25,Credit Card,Failed,2026-06-01
TXN06500,CUST1401,PROD038,9888.2,Debit Card,Success,2026-08-15
TXN06501,CUST0481,PROD083,1889.29,Net Banking,Success,2026-05-18
TXN06502,CUST0740,PROD077,5511.66,UPI,Success,2026-05-20
TXN06503,CUST0974,PROD081,16656.88,Credit Card,Success,2026-05-27
TXN06504,CUST1544,PROD055,4490.37,Wallet,Failed,2026-04-16
TXN06505,CUST0496,PROD062,16876.96,Debit Card,Success,2026-04-03
TXN06506,CUST0574,PROD044,10974.26,Net Banking,Success,2026-05-19
TXN06507,CUST0080,PROD002,17515.17,Net Banking,Success,2026-05-08
TXN06508,CUST1264,PROD075,1273.39,UPI,Success,2026-02-18
TXN06509,CUST1617,PROD019,2080.8,UPI,Success,2026-08-13
TXN06510,CUST1569,PROD047,19829.26,Wallet,Success,2026-06-30
TXN06511,CUST0580,PROD025,4347.66,Debit Card,Success,2026-01-29
TXN06512,CUST1190,PROD054,5439.91,UPI,Success,2026-01-30
TXN06513,CUST0640,PROD052,813.69,Wallet,Success,2026-08-15
TXN06514,CUST1887,PROD027,6672.14,Net Banking,Success,2026-01-02
TXN06515,CUST0357,PROD050,1280.26,Credit Card,Success,2026-05-26
TXN06516,CUST0795,PROD096,5671.29,Net Banking,Success,2026-07-14
TXN06517,CUST1716,PROD030,4775.84,UPI,Success,2026-04-08
TXN06518,CUST0108,PROD071,19078.02,UPI,Success,2026-02-18
TXN06519,CUST0131,PROD061,1897.16,UPI,Failed,2026-04-25
TXN06520,CUST1627,PROD075,6043.04,Debit Card,Success,2026-04-30
TXN06521,CUST0685,PROD098,2380.66,Wallet,Success,2026-06-20
TXN06522,CUST0060,PROD071,1657.34,UPI,Success,2026-08-18
TXN06523,CUST1724,PROD097,16314.74,Net Banking,Success,2026-04-16
TXN06524,CUST1306,PROD046,3314.49,Credit Card,Success,2026-04-17
TXN06525,CUST1225,PROD048,1923.16,Net Banking,Success,2026-07-24
TXN06526,CUST0741,PROD024,5421.91,UPI,Success,2026-03-03
TXN06527,CUST1443,PROD024,16164.46,Net Banking,Success,2026-05-15
TXN06528,CUST0201,PROD007,8057.68,Net Banking,Success,2026-03-25
TXN06529,CUST0346,PROD038,11706.17,Debit Card,Success,2026-02-19
TXN06530,CUST0902,PROD057,5893.46,Debit Card,Failed,2026-06-20
TXN06531,CUST0090,PROD048,9522.21,Debit Card,Success,2026-05-08
TXN06532,CUST0310,PROD017,14324.42,Wallet,Failed,2026-08-10
TXN06533,CUST1735,PROD064,13943.14,Debit Card,Success,2026-06-23
TXN06534,CUST0807,PROD016,6454.99,Wallet,Failed,2026-04-29
TXN06535,CUST1441,PROD068,11976.56,UPI,Success,2026-07-02
TXN06536,CUST1671,PROD094,11165.99,UPI,Success,2026-03-05
TXN06537,CUST1989,PROD014,6481.52,UPI,Success,2026-01-30
TXN06538,CUST0529,PROD021,14521.71,Credit Card,Success,2026-01-30
TXN06539,CUST1438,PROD065,6372.73,Debit Card,Success,2026-04-04
TXN06540,CUST0901,PROD028,1672.39,Credit Card,Success,2026-06-22
TXN06541,CUST0153,PROD095,9505.27,Debit Card,Success,2026-08-04
TXN06542,CUST1175,PROD001,13711.39,Wallet,Success,2026-04-13
TXN06543,CUST0636,PROD041,13162.15,Debit Card,Success,2026-05-19
TXN06544,CUST1517,PROD001,4002.71,UPI,Success,2026-01-02
TXN06545,CUST1912,PROD064,8185.68,Net Banking,Success,2026-01-23
TXN06546,CUST0793,PROD014,4284.67,UPI,Success,2026-08-13
TXN06547,CUST0213,PROD087,2689.3,Wallet,Success,2026-02-24
TXN06548,CUST1756,PROD012,13360.4,UPI,Success,2026-05-14
TXN06549,CUST0333,PROD004,18762.96,Net Banking,Failed,2026-03-23
TXN06550,CUST0780,PROD046,19109.37,Debit Card,Success,2026-04-19
TXN06551,CUST0063,PROD009,11480.78,Debit Card,Success,2026-06-20
TXN06552,CUST1753,PROD017,15666.7,UPI,Success,2026-07-05
TXN06553,CUST1133,PROD020,17065.65,UPI,Success,2026-01-20
TXN06554,CUST1782,PROD036,4274.35,Credit Card,Success,2026-07-15
TXN06555,CUST1967,PROD085,14205.81,UPI,Success,2026-08-04
TXN06556,CUST0520,PROD061,6478.65,Net Banking,Success,2026-03-16
TXN06557,CUST0296,PROD036,18209.56,Credit Card,Success,2026-05-16
TXN06558,CUST0469,PROD008,12955.57,Debit Card,Success,2026-08-18
TXN06559,CUST1521,PROD010,15972.57,Wallet,Success,2026-04-19
TXN06560,CUST0820,PROD008,4641.45,Wallet,Success,2026-07-26
TXN06561,CUST0201,PROD081,14093.53,Credit Card,Success,2026-06-07
TXN06562,CUST0572,PROD089,8566.88,Credit Card,Success,2026-03-23
TXN06563,CUST1732,PROD097,10005.88,Debit Card,Success,2026-04-19
TXN06564,CUST0386,PROD098,18523.55,Net Banking,Success,2026-01-26
TXN06565,CUST1189,PROD041,389.07,Debit Card,Success,2026-01-09
TXN06566,CUST0212,PROD013,13882.4,Net Banking,Success,2026-02-24
TXN06567,CUST1908,PROD029,12908.84,Net Banking,Success,2026-03-16
TXN06568,CUST1296,PROD014,15186.9,Net Banking,Failed,2026-01-04
TXN06569,CUST1226,PROD088,1101.16,Wallet,Success,2026-05-04
TXN06570,CUST1181,PROD088,15038.32,Net Banking,Success,2026-04-26
TXN06571,CUST0229,PROD072,16054.42,Credit Card,Success,2026-05-15
TXN06572,CUST0562,PROD014,13970.89,Debit Card,Success,2026-03-24
TXN06573,CUST1001,PROD040,16788.71,Credit Card,Success,2026-03-03
TXN06574,CUST1438,PROD029,7548.16,Wallet,Success,2026-06-17
TXN06575,CUST0510,PROD056,15229.32,UPI,Success,2026-05-03
TXN06576,CUST1362,PROD055,10138.87,Credit Card,Success,2026-04-03
TXN06577,CUST1714,PROD031,1714.76,Net Banking,Success,2026-07-27
TXN06578,CUST0100,PROD033,19673.09,Wallet,Success,2026-07-23
TXN06579,CUST0971,PROD003,1835.61,UPI,Failed,2026-07-11
TXN06580,CUST0671,PROD080,8077.0,Net Banking,Success,2026-05-27
TXN06581,CUST1320,PROD003,14807.48,Credit Card,Failed,2026-04-02
TXN06582,CUST0044,PROD042,14540.34,Debit Card,Success,2026-06-18
TXN06583,CUST1227,PROD045,9765.23,Credit Card,Failed,2026-05-27
TXN06584,CUST0139,PROD068,5484.65,Credit Card,Success,2026-07-06
TXN06585,CUST0816,PROD065,1182.62,Wallet,Failed,2026-02-22
TXN06586,CUST1301,PROD023,5902.8,UPI,Success,2026-04-20
TXN06587,CUST1223,PROD045,17264.35,Net Banking,Success,2026-01-10
TXN06588,CUST1515,PROD063,10353.43,Wallet,Success,2026-08-17
TXN06589,CUST1046,PROD069,19938.5,UPI,Success,2026-07-10
TXN06590,CUST1029,PROD026,1962.79,Credit Card,Success,2026-02-01
TXN06591,CUST0943,PROD075,6778.3,Wallet,Success,2026-02-05
TXN06592,CUST1595,PROD021,4351.41,Credit Card,Success,2026-01-21
TXN06593,CUST0800,PROD063,10067.71,UPI,Success,2026-03-30
TXN06594,CUST1064,PROD045,18868.92,Net Banking,Success,2026-08-17
TXN06595,CUST0870,PROD023,13843.52,UPI,Success,2026-06-29
TXN06596,CUST0189,PROD025,5729.52,Net Banking,Success,2026-02-14
TXN06597,CUST0387,PROD019,4190.69,Net Banking,Success,2026-06-16
TXN06598,CUST1433,PROD063,17285.77,UPI,Success,2026-02-16
TXN06599,CUST1480,PROD020,434.94,Credit Card,Success,2026-03-06
TXN06600,CUST0900,PROD077,4921.51,Debit Card,Success,2026-05-04
TXN06601,CUST0757,PROD084,10262.06,Wallet,Failed,2026-01-17
TXN06602,CUST0589,PROD019,6979.11,Debit Card,Failed,2026-08-09
TXN06603,CUST0279,PROD085,19193.25,Debit Card,Success,2026-07-23
TXN06604,CUST1951,PROD083,16173.36,Wallet,Success,2026-01-01
TXN06605,CUST0736,PROD089,16998.05,Wallet,Success,2026-06-25
TXN06606,CUST1013,PROD078,16054.39,Wallet,Success,2026-06-30
TXN06607,CUST0810,PROD038,13493.84,Net Banking,Success,2026-02-16
TXN06608,CUST0943,PROD075,7095.07,Credit Card,Failed,2026-02-08
TXN06609,CUST1478,PROD081,2170.99,UPI,Success,2026-06-24
TXN06610,CUST1194,PROD020,1884.33,UPI,Success,2026-03-24
TXN06611,CUST1352,PROD082,1658.31,Credit Card,Success,2026-06-17
TXN06612,CUST0219,PROD004,9613.4,Debit Card,Success,2026-02-18
TXN06613,CUST0365,PROD034,8219.11,Debit Card,Failed,2026-05-28
TXN06614,CUST1705,PROD100,16287.61,UPI,Success,2026-07-02
TXN06615,CUST0433,PROD018,16490.96,Credit Card,Success,2026-02-02
TXN06616,CUST1754,PROD022,18145.71,Net Banking,Success,2026-05-23
TXN06617,CUST1073,PROD097,6570.73,Net Banking,Success,2026-06-30
TXN06618,CUST1928,PROD099,15186.49,Wallet,Success,2026-07-04
TXN06619,CUST0425,PROD075,16653.13,Credit Card,Success,2026-01-27
TXN06620,CUST0025,PROD068,19503.91,Net Banking,Failed,2026-05-24
TXN06621,CUST0421,PROD062,12435.81,Credit Card,Success,2026-02-01
TXN06622,CUST0869,PROD095,11167.08,Net Banking,Success,2026-02-05
TXN06623,CUST1057,PROD001,12421.96,Wallet,Success,2026-07-27
TXN06624,CUST0915,PROD009,7573.05,Credit Card,Success,2026-06-09
TXN06625,CUST1896,PROD058,16880.51,Debit Card,Failed,2026-03-19
TXN06626,CUST1116,PROD072,15777.43,Credit Card,Failed,2026-07-25
TXN06627,CUST0007,PROD026,8996.4,Net Banking,Success,2026-03-13
TXN06628,CUST1114,PROD016,2095.22,Credit Card,Success,2026-07-23
TXN06629,CUST0126,PROD086,5154.11,Net Banking,Success,2026-03-10
TXN06630,CUST0628,PROD047,6400.56,Net Banking,Success,2026-01-08
TXN06631,CUST1808,PROD002,507.19,Debit Card,Success,2026-03-01
TXN06632,CUST1332,PROD065,10471.93,Credit Card,Success,2026-08-07
TXN06633,CUST1131,PROD093,2202.13,Wallet,Success,2026-02-01
TXN06634,CUST1368,PROD072,16260.29,Credit Card,Failed,2026-05-25
TXN06635,CUST0660,PROD008,16158.25,Wallet,Success,2026-02-04
TXN06636,CUST1008,PROD062,11912.88,Credit Card,Success,2026-05-22
TXN06637,CUST1056,PROD063,14779.16,Net Banking,Success,2026-02-26
TXN06638,CUST0761,PROD055,15448.86,Debit Card,Success,2026-01-26
TXN06639,CUST0444,PROD096,859.75,UPI,Success,2026-07-17
TXN06640,CUST0842,PROD054,13685.05,UPI,Success,2026-05-07
TXN06641,CUST0437,PROD098,18127.34,UPI,Failed,2026-01-24
TXN06642,CUST1616,PROD009,14428.95,UPI,Success,2026-06-28
TXN06643,CUST1973,PROD076,6781.31,Credit Card,Success,2026-07-10
TXN06644,CUST1219,PROD032,9903.47,UPI,Success,2026-07-05
TXN06645,CUST0524,PROD088,1330.03,Net Banking,Failed,2026-05-05
TXN06646,CUST0159,PROD060,366.74,Net Banking,Failed,2026-02-25
TXN06647,CUST1293,PROD084,4381.91,UPI,Failed,2026-04-17
TXN06648,CUST1190,PROD018,17606.56,UPI,Success,2026-08-18
TXN06649,CUST1884,PROD048,10443.72,Net Banking,Success,2026-01-12
TXN06650,CUST1652,PROD013,7944.84,Debit Card,Success,2026-08-01
TXN06651,CUST1995,PROD089,6111.66,Net Banking,Failed,2026-03-18
TXN06652,CUST0553,PROD062,5027.92,Debit Card,Success,2026-04-03
TXN06653,CUST1573,PROD055,18911.49,Credit Card,Failed,2026-08-02
TXN06654,CUST1353,PROD078,676.73,Credit Card,Success,2026-07-03
TXN06655,CUST1653,PROD057,12560.58,Credit Card,Success,2026-01-31
TXN06656,CUST1668,PROD058,19734.91,UPI,Failed,2026-08-18
TXN06657,CUST0708,PROD062,11064.91,Wallet,Success,2026-06-19
TXN06658,CUST1735,PROD030,6412.77,Debit Card,Success,2026-06-29
TXN06659,CUST1885,PROD069,2154.58,Net Banking,Failed,2026-06-04
TXN06660,CUST1761,PROD096,5408.46,Net Banking,Success,2026-03-24
TXN06661,CUST1949,PROD091,9044.63,Wallet,Success,2026-07-10
TXN06662,CUST1689,PROD094,9055.8,Credit Card,Success,2026-03-17
TXN06663,CUST1987,PROD041,5353.94,Debit Card,Success,2026-06-12
TXN06664,CUST1995,PROD048,18480.17,Debit Card,Success,2026-06-20
TXN06665,CUST0992,PROD036,390.47,Credit Card,Success,2026-07-21
TXN06666,CUST0240,PROD094,7992.46,Debit Card,Failed,2026-05-08
TXN06667,CUST1508,PROD077,13655.16,UPI,Success,2026-01-10
TXN06668,CUST0459,PROD033,17309.09,Debit Card,Success,2026-01-21
TXN06669,CUST0715,PROD095,12657.1,Net Banking,Success,2026-01-14
TXN06670,CUST0040,PROD074,1628.79,Debit Card,Success,2026-03-07
TXN06671,CUST0736,PROD040,10479.11,UPI,Success,2026-01-02
TXN06672,CUST0083,PROD038,940.72,Net Banking,Success,2026-03-16
TXN06673,CUST1740,PROD046,5188.0,Net Banking,Failed,2026-04-29
TXN06674,CUST1622,PROD028,6054.68,Net Banking,Success,2026-05-18
TXN06675,CUST0349,PROD047,8244.5,Wallet,Failed,2026-03-14
TXN06676,CUST1240,PROD019,17221.61,Net Banking,Success,2026-04-12
TXN06677,CUST0648,PROD057,8556.63,Credit Card,Failed,2026-01-22
TXN06678,CUST0081,PROD090,9516.15,UPI,Success,2026-03-26
TXN06679,CUST1039,PROD015,3578.64,UPI,Success,2026-08-17
TXN06680,CUST0723,PROD023,13689.03,UPI,Failed,2026-04-06
TXN06681,CUST1383,PROD016,7489.08,Wallet,Success,2026-03-26
TXN06682,CUST0632,PROD031,2355.22,Net Banking,Success,2026-01-06
TXN06683,CUST1590,PROD064,5283.11,Net Banking,Success,2026-06-11
TXN06684,CUST0986,PROD062,17163.78,Net Banking,Success,2026-07-04
TXN06685,CUST1677,PROD099,16696.41,UPI,Success,2026-01-26
TXN06686,CUST1592,PROD021,14071.65,Wallet,Success,2026-02-01
TXN06687,CUST0824,PROD061,1346.63,Debit Card,Success,2026-04-03
TXN06688,CUST0205,PROD053,10295.94,Debit Card,Success,2026-03-16
TXN06689,CUST1216,PROD054,5800.56,Wallet,Failed,2026-07-14
TXN06690,CUST1849,PROD098,3764.26,Debit Card,Success,2026-06-24
TXN06691,CUST1929,PROD086,10936.4,Wallet,Success,2026-02-17
TXN06692,CUST1776,PROD012,17152.28,Credit Card,Success,2026-07-23
TXN06693,CUST1296,PROD017,5582.75,Debit Card,Success,2026-07-10
TXN06694,CUST1912,PROD092,11994.8,Credit Card,Failed,2026-07-01
TXN06695,CUST0938,PROD096,14397.39,UPI,Success,2026-05-28
TXN06696,CUST1875,PROD039,19433.9,Debit Card,Success,2026-05-28
TXN06697,CUST1821,PROD001,11573.76,Net Banking,Success,2026-03-21
TXN06698,CUST1743,PROD098,17305.9,Net Banking,Success,2026-03-07
TXN06699,CUST1807,PROD075,3262.41,Debit Card,Failed,2026-07-11
TXN06700,CUST1519,PROD065,9987.76,Net Banking,Success,2026-01-05
TXN06701,CUST0980,PROD051,13388.37,Net Banking,Success,2026-06-22
TXN06702,CUST1645,PROD033,17103.27,Credit Card,Success,2026-05-01
TXN06703,CUST1088,PROD006,6568.26,Credit Card,Success,2026-03-12
TXN06704,CUST0229,PROD073,2172.39,Net Banking,Success,2026-05-18
TXN06705,CUST0868,PROD017,16964.27,Net Banking,Success,2026-05-27
TXN06706,CUST0905,PROD056,16173.28,Net Banking,Success,2026-04-21
TXN06707,CUST1544,PROD008,13903.03,Wallet,Success,2026-01-21
TXN06708,CUST1232,PROD025,17903.73,Net Banking,Success,2026-02-11
TXN06709,CUST0259,PROD044,11621.94,Wallet,Success,2026-06-16
TXN06710,CUST0232,PROD058,8817.52,Net Banking,Success,2026-05-29
TXN06711,CUST1088,PROD046,8525.11,Net Banking,Success,2026-08-08
TXN06712,CUST1178,PROD015,717.93,Net Banking,Success,2026-04-06
TXN06713,CUST1632,PROD094,11906.04,Net Banking,Success,2026-06-21
TXN06714,CUST0096,PROD085,6199.62,Net Banking,Success,2026-03-13
TXN06715,CUST1979,PROD062,18350.7,Debit Card,Success,2026-01-29
TXN06716,CUST0728,PROD058,16948.23,UPI,Success,2026-04-30
TXN06717,CUST1986,PROD047,19921.24,UPI,Success,2026-07-11
TXN06718,CUST0738,PROD048,19261.68,Wallet,Success,2026-03-07
TXN06719,CUST0074,PROD082,16648.33,Wallet,Failed,2026-06-08
TXN06720,CUST0657,PROD059,16282.4,Debit Card,Success,2026-02-03
TXN06721,CUST1291,PROD028,9914.11,Wallet,Success,2026-03-10
TXN06722,CUST0732,PROD044,14704.74,Net Banking,Success,2026-07-01
TXN06723,CUST1930,PROD097,13527.6,Credit Card,Success,2026-02-23
TXN06724,CUST1413,PROD035,19436.87,Debit Card,Success,2026-01-01
TXN06725,CUST1158,PROD044,19049.88,UPI,Success,2026-07-19
TXN06726,CUST0329,PROD061,18585.01,Credit Card,Failed,2026-05-01
TXN06727,CUST1281,PROD091,13971.32,Net Banking,Success,2026-02-06
TXN06728,CUST1172,PROD042,13510.58,Wallet,Success,2026-08-14
TXN06729,CUST0124,PROD092,11195.39,Credit Card,Success,2026-03-11
TXN06730,CUST1674,PROD052,652.45,Net Banking,Failed,2026-04-15
TXN06731,CUST1107,PROD004,15801.59,Net Banking,Success,2026-02-17
TXN06732,CUST1396,PROD040,5431.22,Wallet,Success,2026-02-14
TXN06733,CUST0403,PROD089,7335.1,Net Banking,Failed,2026-01-15
TXN06734,CUST1702,PROD051,16078.96,Debit Card,Success,2026-04-21
TXN06735,CUST0980,PROD064,17439.27,Wallet,Success,2026-04-30
TXN06736,CUST0286,PROD036,9921.26,Debit Card,Failed,2026-04-18
TXN06737,CUST0133,PROD076,2411.59,Net Banking,Failed,2026-02-19
TXN06738,CUST0684,PROD003,17119.69,Net Banking,Success,2026-06-25
TXN06739,CUST0703,PROD078,3683.45,UPI,Success,2026-01-10
TXN06740,CUST1242,PROD010,7103.93,Net Banking,Failed,2026-06-06
TXN06741,CUST0127,PROD062,12572.67,Credit Card,Success,2026-02-06
TXN06742,CUST0980,PROD086,1112.4,UPI,Success,2026-05-15
TXN06743,CUST0442,PROD097,17029.36,Wallet,Success,2026-03-20
TXN06744,CUST0290,PROD027,18949.45,Debit Card,Success,2026-05-03
TXN06745,CUST0365,PROD056,11569.52,Credit Card,Success,2026-07-03
TXN06746,CUST1277,PROD037,2133.85,UPI,Success,2026-01-01
TXN06747,CUST1378,PROD074,12846.43,Wallet,Success,2026-06-06
TXN06748,CUST0242,PROD083,13946.45,Debit Card,Success,2026-05-27
TXN06749,CUST1846,PROD034,980.64,UPI,Failed,2026-01-18
TXN06750,CUST0319,PROD071,9350.52,UPI,Success,2026-06-03
TXN06751,CUST0891,PROD046,11884.44,UPI,Success,2026-01-25
TXN06752,CUST0057,PROD025,16562.71,UPI,Success,2026-05-25
TXN06753,CUST1235,PROD050,19680.5,Net Banking,Failed,2026-06-24
TXN06754,CUST0520,PROD020,4493.49,Credit Card,Failed,2026-03-16
TXN06755,CUST1384,PROD027,14476.01,Debit Card,Success,2026-04-02
TXN06756,CUST1086,PROD065,6138.21,Net Banking,Success,2026-03-04
TXN06757,CUST0495,PROD040,12630.6,Debit Card,Success,2026-06-11
TXN06758,CUST1506,PROD032,392.63,Credit Card,Success,2026-07-07
TXN06759,CUST0973,PROD018,13738.93,Net Banking,Failed,2026-01-21
TXN06760,CUST0419,PROD010,8140.42,UPI,Success,2026-04-02
TXN06761,CUST0722,PROD026,3327.22,Wallet,Failed,2026-04-24
TXN06762,CUST0299,PROD036,17265.92,Debit Card,Failed,2026-06-17
TXN06763,CUST0504,PROD089,9423.89,Wallet,Success,2026-04-12
TXN06764,CUST1562,PROD091,9850.84,Credit Card,Failed,2026-08-15
TXN06765,CUST1802,PROD086,10624.68,Debit Card,Failed,2026-08-02
TXN06766,CUST0163,PROD022,17129.6,Net Banking,Success,2026-04-22
TXN06767,CUST1038,PROD063,9706.51,Wallet,Success,2026-05-08
TXN06768,CUST1883,PROD079,1852.61,UPI,Success,2026-03-17
TXN06769,CUST0778,PROD091,17465.33,Credit Card,Failed,2026-07-20
TXN06770,CUST0773,PROD080,19152.51,Debit Card,Success,2026-04-08
TXN06771,CUST1710,PROD096,5777.63,Debit Card,Success,2026-07-10
TXN06772,CUST0452,PROD010,13381.26,Credit Card,Success,2026-01-13
TXN06773,CUST0586,PROD003,5424.68,UPI,Success,2026-06-30
TXN06774,CUST1651,PROD014,11422.22,Wallet,Success,2026-02-04
TXN06775,CUST0511,PROD089,5120.18,Credit Card,Success,2026-01-15
TXN06776,CUST0747,PROD057,10676.36,Debit Card,Failed,2026-01-26
TXN06777,CUST0811,PROD029,16047.21,UPI,Success,2026-03-23
TXN06778,CUST1193,PROD027,7526.62,UPI,Success,2026-01-17
TXN06779,CUST1807,PROD015,14441.66,Debit Card,Success,2026-05-11
TXN06780,CUST0811,PROD057,16898.22,UPI,Success,2026-08-13
TXN06781,CUST0978,PROD008,13949.23,UPI,Success,2026-07-05
TXN06782,CUST0564,PROD073,3973.05,Debit Card,Success,2026-04-26
TXN06783,CUST1949,PROD004,16077.81,UPI,Success,2026-03-01
TXN06784,CUST1933,PROD014,14171.74,Net Banking,Success,2026-06-29
TXN06785,CUST0929,PROD028,4873.76,Net Banking,Success,2026-06-02
TXN06786,CUST0171,PROD001,2134.59,Debit Card,Failed,2026-08-14
TXN06787,CUST0352,PROD053,3298.4,Wallet,Failed,2026-07-31
TXN06788,CUST1747,PROD021,18402.92,Debit Card,Success,2026-02-10
TXN06789,CUST0001,PROD054,1731.44,Net Banking,Success,2026-05-15
TXN06790,CUST0553,PROD089,11952.52,UPI,Success,2026-04-14
TXN06791,CUST1876,PROD084,6399.23,Debit Card,Success,2026-01-22
TXN06792,CUST0700,PROD070,14492.97,Debit Card,Success,2026-08-02
TXN06793,CUST0171,PROD009,16635.0,UPI,Success,2026-07-02
TXN06794,CUST1960,PROD039,6911.44,Debit Card,Success,2026-01-22
TXN06795,CUST1890,PROD009,14213.09,Debit Card,Failed,2026-05-27
TXN06796,CUST1981,PROD081,8247.6,Credit Card,Success,2026-08-01
TXN06797,CUST0832,PROD077,15653.09,Debit Card,Success,2026-07-24
TXN06798,CUST0993,PROD078,8853.02,Debit Card,Success,2026-01-13
TXN06799,CUST1870,PROD065,16885.06,Net Banking,Success,2026-03-27
TXN06800,CUST0649,PROD061,7128.76,Debit Card,Success,2026-08-03
TXN06801,CUST0368,PROD040,8134.08,UPI,Success,2026-03-08
TXN06802,CUST1210,PROD034,13325.91,Wallet,Success,2026-06-27
TXN06803,CUST1551,PROD015,15651.14,Net Banking,Success,2026-07-14
TXN06804,CUST1747,PROD034,17620.24,Wallet,Success,2026-07-09
TXN06805,CUST1022,PROD100,10080.18,UPI,Success,2026-07-23
TXN06806,CUST1151,PROD072,16581.28,Net Banking,Success,2026-01-25
TXN06807,CUST0756,PROD072,617.01,Wallet,Success,2026-01-20
TXN06808,CUST1375,PROD043,7211.6,UPI,Failed,2026-05-06
TXN06809,CUST0349,PROD052,9939.71,Net Banking,Success,2026-05-21
TXN06810,CUST1818,PROD006,5400.53,Debit Card,Success,2026-07-07
TXN06811,CUST1848,PROD039,18141.51,Credit Card,Failed,2026-03-13
TXN06812,CUST1993,PROD034,15361.92,Net Banking,Success,2026-07-11
TXN06813,CUST1620,PROD081,571.89,UPI,Success,2026-05-18
TXN06814,CUST1737,PROD006,1482.99,UPI,Success,2026-07-29
TXN06815,CUST0898,PROD086,10333.6,Credit Card,Success,2026-04-17
TXN06816,CUST1045,PROD033,17579.77,UPI,Success,2026-04-24
TXN06817,CUST0293,PROD033,1442.82,Wallet,Failed,2026-07-05
TXN06818,CUST0239,PROD038,3167.38,Net Banking,Success,2026-01-02
TXN06819,CUST1351,PROD069,1756.2,UPI,Success,2026-06-17
TXN06820,CUST0879,PROD069,1740.62,Credit Card,Success,2026-03-09
TXN06821,CUST0738,PROD074,9553.67,Credit Card,Failed,2026-06-21
TXN06822,CUST1533,PROD084,15778.85,Net Banking,Success,2026-04-11
TXN06823,CUST1400,PROD007,6395.2,Net Banking,Success,2026-02-01
TXN06824,CUST0661,PROD005,780.06,Net Banking,Success,2026-05-07
TXN06825,CUST0165,PROD089,16667.92,Debit Card,Success,2026-04-28
TXN06826,CUST1455,PROD096,10830.31,UPI,Success,2026-01-02
TXN06827,CUST1869,PROD061,11161.22,Wallet,Success,2026-02-15
TXN06828,CUST1995,PROD048,7379.27,UPI,Failed,2026-04-22
TXN06829,CUST1281,PROD055,18435.35,UPI,Success,2026-05-04
TXN06830,CUST0877,PROD063,2798.29,Wallet,Success,2026-01-24
TXN06831,CUST1636,PROD023,11154.03,Debit Card,Failed,2026-03-01
TXN06832,CUST1770,PROD016,5327.11,Wallet,Success,2026-01-03
TXN06833,CUST0227,PROD047,3337.12,Debit Card,Failed,2026-02-15
TXN06834,CUST0994,PROD069,4596.55,Net Banking,Success,2026-04-19
TXN06835,CUST1608,PROD089,1276.82,Wallet,Success,2026-05-15
TXN06836,CUST0350,PROD088,15453.13,Wallet,Failed,2026-03-30
TXN06837,CUST1656,PROD035,16201.04,Net Banking,Success,2026-06-26
TXN06838,CUST1211,PROD095,16977.86,Wallet,Success,2026-08-09
TXN06839,CUST0186,PROD023,13489.23,Debit Card,Success,2026-02-12
TXN06840,CUST1634,PROD017,1404.4,Net Banking,Success,2026-02-25
TXN06841,CUST1522,PROD002,17221.99,UPI,Success,2026-05-19
TXN06842,CUST0733,PROD063,16511.29,UPI,Success,2026-01-10
TXN06843,CUST1792,PROD084,3534.37,Net Banking,Success,2026-01-13
TXN06844,CUST0938,PROD008,4684.4,Debit Card,Failed,2026-04-06
TXN06845,CUST0721,PROD080,2291.06,Net Banking,Success,2026-02-01
TXN06846,CUST1842,PROD049,15114.89,Net Banking,Success,2026-04-22
TXN06847,CUST1173,PROD052,17544.01,Wallet,Success,2026-03-30
TXN06848,CUST1892,PROD096,4018.67,UPI,Success,2026-08-08
TXN06849,CUST1599,PROD047,5020.69,Net Banking,Failed,2026-08-09
TXN06850,CUST1000,PROD025,18537.35,UPI,Failed,2026-07-27
TXN06851,CUST0304,PROD023,6659.29,Debit Card,Success,2026-03-12
TXN06852,CUST1649,PROD071,19884.57,Net Banking,Failed,2026-01-06
TXN06853,CUST0550,PROD003,12328.13,Net Banking,Success,2026-05-24
TXN06854,CUST1685,PROD084,17269.45,UPI,Failed,2026-05-08
TXN06855,CUST1874,PROD026,12792.79,UPI,Success,2026-03-15
TXN06856,CUST0105,PROD082,288.42,Debit Card,Failed,2026-04-10
TXN06857,CUST0600,PROD066,5886.49,Wallet,Success,2026-03-03
TXN06858,CUST1956,PROD004,15178.06,Net Banking,Success,2026-03-12
TXN06859,CUST0462,PROD090,16276.19,Net Banking,Success,2026-08-03
TXN06860,CUST1452,PROD069,12262.56,Net Banking,Success,2026-08-07
TXN06861,CUST0787,PROD036,11391.6,Credit Card,Success,2026-08-06
TXN06862,CUST0764,PROD080,15976.68,Debit Card,Success,2026-03-14
TXN06863,CUST1810,PROD079,19555.04,Debit Card,Failed,2026-06-12
TXN06864,CUST1683,PROD032,1342.16,UPI,Success,2026-05-01
TXN06865,CUST1001,PROD084,10689.4,Credit Card,Success,2026-01-07
TXN06866,CUST0872,PROD034,7492.9,UPI,Success,2026-02-18
TXN06867,CUST0657,PROD081,15942.48,UPI,Failed,2026-08-18
TXN06868,CUST1118,PROD042,18328.03,Debit Card,Success,2026-03-26
TXN06869,CUST0430,PROD070,10257.27,Wallet,Success,2026-01-01
TXN06870,CUST0369,PROD063,6287.65,Credit Card,Failed,2026-04-08
TXN06871,CUST0338,PROD065,6644.96,Net Banking,Success,2026-01-01
TXN06872,CUST0706,PROD041,4629.18,Debit Card,Success,2026-01-04
TXN06873,CUST1971,PROD069,7342.42,Debit Card,Success,2026-03-23
TXN06874,CUST0240,PROD025,6723.63,Net Banking,Success,2026-03-06
TXN06875,CUST0189,PROD057,11146.58,Debit Card,Success,2026-05-02
TXN06876,CUST1474,PROD047,2617.28,Wallet,Success,2026-08-10
TXN06877,CUST1797,PROD068,12775.04,Wallet,Success,2026-01-23
TXN06878,CUST0735,PROD096,2033.24,UPI,Success,2026-03-16
TXN06879,CUST0046,PROD092,18739.17,Net Banking,Success,2026-01-01
TXN06880,CUST1295,PROD006,19555.19,Debit Card,Success,2026-07-08
TXN06881,CUST0679,PROD055,11693.45,Credit Card,Success,2026-08-03
TXN06882,CUST1643,PROD099,3249.69,Wallet,Success,2026-04-15
TXN06883,CUST1607,PROD100,7776.95,Wallet,Success,2026-05-27
TXN06884,CUST0918,PROD029,10316.38,Wallet,Success,2026-08-03
TXN06885,CUST0087,PROD073,18726.33,Debit Card,Success,2026-06-22
TXN06886,CUST1743,PROD027,12134.06,UPI,Success,2026-04-07
TXN06887,CUST0846,PROD026,8347.06,Net Banking,Success,2026-01-12
TXN06888,CUST0305,PROD039,16622.87,UPI,Success,2026-08-05
TXN06889,CUST0978,PROD027,12272.93,Wallet,Success,2026-03-18
TXN06890,CUST0281,PROD083,6396.17,UPI,Failed,2026-07-28
TXN06891,CUST0455,PROD056,7909.55,Credit Card,Success,2026-03-15
TXN06892,CUST0610,PROD027,19364.84,Credit Card,Success,2026-03-31
TXN06893,CUST1348,PROD040,18042.33,Wallet,Success,2026-03-22
TXN06894,CUST0764,PROD054,11128.08,Debit Card,Success,2026-01-31
TXN06895,CUST1545,PROD070,11756.45,Debit Card,Success,2026-01-28
TXN06896,CUST1437,PROD030,15837.52,Wallet,Success,2026-01-28
TXN06897,CUST1265,PROD071,11662.97,Net Banking,Success,2026-08-13
TXN06898,CUST0492,PROD087,15241.16,Credit Card,Success,2026-02-02
TXN06899,CUST0576,PROD020,16246.9,Credit Card,Success,2026-02-23
TXN06900,CUST1417,PROD067,10598.04,Credit Card,Success,2026-07-14
TXN06901,CUST1355,PROD073,7854.39,Credit Card,Success,2026-07-16
TXN06902,CUST0056,PROD079,14580.39,Credit Card,Success,2026-06-18
TXN06903,CUST0034,PROD034,314.2,Debit Card,Success,2026-07-19
TXN06904,CUST1587,PROD070,18354.76,Net Banking,Failed,2026-04-08
TXN06905,CUST0621,PROD060,994.07,Credit Card,Success,2026-05-08
TXN06906,CUST0088,PROD095,3371.81,Net Banking,Failed,2026-03-22
TXN06907,CUST1242,PROD054,19056.8,Net Banking,Failed,2026-02-21
TXN06908,CUST0060,PROD046,4262.14,Credit Card,Failed,2026-05-05
TXN06909,CUST0119,PROD072,15537.66,Credit Card,Success,2026-02-07
TXN06910,CUST1809,PROD006,11371.96,UPI,Failed,2026-01-08
TXN06911,CUST1633,PROD075,10931.75,Net Banking,Success,2026-03-17
TXN06912,CUST0104,PROD081,13810.96,UPI,Failed,2026-04-03
TXN06913,CUST1419,PROD051,2944.45,Wallet,Failed,2026-01-01
TXN06914,CUST1353,PROD081,17550.01,Net Banking,Success,2026-06-17
TXN06915,CUST0827,PROD059,10642.55,Credit Card,Failed,2026-06-25
TXN06916,CUST1329,PROD084,1546.82,Wallet,Failed,2026-04-19
TXN06917,CUST0794,PROD002,472.68,Net Banking,Failed,2026-07-18
TXN06918,CUST1395,PROD068,1453.25,Net Banking,Failed,2026-02-10
TXN06919,CUST0097,PROD040,14592.86,Debit Card,Success,2026-02-11
TXN06920,CUST1115,PROD087,5471.93,Wallet,Success,2026-03-24
TXN06921,CUST0865,PROD070,15569.6,Net Banking,Failed,2026-06-23
TXN06922,CUST0275,PROD021,12699.66,Wallet,Failed,2026-01-26
TXN06923,CUST1611,PROD059,19869.4,UPI,Success,2026-04-24
TXN06924,CUST0253,PROD006,11240.67,Credit Card,Success,2026-05-16
TXN06925,CUST1145,PROD093,286.81,Debit Card,Success,2026-05-20
TXN06926,CUST0528,PROD068,19724.35,Wallet,Success,2026-05-22
TXN06927,CUST1934,PROD035,17968.14,Credit Card,Success,2026-05-17
TXN06928,CUST0523,PROD054,18021.4,Wallet,Success,2026-03-23
TXN06929,CUST1880,PROD089,9265.82,Credit Card,Success,2026-07-08
TXN06930,CUST0123,PROD024,2179.19,Wallet,Success,2026-01-18
TXN06931,CUST0865,PROD091,8565.45,Net Banking,Success,2026-07-06
TXN06932,CUST0115,PROD041,18453.62,Wallet,Success,2026-06-05
TXN06933,CUST1302,PROD088,6213.12,UPI,Failed,2026-06-13
TXN06934,CUST1022,PROD093,11204.49,Credit Card,Success,2026-08-04
TXN06935,CUST1074,PROD023,18462.45,Debit Card,Success,2026-06-14
TXN06936,CUST0899,PROD014,2709.12,Wallet,Failed,2026-07-08
TXN06937,CUST1017,PROD003,5889.16,UPI,Success,2026-08-18
TXN06938,CUST1611,PROD041,9834.9,UPI,Success,2026-06-12
TXN06939,CUST1294,PROD094,8904.26,UPI,Success,2026-07-02
TXN06940,CUST1677,PROD022,19466.83,Net Banking,Success,2026-01-31
TXN06941,CUST0795,PROD018,5547.99,Wallet,Success,2026-06-02
TXN06942,CUST1978,PROD093,5190.22,UPI,Success,2026-02-20
TXN06943,CUST1999,PROD070,3349.19,UPI,Success,2026-02-27
TXN06944,CUST1330,PROD079,9656.34,Credit Card,Success,2026-04-22
TXN06945,CUST1082,PROD040,16533.28,Wallet,Success,2026-04-23
TXN06946,CUST1465,PROD052,5210.72,UPI,Success,2026-01-04
TXN06947,CUST0906,PROD058,6027.19,Credit Card,Success,2026-04-09
TXN06948,CUST1229,PROD079,14019.83,Debit Card,Success,2026-05-11
TXN06949,CUST0703,PROD081,2679.26,Debit Card,Success,2026-03-29
TXN06950,CUST0539,PROD043,11331.89,Net Banking,Success,2026-04-19
TXN06951,CUST0358,PROD079,3737.38,UPI,Success,2026-06-05
TXN06952,CUST0332,PROD018,19656.99,Net Banking,Failed,2026-04-18
TXN06953,CUST0556,PROD006,8782.4,UPI,Success,2026-01-07
TXN06954,CUST1585,PROD034,2263.43,Credit Card,Success,2026-05-13
TXN06955,CUST1469,PROD030,11230.55,Wallet,Failed,2026-06-21
TXN06956,CUST0448,PROD031,12399.73,Credit Card,Failed,2026-07-25
TXN06957,CUST1365,PROD097,12195.29,Credit Card,Success,2026-04-10
TXN06958,CUST0734,PROD083,17647.22,Wallet,Success,2026-04-19
TXN06959,CUST0383,PROD073,8363.14,UPI,Success,2026-04-21
TXN06960,CUST0465,PROD047,8148.59,Debit Card,Failed,2026-05-08
TXN06961,CUST0107,PROD072,18295.53,Net Banking,Success,2026-02-21
TXN06962,CUST1446,PROD040,16682.17,Credit Card,Success,2026-05-29
TXN06963,CUST0299,PROD062,4789.93,UPI,Success,2026-04-04
TXN06964,CUST0065,PROD007,14648.96,Net Banking,Success,2026-02-08
TXN06965,CUST1765,PROD037,17135.97,UPI,Failed,2026-06-12
TXN06966,CUST1638,PROD056,1694.29,UPI,Failed,2026-06-04
TXN06967,CUST1858,PROD011,325.83,UPI,Success,2026-06-02
TXN06968,CUST0804,PROD046,16723.71,Debit Card,Success,2026-06-01
TXN06969,CUST0696,PROD040,18722.74,UPI,Success,2026-03-05
TXN06970,CUST0197,PROD061,17724.69,Debit Card,Success,2026-08-11
TXN06971,CUST0267,PROD084,14756.82,Debit Card,Success,2026-05-06
TXN06972,CUST1648,PROD001,18244.41,Credit Card,Success,2026-03-22
TXN06973,CUST0697,PROD086,13560.7,Wallet,Success,2026-05-27
TXN06974,CUST1406,PROD026,1318.68,Credit Card,Success,2026-07-18
TXN06975,CUST0224,PROD053,19838.72,Net Banking,Failed,2026-04-06
TXN06976,CUST1816,PROD014,1107.81,UPI,Failed,2026-04-25
TXN06977,CUST1391,PROD086,8199.52,UPI,Success,2026-01-17
TXN06978,CUST0191,PROD028,13445.12,UPI,Success,2026-03-06
TXN06979,CUST0733,PROD005,19019.36,Debit Card,Success,2026-04-15
TXN06980,CUST0303,PROD059,19880.17,Debit Card,Success,2026-07-21
TXN06981,CUST0636,PROD074,12997.92,Net Banking,Success,2026-07-15
TXN06982,CUST0288,PROD056,13539.34,UPI,Success,2026-04-02
TXN06983,CUST1994,PROD025,5832.07,Net Banking,Success,2026-08-16
TXN06984,CUST0163,PROD011,19920.18,Credit Card,Failed,2026-01-04
TXN06985,CUST0766,PROD090,11545.66,Credit Card,Failed,2026-04-01
TXN06986,CUST1101,PROD093,10070.95,Wallet,Failed,2026-04-02
TXN06987,CUST1011,PROD041,11362.84,Credit Card,Success,2026-07-09
TXN06988,CUST0534,PROD093,1581.1,Debit Card,Success,2026-03-30
TXN06989,CUST1971,PROD068,14807.55,Credit Card,Success,2026-08-04
TXN06990,CUST0102,PROD013,8107.45,Credit Card,Success,2026-03-12
TXN06991,CUST1865,PROD085,5072.73,Wallet,Success,2026-02-04
TXN06992,CUST0938,PROD091,5729.16,Debit Card,Success,2026-06-14
TXN06993,CUST0467,PROD100,14407.71,Wallet,Success,2026-02-07
TXN06994,CUST0707,PROD087,9239.67,Net Banking,Success,2026-04-20
TXN06995,CUST1799,PROD091,1265.09,Net Banking,Success,2026-08-08
TXN06996,CUST0266,PROD034,12798.55,Net Banking,Success,2026-07-15
TXN06997,CUST1871,PROD080,9720.37,Wallet,Success,2026-07-21
TXN06998,CUST1355,PROD100,6057.22,UPI,Success,2026-05-25
TXN06999,CUST0923,PROD081,17978.22,UPI,Success,2026-06-18
TXN07000,CUST0066,PROD077,11531.65,Debit Card,Success,2026-05-24
TXN07001,CUST0356,PROD079,10255.67,Wallet,Success,2026-05-29
TXN07002,CUST0136,PROD049,12793.88,UPI,Success,2026-02-03
TXN07003,CUST1030,PROD017,8588.69,Debit Card,Failed,2026-05-10
TXN07004,CUST0963,PROD100,1196.19,Credit Card,Success,2026-08-10
TXN07005,CUST1057,PROD076,1614.49,Debit Card,Success,2026-03-29
TXN07006,CUST1155,PROD074,11443.94,Wallet,Success,2026-04-03
TXN07007,CUST0469,PROD034,13635.22,Net Banking,Success,2026-03-31
TXN07008,CUST1969,PROD015,13082.99,Credit Card,Success,2026-07-17
TXN07009,CUST0419,PROD034,5649.61,Net Banking,Success,2026-07-03
TXN07010,CUST1053,PROD099,598.12,Credit Card,Success,2026-08-07
TXN07011,CUST1926,PROD094,4938.94,Wallet,Success,2026-03-26
TXN07012,CUST0489,PROD042,18672.55,Debit Card,Success,2026-05-19
TXN07013,CUST1269,PROD003,14900.05,UPI,Success,2026-02-23
TXN07014,CUST1072,PROD021,1651.82,UPI,Success,2026-01-26
TXN07015,CUST0806,PROD040,12820.27,Wallet,Success,2026-01-25
TXN07016,CUST0655,PROD033,5399.0,Wallet,Failed,2026-05-07
TXN07017,CUST1196,PROD028,15390.85,Net Banking,Success,2026-06-12
TXN07018,CUST0999,PROD008,7524.45,Net Banking,Success,2026-01-08
TXN07019,CUST1274,PROD048,18950.64,UPI,Success,2026-07-04
TXN07020,CUST1911,PROD017,7819.63,Credit Card,Success,2026-02-25
TXN07021,CUST0829,PROD023,18647.16,Credit Card,Success,2026-07-02
TXN07022,CUST0876,PROD043,9169.48,Net Banking,Failed,2026-01-01
TXN07023,CUST1076,PROD007,5255.62,UPI,Success,2026-05-06
TXN07024,CUST1052,PROD080,19975.18,Credit Card,Success,2026-07-10
TXN07025,CUST1238,PROD067,10075.4,Debit Card,Success,2026-06-19
TXN07026,CUST1435,PROD084,3978.06,Wallet,Success,2026-05-31
TXN07027,CUST1712,PROD025,7898.3,UPI,Failed,2026-07-26
TXN07028,CUST0616,PROD047,5686.79,Wallet,Failed,2026-01-28
TXN07029,CUST1380,PROD029,19639.65,Net Banking,Failed,2026-04-03
TXN07030,CUST0315,PROD068,3478.45,Credit Card,Failed,2026-07-26
TXN07031,CUST0037,PROD013,8504.31,UPI,Success,2026-04-01
TXN07032,CUST1236,PROD093,11630.33,Net Banking,Success,2026-02-12
TXN07033,CUST0915,PROD070,16657.25,UPI,Success,2026-05-07
TXN07034,CUST1317,PROD043,14744.57,Credit Card,Success,2026-02-19
TXN07035,CUST1999,PROD083,9030.22,Credit Card,Success,2026-07-18
TXN07036,CUST1625,PROD086,4420.65,Net Banking,Success,2026-03-18
TXN07037,CUST1837,PROD050,17621.2,Net Banking,Success,2026-06-07
TXN07038,CUST1760,PROD060,7713.31,UPI,Success,2026-06-11
TXN07039,CUST0231,PROD003,16075.07,UPI,Success,2026-07-21
TXN07040,CUST1022,PROD068,8598.18,Wallet,Failed,2026-06-19
TXN07041,CUST0731,PROD067,13472.44,Net Banking,Success,2026-07-13
TXN07042,CUST1574,PROD001,7150.49,Credit Card,Success,2026-06-12
TXN07043,CUST0466,PROD066,17970.0,Net Banking,Success,2026-01-14
TXN07044,CUST0196,PROD079,14063.5,Credit Card,Success,2026-03-26
TXN07045,CUST1710,PROD050,19728.29,Credit Card,Failed,2026-02-23
TXN07046,CUST0958,PROD082,11595.81,Credit Card,Success,2026-07-31
TXN07047,CUST0588,PROD087,16882.37,Credit Card,Success,2026-04-09
TXN07048,CUST0810,PROD066,13591.22,Debit Card,Success,2026-05-02
TXN07049,CUST0182,PROD010,14987.84,Credit Card,Success,2026-03-31
TXN07050,CUST1556,PROD027,10873.37,UPI,Success,2026-02-04
TXN07051,CUST0666,PROD058,12131.32,UPI,Success,2026-07-07
TXN07052,CUST1764,PROD084,6135.77,Wallet,Success,2026-06-17
TXN07053,CUST1658,PROD015,11955.56,Net Banking,Success,2026-05-25
TXN07054,CUST0647,PROD087,11578.84,Net Banking,Success,2026-07-14
TXN07055,CUST1297,PROD034,13448.81,Debit Card,Success,2026-05-22
TXN07056,CUST1979,PROD074,18967.53,Credit Card,Success,2026-07-03
TXN07057,CUST0915,PROD086,1674.36,Net Banking,Success,2026-04-01
TXN07058,CUST1364,PROD082,8397.77,UPI,Success,2026-03-26
TXN07059,CUST0121,PROD042,13543.34,Wallet,Success,2026-08-18
TXN07060,CUST0716,PROD012,12997.0,UPI,Success,2026-01-31
TXN07061,CUST0184,PROD084,10718.81,Credit Card,Success,2026-04-26
TXN07062,CUST0977,PROD046,11665.23,Debit Card,Success,2026-03-12
TXN07063,CUST0849,PROD055,19035.04,Wallet,Success,2026-01-20
TXN07064,CUST1651,PROD052,14618.32,Net Banking,Success,2026-06-25
TXN07065,CUST1984,PROD012,14454.43,Debit Card,Success,2026-01-14
TXN07066,CUST0558,PROD001,15420.27,Credit Card,Success,2026-01-01
TXN07067,CUST1340,PROD048,6974.86,Debit Card,Success,2026-04-07
TXN07068,CUST0759,PROD054,16914.31,Net Banking,Success,2026-08-05
TXN07069,CUST1528,PROD059,17671.62,Credit Card,Failed,2026-07-05
TXN07070,CUST1317,PROD062,9697.95,UPI,Success,2026-03-19
TXN07071,CUST0692,PROD001,8777.77,Wallet,Success,2026-03-25
TXN07072,CUST1623,PROD097,16074.88,Credit Card,Success,2026-02-08
TXN07073,CUST0112,PROD079,15711.74,Net Banking,Success,2026-08-17
TXN07074,CUST0241,PROD040,14118.88,UPI,Success,2026-06-12
TXN07075,CUST1716,PROD013,16786.36,Debit Card,Success,2026-08-02
TXN07076,CUST1741,PROD060,4550.61,UPI,Success,2026-08-02
TXN07077,CUST0418,PROD100,17528.91,Credit Card,Failed,2026-03-17
TXN07078,CUST1222,PROD001,19028.6,Wallet,Success,2026-07-01
TXN07079,CUST1301,PROD054,3148.87,UPI,Failed,2026-02-21
TXN07080,CUST1645,PROD084,7681.06,UPI,Success,2026-04-01
TXN07081,CUST0229,PROD007,8750.25,Net Banking,Failed,2026-02-01
TXN07082,CUST0112,PROD029,8782.61,Net Banking,Success,2026-08-11
TXN07083,CUST0680,PROD074,1360.36,UPI,Success,2026-01-31
TXN07084,CUST1346,PROD074,12867.75,Net Banking,Success,2026-06-24
TXN07085,CUST1247,PROD056,13559.71,Wallet,Failed,2026-01-27
TXN07086,CUST0584,PROD053,8974.65,Wallet,Success,2026-05-26
TXN07087,CUST1379,PROD007,11080.18,Wallet,Success,2026-03-11
TXN07088,CUST1695,PROD009,17287.35,Wallet,Failed,2026-02-08
TXN07089,CUST0449,PROD003,10359.69,Net Banking,Failed,2026-07-12
TXN07090,CUST1059,PROD040,14300.56,Wallet,Failed,2026-04-26
TXN07091,CUST1042,PROD065,3231.99,Credit Card,Success,2026-07-19
TXN07092,CUST0714,PROD080,8184.7,Net Banking,Failed,2026-05-16
TXN07093,CUST1407,PROD056,19925.41,Debit Card,Failed,2026-04-25
TXN07094,CUST0384,PROD090,4839.78,UPI,Failed,2026-08-12
TXN07095,CUST1461,PROD057,1483.09,Debit Card,Success,2026-03-25
TXN07096,CUST1668,PROD043,11890.11,UPI,Success,2026-04-01
TXN07097,CUST1664,PROD025,17070.11,Credit Card,Success,2026-07-25
TXN07098,CUST0927,PROD020,14591.1,UPI,Success,2026-01-23
TXN07099,CUST0783,PROD058,15341.41,UPI,Success,2026-05-14
TXN07100,CUST0037,PROD069,3355.74,Credit Card,Success,2026-05-17
TXN07101,CUST1541,PROD052,6309.99,UPI,Success,2026-06-05
TXN07102,CUST0921,PROD011,8518.78,UPI,Failed,2026-03-25
TXN07103,CUST0571,PROD086,12869.53,Credit Card,Success,2026-06-19
TXN07104,CUST0766,PROD073,8284.6,Net Banking,Failed,2026-03-02
TXN07105,CUST0176,PROD029,2539.61,Wallet,Success,2026-06-17
TXN07106,CUST0747,PROD014,10350.62,Credit Card,Success,2026-01-20
TXN07107,CUST1654,PROD075,16105.92,Debit Card,Success,2026-01-07
TXN07108,CUST1217,PROD007,6216.5,Debit Card,Success,2026-07-07
TXN07109,CUST1226,PROD034,1387.67,Wallet,Success,2026-03-30
TXN07110,CUST0673,PROD013,12175.99,Wallet,Success,2026-02-27
TXN07111,CUST1860,PROD020,9991.37,UPI,Success,2026-05-25
TXN07112,CUST1275,PROD088,3378.58,Wallet,Failed,2026-07-22
TXN07113,CUST0112,PROD003,12547.89,Net Banking,Success,2026-08-05
TXN07114,CUST1312,PROD055,16571.93,UPI,Success,2026-05-14
TXN07115,CUST0632,PROD011,8692.21,Net Banking,Success,2026-06-13
TXN07116,CUST0197,PROD014,9642.77,Credit Card,Failed,2026-04-30
TXN07117,CUST0570,PROD021,19412.92,Net Banking,Success,2026-04-15
TXN07118,CUST1141,PROD004,6977.27,Debit Card,Failed,2026-05-13
TXN07119,CUST0315,PROD036,19978.8,Debit Card,Failed,2026-01-03
TXN07120,CUST1327,PROD062,9793.64,Wallet,Success,2026-06-25
TXN07121,CUST1438,PROD062,3697.46,UPI,Success,2026-01-02
TXN07122,CUST0121,PROD026,1853.55,Wallet,Success,2026-01-17
TXN07123,CUST0190,PROD058,7081.47,Wallet,Success,2026-05-23
TXN07124,CUST0365,PROD099,3216.15,Wallet,Success,2026-03-21
TXN07125,CUST1298,PROD060,8503.03,UPI,Failed,2026-06-15
TXN07126,CUST0554,PROD076,19312.26,Wallet,Success,2026-03-30
TXN07127,CUST0371,PROD047,1690.61,UPI,Success,2026-05-27
TXN07128,CUST0021,PROD018,17245.41,Net Banking,Success,2026-07-27
TXN07129,CUST0435,PROD034,18658.84,Credit Card,Success,2026-08-02
TXN07130,CUST0908,PROD097,9829.27,Net Banking,Success,2026-07-14
TXN07131,CUST1089,PROD042,11629.65,Credit Card,Success,2026-08-06
TXN07132,CUST1037,PROD023,4848.8,Debit Card,Success,2026-06-18
TXN07133,CUST0541,PROD026,13943.67,Wallet,Success,2026-03-07
TXN07134,CUST0188,PROD031,10547.23,UPI,Success,2026-01-02
TXN07135,CUST0642,PROD083,17182.35,Net Banking,Failed,2026-05-03
TXN07136,CUST0567,PROD100,2173.15,UPI,Success,2026-04-05
TXN07137,CUST1276,PROD070,15303.62,Debit Card,Success,2026-04-03
TXN07138,CUST0322,PROD027,9516.94,Wallet,Success,2026-01-04
TXN07139,CUST1249,PROD064,4995.82,Debit Card,Success,2026-04-29
TXN07140,CUST1671,PROD041,3163.14,Credit Card,Success,2026-07-03
TXN07141,CUST0571,PROD031,5172.08,UPI,Success,2026-02-07
TXN07142,CUST1166,PROD045,15994.08,Wallet,Success,2026-05-04
TXN07143,CUST0668,PROD056,3482.45,Net Banking,Success,2026-01-02
TXN07144,CUST1816,PROD029,7600.96,Net Banking,Success,2026-01-04
TXN07145,CUST1755,PROD089,6648.78,Wallet,Success,2026-03-25
TXN07146,CUST1830,PROD040,15682.13,Wallet,Success,2026-02-13
TXN07147,CUST0086,PROD061,17186.8,Credit Card,Failed,2026-05-19
TXN07148,CUST0777,PROD024,7433.22,Wallet,Success,2026-03-30
TXN07149,CUST1533,PROD024,11615.49,Net Banking,Success,2026-08-11
TXN07150,CUST1570,PROD055,17557.66,Debit Card,Failed,2026-02-10
TXN07151,CUST1950,PROD060,14534.18,UPI,Failed,2026-04-08
TXN07152,CUST0124,PROD048,7170.79,Credit Card,Success,2026-02-04
TXN07153,CUST0295,PROD097,4216.64,UPI,Success,2026-06-30
TXN07154,CUST0943,PROD048,17013.96,UPI,Success,2026-01-17
TXN07155,CUST0406,PROD018,12791.03,UPI,Success,2026-04-26
TXN07156,CUST1712,PROD039,15386.16,Debit Card,Success,2026-08-01
TXN07157,CUST0977,PROD044,15190.97,Wallet,Failed,2026-08-06
TXN07158,CUST1427,PROD087,8544.31,Net Banking,Success,2026-07-08
TXN07159,CUST0485,PROD057,19754.48,Wallet,Success,2026-05-31
TXN07160,CUST0017,PROD068,814.29,Debit Card,Success,2026-07-27
TXN07161,CUST1037,PROD024,10884.56,Wallet,Success,2026-05-30
TXN07162,CUST1635,PROD023,14148.2,Credit Card,Failed,2026-06-17
TXN07163,CUST0800,PROD043,9167.44,Debit Card,Success,2026-07-11
TXN07164,CUST1556,PROD083,9837.07,Net Banking,Success,2026-07-14
TXN07165,CUST1652,PROD037,6777.07,Debit Card,Success,2026-02-10
TXN07166,CUST0317,PROD022,3233.2,Credit Card,Success,2026-05-19
TXN07167,CUST1581,PROD053,16656.2,Debit Card,Success,2026-06-23
TXN07168,CUST1205,PROD073,13806.92,UPI,Success,2026-04-09
TXN07169,CUST1061,PROD008,9061.85,Net Banking,Success,2026-05-24
TXN07170,CUST1876,PROD094,8763.95,Credit Card,Failed,2026-06-01
TXN07171,CUST1227,PROD034,6929.41,Net Banking,Failed,2026-01-10
TXN07172,CUST0409,PROD067,14464.75,Credit Card,Success,2026-06-07
TXN07173,CUST0781,PROD019,19492.28,Net Banking,Success,2026-05-13
TXN07174,CUST0627,PROD089,3873.71,Debit Card,Success,2026-05-10
TXN07175,CUST1629,PROD014,15053.96,Net Banking,Success,2026-03-04
TXN07176,CUST1299,PROD002,7333.82,Debit Card,Success,2026-06-03
TXN07177,CUST1870,PROD023,6456.37,Wallet,Success,2026-01-09
TXN07178,CUST1257,PROD039,1651.7,Debit Card,Success,2026-02-24
TXN07179,CUST1121,PROD068,11016.71,UPI,Failed,2026-05-30
TXN07180,CUST1822,PROD066,15241.98,Net Banking,Success,2026-05-13
TXN07181,CUST1076,PROD009,2016.89,UPI,Success,2026-08-18
TXN07182,CUST0204,PROD037,11997.62,Credit Card,Success,2026-02-14
TXN07183,CUST0053,PROD032,15643.15,Wallet,Success,2026-04-16
TXN07184,CUST1040,PROD084,6807.14,Wallet,Success,2026-05-23
TXN07185,CUST0535,PROD099,5585.5,Net Banking,Success,2026-07-25
TXN07186,CUST1597,PROD015,16840.18,Net Banking,Success,2026-02-14
TXN07187,CUST1016,PROD054,4405.79,Credit Card,Success,2026-05-24
TXN07188,CUST1465,PROD076,1703.28,UPI,Success,2026-05-10
TXN07189,CUST0478,PROD066,17859.77,Credit Card,Success,2026-06-28
TXN07190,CUST1580,PROD076,19670.8,Net Banking,Success,2026-05-26
TXN07191,CUST1964,PROD099,7640.85,Debit Card,Success,2026-07-03
TXN07192,CUST0241,PROD072,2606.28,UPI,Success,2026-07-14
TXN07193,CUST1661,PROD068,16994.92,Debit Card,Success,2026-05-01
TXN07194,CUST0341,PROD077,2011.62,Credit Card,Success,2026-06-27
TXN07195,CUST0252,PROD021,19297.57,Wallet,Success,2026-04-02
TXN07196,CUST0634,PROD050,345.93,Credit Card,Success,2026-01-15
TXN07197,CUST0219,PROD018,1628.89,UPI,Success,2026-05-16
TXN07198,CUST1611,PROD097,535.84,Credit Card,Success,2026-02-15
TXN07199,CUST1012,PROD041,10612.48,UPI,Success,2026-05-22
TXN07200,CUST1092,PROD041,12298.46,UPI,Success,2026-02-12
TXN07201,CUST0448,PROD004,17169.3,Net Banking,Success,2026-01-30
TXN07202,CUST0267,PROD059,3515.8,UPI,Failed,2026-04-12
TXN07203,CUST1820,PROD073,2237.86,Debit Card,Success,2026-05-28
TXN07204,CUST0199,PROD006,568.33,UPI,Success,2026-08-19
TXN07205,CUST1233,PROD085,16810.45,Debit Card,Success,2026-07-13
TXN07206,CUST0462,PROD051,17375.34,Credit Card,Success,2026-02-13
TXN07207,CUST1113,PROD084,556.5,Net Banking,Success,2026-02-25
TXN07208,CUST0362,PROD004,17041.32,Wallet,Success,2026-06-17
TXN07209,CUST1706,PROD077,6372.37,Debit Card,Success,2026-01-20
TXN07210,CUST1262,PROD050,1830.83,Credit Card,Success,2026-06-30
TXN07211,CUST0074,PROD060,10007.56,Net Banking,Success,2026-08-17
TXN07212,CUST0075,PROD081,14911.23,UPI,Failed,2026-04-04
TXN07213,CUST1958,PROD071,342.57,Credit Card,Success,2026-07-08
TXN07214,CUST0469,PROD031,19219.7,UPI,Success,2026-04-03
TXN07215,CUST1956,PROD052,14263.09,Credit Card,Success,2026-04-18
TXN07216,CUST1996,PROD009,906.21,Wallet,Success,2026-08-04
TXN07217,CUST0774,PROD016,9809.92,Debit Card,Success,2026-01-10
TXN07218,CUST1660,PROD094,18962.67,Credit Card,Success,2026-01-26
TXN07219,CUST1347,PROD017,780.5,Net Banking,Success,2026-04-12
TXN07220,CUST0113,PROD076,16731.13,Credit Card,Success,2026-07-31
TXN07221,CUST1998,PROD001,9659.63,Credit Card,Success,2026-01-24
TXN07222,CUST1162,PROD081,13669.44,Debit Card,Success,2026-04-17
TXN07223,CUST0485,PROD073,1187.78,Net Banking,Success,2026-07-23
TXN07224,CUST1354,PROD067,19127.57,Net Banking,Success,2026-04-03
TXN07225,CUST0411,PROD029,12179.24,Debit Card,Failed,2026-05-31
TXN07226,CUST0040,PROD090,430.95,Wallet,Success,2026-07-23
TXN07227,CUST0209,PROD051,3003.94,Net Banking,Success,2026-04-07
TXN07228,CUST0090,PROD012,14324.69,Wallet,Success,2026-04-21
TXN07229,CUST1328,PROD016,5506.2,UPI,Success,2026-04-03
TXN07230,CUST0462,PROD074,5262.35,Debit Card,Success,2026-06-12
TXN07231,CUST1047,PROD092,13575.28,Debit Card,Success,2026-07-03
TXN07232,CUST1762,PROD096,5893.97,UPI,Success,2026-02-11
TXN07233,CUST1029,PROD014,15302.99,UPI,Success,2026-06-03
TXN07234,CUST0438,PROD022,243.37,Debit Card,Success,2026-04-07
TXN07235,CUST1229,PROD067,11041.44,UPI,Success,2026-06-04
TXN07236,CUST1524,PROD003,16892.87,Net Banking,Success,2026-01-29
TXN07237,CUST0067,PROD059,19386.91,Wallet,Success,2026-01-31
TXN07238,CUST0799,PROD060,9568.58,UPI,Success,2026-04-01
TXN07239,CUST0822,PROD013,17730.86,Credit Card,Success,2026-06-15
TXN07240,CUST1380,PROD082,18168.04,Debit Card,Success,2026-06-10
TXN07241,CUST1502,PROD078,13542.59,Net Banking,Failed,2026-03-30
TXN07242,CUST1802,PROD096,17433.81,Net Banking,Success,2026-05-23
TXN07243,CUST0021,PROD019,17787.61,Wallet,Success,2026-03-07
TXN07244,CUST0165,PROD004,16602.42,Debit Card,Success,2026-04-09
TXN07245,CUST0583,PROD063,7656.58,UPI,Success,2026-03-17
TXN07246,CUST0597,PROD019,14507.13,Net Banking,Success,2026-07-01
TXN07247,CUST1406,PROD075,18725.01,Debit Card,Success,2026-03-17
TXN07248,CUST0132,PROD038,7393.89,Debit Card,Success,2026-04-05
TXN07249,CUST1961,PROD072,19226.65,Credit Card,Failed,2026-01-13
TXN07250,CUST1839,PROD003,19605.24,Wallet,Success,2026-07-04
TXN07251,CUST0625,PROD061,4076.83,Net Banking,Success,2026-03-22
TXN07252,CUST0277,PROD058,13820.96,Debit Card,Success,2026-06-01
TXN07253,CUST0846,PROD081,2038.15,Wallet,Success,2026-07-20
TXN07254,CUST1159,PROD067,18820.15,Debit Card,Success,2026-03-08
TXN07255,CUST1321,PROD067,2505.27,Net Banking,Success,2026-07-01
TXN07256,CUST0906,PROD006,3187.2,Net Banking,Success,2026-02-20
TXN07257,CUST0901,PROD038,2424.45,Net Banking,Success,2026-01-16
TXN07258,CUST0343,PROD023,7387.51,Debit Card,Success,2026-03-27
TXN07259,CUST1354,PROD085,1789.17,UPI,Success,2026-03-07
TXN07260,CUST0863,PROD024,19880.31,UPI,Failed,2026-05-20
TXN07261,CUST0710,PROD039,18536.88,Debit Card,Success,2026-05-06
TXN07262,CUST1391,PROD005,2105.05,Net Banking,Failed,2026-03-05
TXN07263,CUST0075,PROD045,15472.91,Wallet,Success,2026-03-10
TXN07264,CUST1134,PROD015,9023.1,Credit Card,Success,2026-06-07
TXN07265,CUST1547,PROD079,14909.32,UPI,Success,2026-06-08
TXN07266,CUST1559,PROD098,17808.01,Credit Card,Failed,2026-05-20
TXN07267,CUST0867,PROD084,13286.99,Net Banking,Success,2026-04-01
TXN07268,CUST0280,PROD008,15672.53,Debit Card,Success,2026-04-08
TXN07269,CUST0569,PROD093,8294.11,Net Banking,Success,2026-05-03
TXN07270,CUST0950,PROD072,16368.59,Credit Card,Success,2026-04-08
TXN07271,CUST1842,PROD007,11190.6,UPI,Success,2026-04-01
TXN07272,CUST1329,PROD040,5106.7,Wallet,Failed,2026-08-01
TXN07273,CUST1157,PROD020,7252.41,UPI,Failed,2026-08-14
TXN07274,CUST1186,PROD022,10389.9,UPI,Success,2026-01-31
TXN07275,CUST1067,PROD045,12647.13,UPI,Success,2026-07-15
TXN07276,CUST0489,PROD068,13588.45,Debit Card,Success,2026-02-09
TXN07277,CUST0289,PROD002,5073.08,Wallet,Success,2026-06-22
TXN07278,CUST0691,PROD073,2532.85,UPI,Failed,2026-07-15
TXN07279,CUST1622,PROD068,899.4,Credit Card,Failed,2026-03-31
TXN07280,CUST1754,PROD027,16224.56,UPI,Success,2026-07-17
TXN07281,CUST0399,PROD002,19421.02,Credit Card,Success,2026-05-06
TXN07282,CUST1504,PROD086,10917.1,UPI,Success,2026-07-27
TXN07283,CUST1152,PROD068,5932.28,Net Banking,Success,2026-01-27
TXN07284,CUST0951,PROD052,11930.92,UPI,Failed,2026-06-28
TXN07285,CUST1772,PROD083,2635.78,Debit Card,Success,2026-01-05
TXN07286,CUST1730,PROD063,17646.78,Net Banking,Success,2026-05-29
TXN07287,CUST1233,PROD046,19569.74,Debit Card,Success,2026-03-17
TXN07288,CUST1918,PROD091,5691.46,Net Banking,Failed,2026-08-06
TXN07289,CUST1933,PROD015,17814.62,Wallet,Success,2026-03-05
TXN07290,CUST1636,PROD056,9522.32,Debit Card,Success,2026-05-22
TXN07291,CUST0239,PROD099,13898.19,Debit Card,Success,2026-06-12
TXN07292,CUST0847,PROD064,8607.29,Wallet,Success,2026-03-22
TXN07293,CUST1280,PROD021,11351.28,Net Banking,Success,2026-02-16
TXN07294,CUST0337,PROD092,9622.18,Debit Card,Success,2026-02-12
TXN07295,CUST1002,PROD097,1049.23,Wallet,Success,2026-06-23
TXN07296,CUST1170,PROD086,19768.2,Net Banking,Success,2026-03-25
TXN07297,CUST1567,PROD042,13728.09,Debit Card,Success,2026-01-28
TXN07298,CUST1404,PROD030,6302.18,Net Banking,Success,2026-01-06
TXN07299,CUST1062,PROD084,17147.31,Wallet,Failed,2026-02-08
TXN07300,CUST0910,PROD050,16251.06,UPI,Success,2026-05-21
TXN07301,CUST0069,PROD046,16244.93,UPI,Failed,2026-06-10
TXN07302,CUST0212,PROD061,15890.31,Debit Card,Success,2026-02-10
TXN07303,CUST1773,PROD031,8669.65,Net Banking,Success,2026-03-03
TXN07304,CUST1493,PROD085,4457.41,Wallet,Success,2026-03-05
TXN07305,CUST0138,PROD028,19405.77,Debit Card,Success,2026-05-15
TXN07306,CUST0589,PROD010,3931.16,Net Banking,Success,2026-08-09
TXN07307,CUST1649,PROD056,15042.31,Net Banking,Success,2026-02-06
TXN07308,CUST0134,PROD014,14860.84,Net Banking,Success,2026-03-15
TXN07309,CUST1895,PROD022,698.41,Debit Card,Success,2026-02-22
TXN07310,CUST1104,PROD062,17739.36,Credit Card,Success,2026-07-12
TXN07311,CUST0640,PROD016,5755.3,Debit Card,Success,2026-03-24
TXN07312,CUST1784,PROD040,9150.87,UPI,Success,2026-02-19
TXN07313,CUST1595,PROD051,10334.74,Wallet,Success,2026-03-25
TXN07314,CUST0829,PROD052,4781.61,UPI,Success,2026-06-13
TXN07315,CUST1118,PROD083,10549.13,Debit Card,Success,2026-06-04
TXN07316,CUST1124,PROD025,1097.88,Wallet,Success,2026-03-18
TXN07317,CUST0971,PROD065,14768.84,UPI,Success,2026-08-16
TXN07318,CUST0765,PROD056,393.52,UPI,Success,2026-05-16
TXN07319,CUST1838,PROD009,10263.46,UPI,Success,2026-06-08
TXN07320,CUST0577,PROD037,18970.48,Credit Card,Failed,2026-07-26
TXN07321,CUST1080,PROD022,8758.16,Credit Card,Success,2026-04-30
TXN07322,CUST1419,PROD049,872.89,Wallet,Success,2026-07-27
TXN07323,CUST0446,PROD098,16205.52,Credit Card,Success,2026-08-02
TXN07324,CUST0537,PROD073,4063.91,Wallet,Success,2026-01-24
TXN07325,CUST0390,PROD058,18235.8,Credit Card,Failed,2026-07-15
TXN07326,CUST1512,PROD026,10497.94,Debit Card,Success,2026-01-02
TXN07327,CUST0014,PROD084,4738.34,Wallet,Success,2026-07-18
TXN07328,CUST0568,PROD073,2416.51,Net Banking,Success,2026-01-21
TXN07329,CUST1004,PROD053,5250.42,Net Banking,Success,2026-02-17
TXN07330,CUST1149,PROD089,19482.69,UPI,Success,2026-05-23
TXN07331,CUST1798,PROD030,18531.66,Credit Card,Success,2026-05-02
TXN07332,CUST1302,PROD063,16234.65,Wallet,Success,2026-07-19
TXN07333,CUST1144,PROD010,7402.82,Credit Card,Failed,2026-08-18
TXN07334,CUST0380,PROD047,13829.83,Credit Card,Success,2026-05-17
TXN07335,CUST1910,PROD023,1949.78,Net Banking,Success,2026-04-12
TXN07336,CUST0836,PROD007,13102.94,Wallet,Success,2026-03-04
TXN07337,CUST0149,PROD093,9576.51,Net Banking,Success,2026-05-14
TXN07338,CUST0028,PROD020,10315.82,Wallet,Success,2026-03-21
TXN07339,CUST0967,PROD021,8390.02,Debit Card,Failed,2026-06-26
TXN07340,CUST1043,PROD010,275.25,UPI,Success,2026-06-27
TXN07341,CUST1204,PROD012,8465.49,UPI,Success,2026-05-18
TXN07342,CUST1088,PROD066,13450.16,Wallet,Success,2026-04-24
TXN07343,CUST1233,PROD083,10892.93,Wallet,Success,2026-06-12
TXN07344,CUST1929,PROD097,19911.7,Wallet,Success,2026-07-18
TXN07345,CUST1978,PROD024,15785.51,Wallet,Success,2026-06-15
TXN07346,CUST0561,PROD055,11529.02,Wallet,Success,2026-03-05
TXN07347,CUST0502,PROD100,8550.53,Credit Card,Success,2026-05-13
TXN07348,CUST1939,PROD100,3651.82,Credit Card,Success,2026-04-23
TXN07349,CUST1668,PROD066,8403.61,UPI,Success,2026-08-09
TXN07350,CUST0885,PROD087,16662.8,Credit Card,Success,2026-07-19
TXN07351,CUST0107,PROD089,7898.3,UPI,Success,2026-05-22
TXN07352,CUST1391,PROD074,5732.88,UPI,Success,2026-05-06
TXN07353,CUST0568,PROD091,19675.77,Credit Card,Failed,2026-08-06
TXN07354,CUST1818,PROD001,5255.4,UPI,Success,2026-04-23
TXN07355,CUST0077,PROD072,4190.61,Credit Card,Success,2026-04-18
TXN07356,CUST1124,PROD058,6289.9,Net Banking,Success,2026-03-26
TXN07357,CUST0439,PROD058,10981.86,Net Banking,Success,2026-05-23
TXN07358,CUST0983,PROD029,16099.09,Net Banking,Success,2026-02-03
TXN07359,CUST1985,PROD053,701.61,Credit Card,Failed,2026-04-17
TXN07360,CUST1795,PROD084,13794.37,UPI,Success,2026-06-13
TXN07361,CUST0835,PROD072,11466.42,UPI,Success,2026-05-30
TXN07362,CUST0737,PROD099,9595.45,Net Banking,Failed,2026-01-20
TXN07363,CUST1124,PROD033,12959.44,Net Banking,Success,2026-08-16
TXN07364,CUST1908,PROD091,5024.93,Net Banking,Success,2026-03-05
TXN07365,CUST0853,PROD100,1895.33,Wallet,Success,2026-08-09
TXN07366,CUST0725,PROD029,6984.54,Net Banking,Success,2026-04-26
TXN07367,CUST1822,PROD068,7371.39,Wallet,Success,2026-02-05
TXN07368,CUST1976,PROD044,10201.01,UPI,Failed,2026-04-16
TXN07369,CUST1993,PROD088,18590.68,Credit Card,Success,2026-05-12
TXN07370,CUST0598,PROD040,10918.27,Credit Card,Success,2026-05-25
TXN07371,CUST1554,PROD080,17756.43,UPI,Success,2026-04-07
TXN07372,CUST0268,PROD035,5486.18,Credit Card,Success,2026-01-02
TXN07373,CUST1706,PROD050,10031.33,Credit Card,Success,2026-01-16
TXN07374,CUST0982,PROD067,3626.55,Wallet,Failed,2026-03-27
TXN07375,CUST1120,PROD010,18280.14,UPI,Success,2026-07-14
TXN07376,CUST1972,PROD030,8875.54,Credit Card,Success,2026-04-16
TXN07377,CUST1207,PROD038,250.57,Wallet,Success,2026-08-02
TXN07378,CUST0623,PROD028,9918.77,Credit Card,Success,2026-01-24
TXN07379,CUST1252,PROD071,18768.73,Net Banking,Success,2026-05-12
TXN07380,CUST0654,PROD016,500.56,UPI,Failed,2026-04-16
TXN07381,CUST1691,PROD076,9357.86,Net Banking,Failed,2026-01-01
TXN07382,CUST0424,PROD080,15855.92,UPI,Success,2026-06-23
TXN07383,CUST0262,PROD080,6219.01,Net Banking,Success,2026-02-12
TXN07384,CUST1205,PROD038,3795.89,UPI,Success,2026-08-19
TXN07385,CUST1818,PROD052,7594.91,Debit Card,Success,2026-04-04
TXN07386,CUST0973,PROD039,10524.26,Credit Card,Failed,2026-02-24
TXN07387,CUST0146,PROD002,13772.62,Net Banking,Success,2026-06-20
TXN07388,CUST1607,PROD044,8007.03,Debit Card,Success,2026-08-12
TXN07389,CUST0981,PROD027,10562.74,Debit Card,Success,2026-06-10
TXN07390,CUST0105,PROD074,8213.59,UPI,Success,2026-07-19
TXN07391,CUST1901,PROD049,16595.35,UPI,Success,2026-04-15
TXN07392,CUST0397,PROD011,8922.0,UPI,Success,2026-04-14
TXN07393,CUST0601,PROD038,13933.66,Wallet,Success,2026-04-07
TXN07394,CUST1439,PROD076,2009.78,Debit Card,Success,2026-01-22
TXN07395,CUST0472,PROD098,13871.38,Net Banking,Failed,2026-08-13
TXN07396,CUST1998,PROD058,6697.19,Debit Card,Success,2026-03-27
TXN07397,CUST0806,PROD003,7813.21,Debit Card,Success,2026-02-18
TXN07398,CUST0856,PROD003,7579.89,Wallet,Failed,2026-03-02
TXN07399,CUST0323,PROD081,6343.85,Wallet,Success,2026-06-30
TXN07400,CUST1206,PROD052,7667.9,Wallet,Success,2026-01-13
TXN07401,CUST1053,PROD060,15204.41,Wallet,Success,2026-05-13
TXN07402,CUST0591,PROD014,5924.7,Credit Card,Success,2026-01-06
TXN07403,CUST0457,PROD040,10623.57,Debit Card,Success,2026-03-08
TXN07404,CUST0283,PROD096,7928.77,Credit Card,Success,2026-05-25
TXN07405,CUST1255,PROD008,17345.69,Wallet,Success,2026-02-10
TXN07406,CUST1801,PROD003,12093.08,Debit Card,Success,2026-06-26
TXN07407,CUST0442,PROD009,13792.85,Credit Card,Success,2026-01-22
TXN07408,CUST1741,PROD092,6606.13,Net Banking,Failed,2026-08-01
TXN07409,CUST1251,PROD077,804.99,Net Banking,Success,2026-01-11
TXN07410,CUST0702,PROD052,7869.76,Wallet,Success,2026-08-07
TXN07411,CUST0269,PROD032,1336.54,Credit Card,Success,2026-06-14
TXN07412,CUST0714,PROD058,17297.66,Net Banking,Success,2026-02-20
TXN07413,CUST1326,PROD088,7531.74,UPI,Success,2026-07-21
TXN07414,CUST0203,PROD031,8098.93,Net Banking,Success,2026-04-27
TXN07415,CUST0997,PROD078,7353.17,Credit Card,Success,2026-05-29
TXN07416,CUST1474,PROD017,5571.93,Net Banking,Success,2026-06-03
TXN07417,CUST0447,PROD060,1775.39,Net Banking,Success,2026-04-18
TXN07418,CUST0673,PROD100,9140.72,Credit Card,Success,2026-01-31
TXN07419,CUST1716,PROD078,6253.63,UPI,Success,2026-03-09
TXN07420,CUST1103,PROD091,12566.67,Debit Card,Success,2026-06-26
TXN07421,CUST0417,PROD072,18530.15,Credit Card,Success,2026-05-16
TXN07422,CUST1722,PROD076,9048.06,Debit Card,Success,2026-05-27
TXN07423,CUST0483,PROD087,7895.33,Debit Card,Failed,2026-05-05
TXN07424,CUST1067,PROD055,16855.34,Wallet,Success,2026-06-04
TXN07425,CUST1234,PROD002,10483.37,Wallet,Success,2026-05-03
TXN07426,CUST0476,PROD073,18275.66,UPI,Failed,2026-03-18
TXN07427,CUST1419,PROD031,6606.33,Wallet,Success,2026-01-10
TXN07428,CUST1250,PROD007,13802.57,Debit Card,Success,2026-07-22
TXN07429,CUST0956,PROD036,3887.9,Net Banking,Success,2026-01-14
TXN07430,CUST0742,PROD039,5599.35,Credit Card,Success,2026-07-05
TXN07431,CUST1149,PROD053,1462.13,Debit Card,Success,2026-06-04
TXN07432,CUST0943,PROD084,3429.57,Debit Card,Success,2026-05-02
TXN07433,CUST0935,PROD041,19606.83,Wallet,Success,2026-08-12
TXN07434,CUST1252,PROD016,18645.26,UPI,Success,2026-04-08
TXN07435,CUST0920,PROD070,3533.13,UPI,Success,2026-05-24
TXN07436,CUST0644,PROD053,10559.25,Wallet,Success,2026-06-03
TXN07437,CUST1385,PROD003,11284.61,Debit Card,Failed,2026-06-15
TXN07438,CUST1014,PROD062,9289.21,Net Banking,Success,2026-08-17
TXN07439,CUST0061,PROD014,3989.51,Wallet,Success,2026-06-17
TXN07440,CUST1717,PROD077,12632.87,Net Banking,Success,2026-03-24
TXN07441,CUST1716,PROD079,18620.51,Debit Card,Success,2026-05-03
TXN07442,CUST1669,PROD032,2021.41,Net Banking,Success,2026-05-03
TXN07443,CUST1063,PROD052,3789.66,Net Banking,Failed,2026-04-15
TXN07444,CUST0843,PROD009,8194.34,Credit Card,Failed,2026-03-01
TXN07445,CUST0804,PROD027,15864.19,Credit Card,Success,2026-01-31
TXN07446,CUST1922,PROD026,3019.79,Net Banking,Success,2026-07-24
TXN07447,CUST0621,PROD088,16421.42,Net Banking,Success,2026-05-13
TXN07448,CUST0056,PROD079,5206.72,Debit Card,Success,2026-04-12
TXN07449,CUST1162,PROD063,9159.67,Debit Card,Success,2026-07-19
TXN07450,CUST0808,PROD039,5526.68,Credit Card,Success,2026-07-25
TXN07451,CUST1978,PROD073,13066.82,UPI,Success,2026-03-15
TXN07452,CUST0224,PROD084,9408.53,UPI,Failed,2026-02-13
TXN07453,CUST1336,PROD005,16987.31,Credit Card,Failed,2026-06-29
TXN07454,CUST1262,PROD032,17955.32,Credit Card,Failed,2026-05-10
TXN07455,CUST0019,PROD004,15839.16,Credit Card,Success,2026-05-31
TXN07456,CUST0728,PROD032,17198.15,UPI,Success,2026-03-24
TXN07457,CUST1297,PROD046,8107.86,Wallet,Success,2026-04-20
TXN07458,CUST1227,PROD006,959.29,Wallet,Success,2026-01-21
TXN07459,CUST1796,PROD028,3925.25,Debit Card,Success,2026-07-21
TXN07460,CUST1651,PROD039,488.7,UPI,Success,2026-03-11
TXN07461,CUST1306,PROD059,6675.67,Debit Card,Success,2026-06-26
TXN07462,CUST0947,PROD055,10441.94,UPI,Success,2026-08-05
TXN07463,CUST0984,PROD058,16320.61,Wallet,Success,2026-07-06
TXN07464,CUST1648,PROD031,4678.76,Debit Card,Success,2026-08-01
TXN07465,CUST1923,PROD079,6352.12,UPI,Success,2026-02-09
TXN07466,CUST1130,PROD035,5278.65,Net Banking,Success,2026-03-24
TXN07467,CUST1973,PROD049,1862.69,Credit Card,Failed,2026-08-11
TXN07468,CUST1723,PROD092,15472.33,Net Banking,Success,2026-01-14
TXN07469,CUST0134,PROD002,4433.35,Debit Card,Success,2026-05-17
TXN07470,CUST1304,PROD084,18769.77,Credit Card,Success,2026-05-05
TXN07471,CUST1308,PROD053,7498.32,Credit Card,Success,2026-02-05
TXN07472,CUST1300,PROD055,7515.21,Debit Card,Success,2026-08-17
TXN07473,CUST0880,PROD096,1458.24,UPI,Success,2026-07-29
TXN07474,CUST1559,PROD098,10924.53,Net Banking,Success,2026-07-08
TXN07475,CUST1384,PROD023,8824.75,UPI,Success,2026-03-19
TXN07476,CUST1788,PROD078,18880.25,Wallet,Failed,2026-07-12
TXN07477,CUST0355,PROD091,19716.19,Wallet,Success,2026-08-18
TXN07478,CUST1829,PROD039,13657.02,Debit Card,Success,2026-07-31
TXN07479,CUST0696,PROD082,5390.55,Debit Card,Success,2026-02-16
TXN07480,CUST0257,PROD069,13433.36,UPI,Success,2026-04-19
TXN07481,CUST1421,PROD066,1876.22,Credit Card,Failed,2026-07-14
TXN07482,CUST0582,PROD092,9201.48,UPI,Success,2026-03-27
TXN07483,CUST1514,PROD098,5294.84,Net Banking,Success,2026-01-12
TXN07484,CUST1267,PROD012,10159.22,Debit Card,Success,2026-07-08
TXN07485,CUST0767,PROD090,17563.36,Credit Card,Success,2026-08-15
TXN07486,CUST0107,PROD098,7046.2,Debit Card,Success,2026-03-22
TXN07487,CUST1460,PROD045,1745.98,Net Banking,Failed,2026-01-16
TXN07488,CUST0048,PROD085,12621.22,UPI,Success,2026-04-21
TXN07489,CUST1279,PROD093,7105.81,Net Banking,Success,2026-06-01
TXN07490,CUST1310,PROD057,3279.58,UPI,Success,2026-03-03
TXN07491,CUST0244,PROD041,10795.87,Debit Card,Success,2026-04-07
TXN07492,CUST1979,PROD098,11999.48,Debit Card,Success,2026-03-06
TXN07493,CUST1121,PROD003,13821.52,UPI,Success,2026-03-07
TXN07494,CUST1197,PROD022,15636.61,Credit Card,Success,2026-07-07
TXN07495,CUST1178,PROD046,18694.94,Net Banking,Failed,2026-01-13
TXN07496,CUST1017,PROD032,498.83,Debit Card,Success,2026-08-07
TXN07497,CUST1192,PROD004,17012.82,Debit Card,Success,2026-03-03
TXN07498,CUST1937,PROD024,14970.98,Net Banking,Success,2026-02-10
TXN07499,CUST0052,PROD043,13690.86,Debit Card,Success,2026-07-16
TXN07500,CUST1924,PROD093,19855.32,Credit Card,Failed,2026-07-29
TXN07501,CUST0618,PROD078,10056.95,Debit Card,Success,2026-04-09
TXN07502,CUST1119,PROD089,4548.88,Credit Card,Failed,2026-07-27
TXN07503,CUST0498,PROD078,11692.94,Credit Card,Success,2026-03-16
TXN07504,CUST0061,PROD075,13704.37,Wallet,Failed,2026-01-21
TXN07505,CUST1042,PROD046,15284.81,Net Banking,Failed,2026-05-21
TXN07506,CUST1887,PROD024,15747.21,UPI,Failed,2026-05-16
TXN07507,CUST0697,PROD062,3766.18,Wallet,Success,2026-08-11
TXN07508,CUST1237,PROD058,10464.96,UPI,Failed,2026-01-04
TXN07509,CUST1234,PROD072,8756.86,Wallet,Failed,2026-04-03
TXN07510,CUST0599,PROD052,15166.27,UPI,Success,2026-06-12
TXN07511,CUST1544,PROD038,6961.16,Credit Card,Success,2026-04-18
TXN07512,CUST1391,PROD096,7668.34,UPI,Success,2026-04-30
TXN07513,CUST1869,PROD021,9060.68,Wallet,Success,2026-05-17
TXN07514,CUST0731,PROD067,9149.58,UPI,Failed,2026-03-26
TXN07515,CUST1131,PROD005,13357.71,Net Banking,Success,2026-01-09
TXN07516,CUST1815,PROD085,18143.94,Debit Card,Success,2026-01-12
TXN07517,CUST1625,PROD075,18241.97,Net Banking,Success,2026-08-15
TXN07518,CUST0427,PROD075,613.22,Debit Card,Failed,2026-04-13
TXN07519,CUST0515,PROD062,19913.1,Wallet,Success,2026-02-18
TXN07520,CUST0085,PROD020,6097.87,Debit Card,Success,2026-07-23
TXN07521,CUST0027,PROD088,9657.77,UPI,Failed,2026-06-12
TXN07522,CUST0991,PROD011,18196.73,Wallet,Success,2026-06-17
TXN07523,CUST0248,PROD009,3781.31,Credit Card,Success,2026-07-13
TXN07524,CUST1001,PROD024,12286.4,UPI,Success,2026-06-16
TXN07525,CUST1267,PROD081,5202.96,Net Banking,Success,2026-02-02
TXN07526,CUST1308,PROD100,19642.16,Net Banking,Success,2026-04-17
TXN07527,CUST0991,PROD009,19822.02,Wallet,Success,2026-05-06
TXN07528,CUST0710,PROD024,8970.76,Debit Card,Success,2026-04-18
TXN07529,CUST1436,PROD091,693.8,UPI,Success,2026-03-05
TXN07530,CUST0024,PROD084,302.28,Net Banking,Success,2026-07-08
TXN07531,CUST1302,PROD068,4579.89,Debit Card,Success,2026-01-24
TXN07532,CUST1165,PROD006,1376.42,Debit Card,Success,2026-05-07
TXN07533,CUST1654,PROD095,7787.06,Debit Card,Success,2026-04-07
TXN07534,CUST1945,PROD005,11086.83,Debit Card,Success,2026-01-07
TXN07535,CUST1140,PROD085,4855.8,Net Banking,Success,2026-04-12
TXN07536,CUST0435,PROD017,17055.79,Net Banking,Success,2026-03-18
TXN07537,CUST0576,PROD061,2490.49,UPI,Success,2026-04-08
TXN07538,CUST0126,PROD056,9193.58,Credit Card,Success,2026-06-14
TXN07539,CUST1860,PROD059,10661.6,Wallet,Success,2026-08-15
TXN07540,CUST0149,PROD033,2620.53,UPI,Success,2026-01-31
TXN07541,CUST0941,PROD021,16165.12,Wallet,Success,2026-01-07
TXN07542,CUST0965,PROD080,16237.04,Wallet,Success,2026-08-01
TXN07543,CUST1488,PROD014,13174.99,UPI,Success,2026-04-27
TXN07544,CUST1572,PROD051,5574.19,Net Banking,Success,2026-06-13
TXN07545,CUST1105,PROD081,7533.22,Debit Card,Success,2026-07-13
TXN07546,CUST1214,PROD003,17750.72,Credit Card,Success,2026-07-26
TXN07547,CUST1288,PROD060,17439.55,Wallet,Success,2026-03-23
TXN07548,CUST1574,PROD063,18646.99,UPI,Failed,2026-01-22
TXN07549,CUST1559,PROD080,14379.35,Credit Card,Success,2026-05-30
TXN07550,CUST1084,PROD037,10890.69,Net Banking,Success,2026-08-07
TXN07551,CUST0333,PROD028,15464.07,UPI,Success,2026-05-18
TXN07552,CUST0647,PROD028,4033.21,Credit Card,Success,2026-08-13
TXN07553,CUST0541,PROD079,16392.98,UPI,Success,2026-02-14
TXN07554,CUST1739,PROD005,242.47,Net Banking,Success,2026-02-09
TXN07555,CUST0716,PROD044,5385.45,Credit Card,Failed,2026-03-30
TXN07556,CUST0890,PROD038,15840.06,Net Banking,Success,2026-01-23
TXN07557,CUST1084,PROD018,6961.68,Net Banking,Success,2026-01-27
TXN07558,CUST1680,PROD082,4205.98,Debit Card,Failed,2026-02-19
TXN07559,CUST0336,PROD012,9599.06,Net Banking,Success,2026-02-14
TXN07560,CUST1404,PROD032,17338.39,UPI,Success,2026-05-20
TXN07561,CUST1134,PROD082,19782.99,Wallet,Failed,2026-01-04
TXN07562,CUST1462,PROD055,17634.75,UPI,Success,2026-01-21
TXN07563,CUST1581,PROD048,10141.93,Debit Card,Success,2026-03-19
TXN07564,CUST0124,PROD051,19635.14,Net Banking,Success,2026-06-24
TXN07565,CUST0260,PROD012,2178.49,UPI,Success,2026-04-24
TXN07566,CUST1058,PROD014,215.66,UPI,Success,2026-05-16
TXN07567,CUST0852,PROD055,19488.69,Credit Card,Success,2026-04-05
TXN07568,CUST0684,PROD020,18655.79,Credit Card,Success,2026-05-04
TXN07569,CUST0235,PROD010,447.4,UPI,Success,2026-07-15
TXN07570,CUST1094,PROD053,10614.4,Debit Card,Success,2026-04-21
TXN07571,CUST1512,PROD040,2196.83,Credit Card,Success,2026-05-02
TXN07572,CUST1792,PROD078,16830.21,Wallet,Failed,2026-04-20
TXN07573,CUST0688,PROD025,12788.77,Credit Card,Success,2026-03-16
TXN07574,CUST0354,PROD041,9295.44,Wallet,Failed,2026-04-08
TXN07575,CUST1710,PROD073,12873.57,Net Banking,Success,2026-05-06
TXN07576,CUST1394,PROD074,7603.76,Net Banking,Success,2026-04-10
TXN07577,CUST0460,PROD093,3389.5,Credit Card,Success,2026-06-21
TXN07578,CUST1515,PROD004,2177.01,UPI,Failed,2026-06-23
TXN07579,CUST0723,PROD092,13000.34,Net Banking,Success,2026-01-16
TXN07580,CUST0720,PROD083,19912.74,Wallet,Failed,2026-01-25
TXN07581,CUST1938,PROD049,14622.22,Credit Card,Success,2026-06-11
TXN07582,CUST0458,PROD008,13079.9,Net Banking,Success,2026-05-05
TXN07583,CUST0690,PROD092,11902.02,UPI,Success,2026-01-20
TXN07584,CUST1308,PROD083,12251.1,Debit Card,Success,2026-06-30
TXN07585,CUST0472,PROD100,10201.47,UPI,Success,2026-03-16
TXN07586,CUST0258,PROD097,19763.77,Wallet,Success,2026-07-28
TXN07587,CUST0890,PROD024,11041.33,Wallet,Success,2026-07-15
TXN07588,CUST0658,PROD093,13972.69,Net Banking,Success,2026-04-15
TXN07589,CUST1356,PROD025,728.9,Wallet,Success,2026-05-28
TXN07590,CUST0720,PROD011,12850.31,Debit Card,Success,2026-02-25
TXN07591,CUST0562,PROD073,4255.69,Debit Card,Success,2026-03-05
TXN07592,CUST1081,PROD008,13909.2,Net Banking,Success,2026-05-14
TXN07593,CUST1261,PROD081,18398.95,Debit Card,Success,2026-03-05
TXN07594,CUST0297,PROD038,18061.75,UPI,Success,2026-03-08
TXN07595,CUST0950,PROD050,3056.06,Wallet,Success,2026-07-24
TXN07596,CUST1527,PROD038,4979.98,Net Banking,Success,2026-06-08
TXN07597,CUST1024,PROD039,2783.56,Credit Card,Success,2026-06-13
TXN07598,CUST0801,PROD068,4877.89,Wallet,Success,2026-03-19
TXN07599,CUST0050,PROD078,14440.81,Credit Card,Failed,2026-06-13
TXN07600,CUST1738,PROD043,2264.11,Credit Card,Failed,2026-06-22
TXN07601,CUST1454,PROD076,1002.19,Debit Card,Success,2026-03-21
TXN07602,CUST1078,PROD020,7677.02,Net Banking,Success,2026-04-23
TXN07603,CUST0458,PROD014,17258.71,Debit Card,Failed,2026-02-17
TXN07604,CUST0197,PROD017,13474.0,Wallet,Success,2026-08-04
TXN07605,CUST0806,PROD052,4614.23,Debit Card,Success,2026-01-02
TXN07606,CUST1276,PROD057,19499.65,Debit Card,Success,2026-07-10
TXN07607,CUST1885,PROD060,8621.45,Credit Card,Success,2026-07-03
TXN07608,CUST0622,PROD052,16927.11,Wallet,Success,2026-04-13
TXN07609,CUST1926,PROD098,2473.51,Credit Card,Success,2026-06-01
TXN07610,CUST0977,PROD048,1628.58,Credit Card,Success,2026-01-27
TXN07611,CUST1409,PROD085,3042.94,Debit Card,Success,2026-05-22
TXN07612,CUST0534,PROD083,9194.7,Debit Card,Success,2026-07-02
TXN07613,CUST1282,PROD003,7218.05,Net Banking,Success,2026-08-15
TXN07614,CUST1399,PROD043,14242.68,Net Banking,Success,2026-01-12
TXN07615,CUST0860,PROD040,10786.69,Debit Card,Success,2026-05-13
TXN07616,CUST0463,PROD070,13396.5,Credit Card,Success,2026-01-31
TXN07617,CUST0893,PROD006,10008.96,Credit Card,Success,2026-07-17
TXN07618,CUST0718,PROD078,5865.78,Credit Card,Success,2026-02-15
TXN07619,CUST0743,PROD017,5881.37,Wallet,Failed,2026-07-25
TXN07620,CUST0244,PROD050,17478.5,Credit Card,Success,2026-06-19
TXN07621,CUST1653,PROD032,6322.49,Net Banking,Success,2026-05-05
TXN07622,CUST0638,PROD053,2311.32,UPI,Success,2026-03-09
TXN07623,CUST1321,PROD099,11658.26,UPI,Success,2026-01-28
TXN07624,CUST0600,PROD087,15562.34,Credit Card,Failed,2026-08-10
TXN07625,CUST1313,PROD085,13674.17,Credit Card,Failed,2026-01-21
TXN07626,CUST1038,PROD084,4858.9,Debit Card,Failed,2026-07-26
TXN07627,CUST0513,PROD037,11289.06,UPI,Success,2026-08-18
TXN07628,CUST0276,PROD059,9601.55,Net Banking,Success,2026-02-04
TXN07629,CUST1429,PROD014,18307.65,Wallet,Success,2026-04-09
TXN07630,CUST0399,PROD078,289.0,UPI,Success,2026-06-01
TXN07631,CUST0578,PROD035,9851.58,UPI,Failed,2026-03-06
TXN07632,CUST0005,PROD085,4007.52,Wallet,Failed,2026-07-23
TXN07633,CUST1503,PROD021,3498.17,UPI,Success,2026-06-12
TXN07634,CUST0536,PROD013,12179.43,Net Banking,Success,2026-07-15
TXN07635,CUST1139,PROD096,6049.23,Wallet,Success,2026-02-09
TXN07636,CUST0952,PROD054,5186.24,Net Banking,Success,2026-02-02
TXN07637,CUST1137,PROD058,19330.21,UPI,Success,2026-05-15
TXN07638,CUST0488,PROD071,17595.68,Net Banking,Success,2026-03-23
TXN07639,CUST0848,PROD006,19753.45,UPI,Success,2026-05-22
TXN07640,CUST1188,PROD070,709.35,UPI,Failed,2026-08-11
TXN07641,CUST1574,PROD071,10326.86,Credit Card,Success,2026-01-02
TXN07642,CUST0001,PROD043,18569.3,Wallet,Success,2026-04-27
TXN07643,CUST1119,PROD051,17332.28,Net Banking,Success,2026-07-08
TXN07644,CUST1610,PROD093,13181.81,Credit Card,Success,2026-06-10
TXN07645,CUST1861,PROD097,19971.57,Net Banking,Success,2026-01-03
TXN07646,CUST0126,PROD070,1437.92,Net Banking,Failed,2026-07-15
TXN07647,CUST1512,PROD022,18802.85,Wallet,Success,2026-02-22
TXN07648,CUST0776,PROD083,7953.44,Debit Card,Success,2026-01-29
TXN07649,CUST0142,PROD045,17054.17,UPI,Failed,2026-06-28
TXN07650,CUST1150,PROD008,9017.75,Credit Card,Success,2026-08-03
TXN07651,CUST1503,PROD018,12469.08,Wallet,Success,2026-02-12
TXN07652,CUST1739,PROD020,13311.64,Credit Card,Success,2026-04-15
TXN07653,CUST1102,PROD099,17069.09,Wallet,Success,2026-03-20
TXN07654,CUST1441,PROD050,4164.62,Wallet,Success,2026-05-30
TXN07655,CUST1321,PROD084,5532.74,Debit Card,Failed,2026-03-24
TXN07656,CUST0182,PROD007,12265.63,Credit Card,Success,2026-07-17
TXN07657,CUST0737,PROD047,17013.78,Debit Card,Success,2026-05-10
TXN07658,CUST1732,PROD020,17866.12,Credit Card,Success,2026-06-16
TXN07659,CUST0820,PROD084,4467.84,Wallet,Success,2026-05-13
TXN07660,CUST1818,PROD056,1816.56,UPI,Success,2026-06-03
TXN07661,CUST0658,PROD072,9867.34,UPI,Success,2026-02-23
TXN07662,CUST1203,PROD053,1908.6,Wallet,Failed,2026-07-04
TXN07663,CUST1371,PROD098,1330.56,Wallet,Success,2026-07-22
TXN07664,CUST0133,PROD055,9466.72,Credit Card,Success,2026-03-25
TXN07665,CUST0384,PROD060,11996.81,Wallet,Success,2026-05-11
TXN07666,CUST0563,PROD043,17046.03,UPI,Success,2026-05-19
TXN07667,CUST1152,PROD079,19176.33,Credit Card,Failed,2026-05-02
TXN07668,CUST0573,PROD044,15707.4,Wallet,Success,2026-03-19
TXN07669,CUST0554,PROD076,5297.78,UPI,Failed,2026-08-04
TXN07670,CUST1780,PROD023,8533.59,Wallet,Success,2026-05-22
TXN07671,CUST0710,PROD095,10893.31,Net Banking,Success,2026-01-06
TXN07672,CUST0044,PROD008,11237.46,UPI,Success,2026-06-19
TXN07673,CUST0936,PROD003,1790.6,Debit Card,Success,2026-05-08
TXN07674,CUST1976,PROD098,13220.4,Net Banking,Success,2026-03-24
TXN07675,CUST1405,PROD019,13220.4,Credit Card,Success,2026-06-07
TXN07676,CUST0705,PROD090,15235.83,Net Banking,Failed,2026-08-12
TXN07677,CUST0051,PROD090,13813.91,Net Banking,Failed,2026-03-10
TXN07678,CUST1493,PROD002,228.44,Wallet,Success,2026-03-28
TXN07679,CUST0262,PROD100,4379.07,Credit Card,Success,2026-08-08
TXN07680,CUST1442,PROD024,6009.26,Debit Card,Success,2026-06-15
TXN07681,CUST1390,PROD005,292.44,UPI,Failed,2026-03-30
TXN07682,CUST1419,PROD006,7984.3,Net Banking,Success,2026-06-16
TXN07683,CUST0632,PROD089,5532.44,UPI,Failed,2026-04-19
TXN07684,CUST1923,PROD047,16214.61,Net Banking,Success,2026-05-02
TXN07685,CUST1716,PROD037,10746.63,Debit Card,Success,2026-05-05
TXN07686,CUST0792,PROD032,19062.39,Wallet,Success,2026-01-14
TXN07687,CUST0683,PROD057,2814.22,Wallet,Success,2026-05-18
TXN07688,CUST1935,PROD080,2070.91,UPI,Success,2026-07-20
TXN07689,CUST1467,PROD089,16624.56,Debit Card,Success,2026-03-05
TXN07690,CUST0630,PROD081,15452.36,Wallet,Success,2026-01-21
TXN07691,CUST1680,PROD034,17809.66,UPI,Success,2026-02-04
TXN07692,CUST0322,PROD025,505.12,Wallet,Success,2026-07-19
TXN07693,CUST1794,PROD045,9242.41,Net Banking,Failed,2026-02-24
TXN07694,CUST1587,PROD084,15067.95,Net Banking,Success,2026-05-09
TXN07695,CUST0705,PROD058,7326.41,Debit Card,Success,2026-04-02
TXN07696,CUST0680,PROD066,8389.7,Net Banking,Failed,2026-03-24
TXN07697,CUST0738,PROD004,14549.41,Net Banking,Success,2026-04-20
TXN07698,CUST1982,PROD065,9643.68,Net Banking,Success,2026-02-12
TXN07699,CUST1792,PROD066,9564.9,UPI,Success,2026-02-27
TXN07700,CUST0111,PROD023,6999.41,Net Banking,Success,2026-03-08
TXN07701,CUST0698,PROD032,4925.64,Wallet,Failed,2026-04-24
TXN07702,CUST0716,PROD018,11782.31,Wallet,Success,2026-06-12
TXN07703,CUST0590,PROD059,319.85,UPI,Success,2026-07-29
TXN07704,CUST0762,PROD005,6713.03,Net Banking,Success,2026-07-10
TXN07705,CUST1568,PROD026,9751.17,Wallet,Success,2026-04-20
TXN07706,CUST1329,PROD014,17084.45,UPI,Failed,2026-05-14
TXN07707,CUST0807,PROD083,2588.39,Net Banking,Success,2026-05-17
TXN07708,CUST1342,PROD079,7095.47,Debit Card,Success,2026-05-25
TXN07709,CUST0365,PROD074,10584.92,Credit Card,Success,2026-01-27
TXN07710,CUST1812,PROD083,3204.85,Wallet,Failed,2026-01-20
TXN07711,CUST0943,PROD060,14432.25,Wallet,Success,2026-01-21
TXN07712,CUST1763,PROD014,14333.8,Net Banking,Success,2026-04-07
TXN07713,CUST0604,PROD025,7704.57,Debit Card,Failed,2026-08-01
TXN07714,CUST1278,PROD001,17348.15,Debit Card,Failed,2026-05-14
TXN07715,CUST0318,PROD057,2167.36,Credit Card,Success,2026-03-08
TXN07716,CUST1175,PROD099,5571.82,Wallet,Success,2026-03-06
TXN07717,CUST1986,PROD082,6254.18,Net Banking,Failed,2026-05-03
TXN07718,CUST1093,PROD075,4402.24,Net Banking,Success,2026-05-10
TXN07719,CUST0801,PROD081,14798.71,Wallet,Success,2026-06-29
TXN07720,CUST1649,PROD059,7785.37,Debit Card,Failed,2026-07-06
TXN07721,CUST1381,PROD008,10885.4,UPI,Failed,2026-02-18
TXN07722,CUST0849,PROD082,6497.73,UPI,Success,2026-07-05
TXN07723,CUST1715,PROD073,14773.89,UPI,Success,2026-06-13
TXN07724,CUST0397,PROD085,1482.77,UPI,Success,2026-04-18
TXN07725,CUST0653,PROD090,16948.73,UPI,Success,2026-03-18
TXN07726,CUST1857,PROD081,19900.67,Debit Card,Success,2026-05-17
TXN07727,CUST1273,PROD048,10847.5,Net Banking,Failed,2026-04-24
TXN07728,CUST0658,PROD048,11392.53,UPI,Success,2026-08-04
TXN07729,CUST0852,PROD067,1991.26,Net Banking,Failed,2026-01-09
TXN07730,CUST0496,PROD058,17363.04,Wallet,Success,2026-01-28
TXN07731,CUST0714,PROD075,18391.23,Credit Card,Success,2026-01-28
TXN07732,CUST1567,PROD096,19783.23,Wallet,Success,2026-03-25
TXN07733,CUST0414,PROD023,16255.95,Wallet,Success,2026-06-27
TXN07734,CUST1976,PROD096,3786.27,Debit Card,Success,2026-03-30
TXN07735,CUST0159,PROD014,15363.96,Net Banking,Success,2026-02-15
TXN07736,CUST1580,PROD027,6792.27,Debit Card,Failed,2026-07-20
TXN07737,CUST0258,PROD066,16468.03,Credit Card,Success,2026-02-21
TXN07738,CUST1436,PROD008,3246.4,Net Banking,Success,2026-01-26
TXN07739,CUST1299,PROD005,2768.28,UPI,Success,2026-07-10
TXN07740,CUST1971,PROD049,256.99,Net Banking,Success,2026-06-11
TXN07741,CUST0476,PROD038,5621.12,Debit Card,Success,2026-02-23
TXN07742,CUST0005,PROD024,13061.14,Net Banking,Success,2026-08-15
TXN07743,CUST0504,PROD093,7459.48,UPI,Success,2026-03-13
TXN07744,CUST1308,PROD023,11929.88,Net Banking,Success,2026-05-21
TXN07745,CUST1663,PROD022,6749.33,Debit Card,Success,2026-01-25
TXN07746,CUST0551,PROD087,12868.61,Credit Card,Success,2026-07-06
TXN07747,CUST1750,PROD013,9601.98,Credit Card,Success,2026-06-16
TXN07748,CUST1891,PROD065,7443.95,Debit Card,Failed,2026-03-09
TXN07749,CUST0745,PROD022,7891.51,Credit Card,Success,2026-06-12
TXN07750,CUST0684,PROD037,13171.73,Credit Card,Success,2026-02-09
TXN07751,CUST0073,PROD041,18566.49,Credit Card,Success,2026-04-03
TXN07752,CUST1565,PROD052,17918.42,Credit Card,Failed,2026-01-30
TXN07753,CUST0035,PROD001,5473.57,Wallet,Failed,2026-06-17
TXN07754,CUST0277,PROD061,7403.05,Credit Card,Success,2026-06-12
TXN07755,CUST0549,PROD007,10230.31,Debit Card,Success,2026-01-10
TXN07756,CUST1152,PROD086,4664.22,Debit Card,Success,2026-03-27
TXN07757,CUST0823,PROD031,10280.55,Wallet,Success,2026-06-01
TXN07758,CUST1077,PROD099,3246.04,Credit Card,Failed,2026-03-08
TXN07759,CUST1155,PROD100,8887.45,Net Banking,Failed,2026-05-16
TXN07760,CUST1148,PROD006,1067.15,Debit Card,Success,2026-03-30
TXN07761,CUST1458,PROD027,16547.18,Credit Card,Failed,2026-08-04
TXN07762,CUST0007,PROD059,12550.21,Credit Card,Success,2026-07-08
TXN07763,CUST1290,PROD050,219.19,Debit Card,Success,2026-06-22
TXN07764,CUST0623,PROD033,9227.84,UPI,Success,2026-04-05
TXN07765,CUST0932,PROD041,507.28,Net Banking,Success,2026-04-16
TXN07766,CUST1602,PROD042,10413.3,Wallet,Success,2026-07-15
TXN07767,CUST1323,PROD051,6596.88,Wallet,Success,2026-04-12
TXN07768,CUST1773,PROD096,14292.68,Credit Card,Success,2026-02-04
TXN07769,CUST0347,PROD038,3797.29,Credit Card,Success,2026-03-06
TXN07770,CUST0126,PROD052,4933.75,Wallet,Success,2026-01-17
TXN07771,CUST1777,PROD005,16567.0,Wallet,Success,2026-08-07
TXN07772,CUST1717,PROD013,14831.97,Net Banking,Success,2026-03-05
TXN07773,CUST0697,PROD076,1754.97,UPI,Success,2026-06-21
TXN07774,CUST1472,PROD019,16700.51,Credit Card,Failed,2026-08-03
TXN07775,CUST0815,PROD014,2844.81,Credit Card,Success,2026-02-06
TXN07776,CUST1135,PROD053,13650.65,UPI,Success,2026-07-14
TXN07777,CUST0005,PROD092,15474.99,Debit Card,Success,2026-06-12
TXN07778,CUST0611,PROD018,3083.72,Wallet,Success,2026-07-08
TXN07779,CUST0350,PROD037,4949.19,Credit Card,Success,2026-02-08
TXN07780,CUST1586,PROD090,1303.37,UPI,Success,2026-01-07
TXN07781,CUST0266,PROD058,10623.24,Credit Card,Failed,2026-06-04
TXN07782,CUST1351,PROD087,3390.09,Credit Card,Success,2026-06-19
TXN07783,CUST0126,PROD083,11803.82,Wallet,Success,2026-05-06
TXN07784,CUST1463,PROD030,6845.88,Credit Card,Failed,2026-07-14
TXN07785,CUST0661,PROD049,2508.17,Net Banking,Success,2026-05-05
TXN07786,CUST1206,PROD036,17906.57,Wallet,Success,2026-06-28
TXN07787,CUST0836,PROD095,9866.21,Debit Card,Success,2026-04-07
TXN07788,CUST1843,PROD099,10839.64,Wallet,Success,2026-08-18
TXN07789,CUST0939,PROD075,18692.02,Net Banking,Success,2026-02-25
TXN07790,CUST1854,PROD036,268.83,UPI,Success,2026-02-18
TXN07791,CUST0082,PROD077,1264.33,Credit Card,Success,2026-03-04
TXN07792,CUST0113,PROD017,9806.06,UPI,Success,2026-02-18
TXN07793,CUST0867,PROD061,16822.38,Net Banking,Success,2026-02-11
TXN07794,CUST1004,PROD096,18663.91,Credit Card,Success,2026-07-19
TXN07795,CUST0384,PROD076,3082.49,Wallet,Failed,2026-03-24
TXN07796,CUST1172,PROD061,14212.33,Net Banking,Success,2026-08-10
TXN07797,CUST1114,PROD093,14876.64,Debit Card,Success,2026-06-26
TXN07798,CUST1939,PROD065,3292.76,Net Banking,Success,2026-03-13
TXN07799,CUST1217,PROD021,3481.93,Wallet,Success,2026-02-11
TXN07800,CUST0404,PROD067,14470.27,Credit Card,Failed,2026-01-22
TXN07801,CUST1923,PROD042,3696.71,Credit Card,Success,2026-02-11
TXN07802,CUST1232,PROD004,7818.68,UPI,Failed,2026-05-05
TXN07803,CUST1765,PROD091,5967.11,UPI,Success,2026-07-29
TXN07804,CUST0570,PROD039,1673.32,Debit Card,Success,2026-03-21
TXN07805,CUST0380,PROD076,19749.49,Debit Card,Success,2026-03-06
TXN07806,CUST0907,PROD087,720.4,Wallet,Success,2026-06-20
TXN07807,CUST1179,PROD091,4688.55,Debit Card,Success,2026-08-12
TXN07808,CUST0573,PROD054,18195.78,Wallet,Success,2026-06-27
TXN07809,CUST0403,PROD083,19098.22,UPI,Success,2026-03-13
TXN07810,CUST1891,PROD026,17209.54,Credit Card,Success,2026-05-22
TXN07811,CUST1466,PROD067,9046.24,Wallet,Success,2026-06-14
TXN07812,CUST1614,PROD080,1777.79,Wallet,Success,2026-07-26
TXN07813,CUST0698,PROD032,15296.4,Debit Card,Success,2026-05-29
TXN07814,CUST1150,PROD062,7355.89,UPI,Failed,2026-03-30
TXN07815,CUST1433,PROD024,7038.2,Credit Card,Success,2026-05-03
TXN07816,CUST0373,PROD095,14023.23,UPI,Success,2026-02-18
TXN07817,CUST0988,PROD001,11279.26,UPI,Failed,2026-08-12
TXN07818,CUST0893,PROD078,16305.07,Debit Card,Success,2026-05-09
TXN07819,CUST1396,PROD059,5845.55,Debit Card,Success,2026-07-04
TXN07820,CUST1522,PROD080,2139.89,Credit Card,Success,2026-05-21
TXN07821,CUST1955,PROD083,7740.31,UPI,Failed,2026-04-03
TXN07822,CUST1307,PROD099,7743.59,Credit Card,Success,2026-02-04
TXN07823,CUST1730,PROD085,213.38,Debit Card,Success,2026-02-14
TXN07824,CUST1388,PROD088,7505.86,Debit Card,Success,2026-07-25
TXN07825,CUST1631,PROD015,14970.71,Debit Card,Success,2026-01-16
TXN07826,CUST1514,PROD053,3723.2,UPI,Success,2026-03-19
TXN07827,CUST0866,PROD085,8281.51,Wallet,Success,2026-04-18
TXN07828,CUST1610,PROD083,18685.18,Debit Card,Success,2026-07-31
TXN07829,CUST1514,PROD041,11454.8,Net Banking,Success,2026-03-19
TXN07830,CUST0509,PROD026,8601.06,Credit Card,Success,2026-03-10
TXN07831,CUST1726,PROD099,6633.2,Credit Card,Success,2026-02-20
TXN07832,CUST0881,PROD041,5558.95,Credit Card,Success,2026-07-05
TXN07833,CUST0836,PROD082,1529.62,Debit Card,Success,2026-02-26
TXN07834,CUST1425,PROD086,18132.54,Credit Card,Success,2026-08-04
TXN07835,CUST0146,PROD045,3157.27,Debit Card,Success,2026-08-04
TXN07836,CUST1628,PROD016,1051.61,Debit Card,Success,2026-01-17
TXN07837,CUST1093,PROD032,13080.8,Wallet,Success,2026-01-08
TXN07838,CUST0494,PROD094,19367.71,Credit Card,Success,2026-01-20
TXN07839,CUST0745,PROD021,14805.03,Net Banking,Success,2026-07-17
TXN07840,CUST1202,PROD057,5778.16,Net Banking,Success,2026-05-21
TXN07841,CUST0891,PROD057,13080.41,Net Banking,Success,2026-06-21
TXN07842,CUST0578,PROD021,10224.01,Credit Card,Success,2026-06-10
TXN07843,CUST0956,PROD085,14793.63,Wallet,Success,2026-04-28
TXN07844,CUST1505,PROD006,14688.39,UPI,Success,2026-07-07
TXN07845,CUST0277,PROD038,19990.94,Wallet,Success,2026-03-16
TXN07846,CUST0762,PROD051,12198.82,Credit Card,Success,2026-03-18
TXN07847,CUST0231,PROD095,10283.49,Wallet,Success,2026-03-20
TXN07848,CUST0053,PROD036,5272.31,UPI,Success,2026-01-18
TXN07849,CUST0900,PROD022,14032.91,UPI,Success,2026-06-26
TXN07850,CUST1880,PROD073,3625.17,Debit Card,Failed,2026-01-08
TXN07851,CUST1231,PROD027,522.27,Debit Card,Success,2026-04-17
TXN07852,CUST1819,PROD034,1894.85,UPI,Success,2026-01-19
TXN07853,CUST0083,PROD086,16978.69,Credit Card,Success,2026-06-25
TXN07854,CUST0060,PROD045,7535.27,Credit Card,Success,2026-01-03
TXN07855,CUST0747,PROD094,10539.44,Wallet,Success,2026-04-27
TXN07856,CUST0080,PROD050,8422.07,Net Banking,Success,2026-07-17
TXN07857,CUST1980,PROD046,13020.15,UPI,Success,2026-03-10
TXN07858,CUST1070,PROD030,7042.15,Debit Card,Success,2026-01-19
TXN07859,CUST0044,PROD073,7153.37,Credit Card,Success,2026-03-10
TXN07860,CUST0972,PROD007,13768.93,Debit Card,Success,2026-01-17
TXN07861,CUST1106,PROD050,2474.19,UPI,Success,2026-03-27
TXN07862,CUST0163,PROD091,8801.64,Net Banking,Success,2026-08-10
TXN07863,CUST0525,PROD027,15077.81,Credit Card,Success,2026-06-07
TXN07864,CUST0230,PROD005,7979.15,Net Banking,Success,2026-06-15
TXN07865,CUST0022,PROD081,5244.15,Net Banking,Success,2026-06-28
TXN07866,CUST1940,PROD041,7085.71,UPI,Success,2026-02-01
TXN07867,CUST0410,PROD064,17954.44,Credit Card,Success,2026-02-17
TXN07868,CUST0899,PROD019,6573.77,Wallet,Success,2026-01-09
TXN07869,CUST0658,PROD093,15002.78,UPI,Failed,2026-03-18
TXN07870,CUST1060,PROD056,14440.37,Wallet,Success,2026-01-09
TXN07871,CUST1381,PROD076,2740.91,Credit Card,Success,2026-07-16
TXN07872,CUST0835,PROD005,2162.86,Wallet,Failed,2026-01-04
TXN07873,CUST1178,PROD031,15686.36,Wallet,Success,2026-08-02
TXN07874,CUST1934,PROD099,14162.57,UPI,Success,2026-03-10
TXN07875,CUST1662,PROD077,12300.91,UPI,Success,2026-05-10
TXN07876,CUST1710,PROD093,17256.34,UPI,Failed,2026-04-26
TXN07877,CUST0278,PROD085,14075.95,Credit Card,Failed,2026-07-22
TXN07878,CUST1067,PROD058,17180.88,UPI,Success,2026-03-20
TXN07879,CUST1455,PROD076,17298.53,Wallet,Success,2026-03-07
TXN07880,CUST1640,PROD046,5440.83,Debit Card,Success,2026-02-19
TXN07881,CUST1682,PROD006,3143.25,Debit Card,Success,2026-04-20
TXN07882,CUST0982,PROD032,10744.42,Net Banking,Failed,2026-07-01
TXN07883,CUST1750,PROD051,16828.97,Debit Card,Failed,2026-08-17
TXN07884,CUST0129,PROD011,943.01,Credit Card,Failed,2026-01-18
TXN07885,CUST1312,PROD094,2886.27,Net Banking,Success,2026-08-13
TXN07886,CUST1678,PROD035,3942.71,Net Banking,Success,2026-07-08
TXN07887,CUST0965,PROD064,12427.11,Net Banking,Success,2026-03-01
TXN07888,CUST0940,PROD065,1519.66,UPI,Failed,2026-05-07
TXN07889,CUST1416,PROD018,5178.59,Wallet,Failed,2026-01-14
TXN07890,CUST1623,PROD029,12734.46,Credit Card,Success,2026-01-22
TXN07891,CUST1521,PROD098,2122.33,Net Banking,Failed,2026-04-01
TXN07892,CUST0366,PROD008,11326.15,Credit Card,Success,2026-06-21
TXN07893,CUST0790,PROD011,16606.85,Credit Card,Success,2026-04-10
TXN07894,CUST0169,PROD058,16560.06,Wallet,Success,2026-02-08
TXN07895,CUST1503,PROD015,13648.34,Net Banking,Success,2026-04-08
TXN07896,CUST1806,PROD088,11332.61,Net Banking,Failed,2026-08-10
TXN07897,CUST0867,PROD100,2385.03,UPI,Failed,2026-01-23
TXN07898,CUST0555,PROD001,13533.48,UPI,Failed,2026-06-09
TXN07899,CUST0370,PROD085,13172.99,Net Banking,Success,2026-05-03
TXN07900,CUST0444,PROD097,8357.38,Wallet,Success,2026-07-18
TXN07901,CUST0469,PROD027,4527.17,Wallet,Success,2026-05-30
TXN07902,CUST0091,PROD051,7942.66,Net Banking,Success,2026-04-14
TXN07903,CUST0018,PROD092,6939.3,Wallet,Success,2026-01-06
TXN07904,CUST1329,PROD005,6927.23,Wallet,Success,2026-01-13
TXN07905,CUST1124,PROD028,1052.41,Wallet,Success,2026-06-10
TXN07906,CUST0739,PROD007,13898.45,Wallet,Success,2026-06-01
TXN07907,CUST0720,PROD048,17844.57,Debit Card,Success,2026-03-17
TXN07908,CUST1199,PROD074,15026.41,UPI,Success,2026-07-18
TXN07909,CUST0536,PROD028,8472.05,UPI,Success,2026-04-11
TXN07910,CUST0027,PROD090,3765.16,Wallet,Failed,2026-06-12
TXN07911,CUST1984,PROD006,8916.31,Wallet,Success,2026-01-24
TXN07912,CUST1562,PROD081,10194.12,Debit Card,Failed,2026-07-09
TXN07913,CUST1797,PROD069,4367.79,Wallet,Success,2026-05-07
TXN07914,CUST1250,PROD002,4892.8,UPI,Success,2026-08-03
TXN07915,CUST0907,PROD036,11357.13,UPI,Success,2026-06-28
TXN07916,CUST1571,PROD062,8821.98,Debit Card,Success,2026-03-27
TXN07917,CUST1985,PROD089,19937.18,UPI,Success,2026-07-22
TXN07918,CUST0386,PROD064,6912.02,Credit Card,Success,2026-08-11
TXN07919,CUST0681,PROD058,7217.43,Credit Card,Success,2026-06-20
TXN07920,CUST1272,PROD042,1238.26,Credit Card,Failed,2026-05-18
TXN07921,CUST0807,PROD005,18162.41,UPI,Success,2026-05-30
TXN07922,CUST0870,PROD064,5964.52,Net Banking,Success,2026-04-20
TXN07923,CUST1808,PROD051,9545.24,Credit Card,Success,2026-04-05
TXN07924,CUST1931,PROD010,17794.4,Debit Card,Success,2026-03-05
TXN07925,CUST0583,PROD026,12049.44,Net Banking,Success,2026-02-04
TXN07926,CUST1062,PROD014,3581.45,Wallet,Success,2026-04-28
TXN07927,CUST1562,PROD092,710.25,Wallet,Success,2026-05-07
TXN07928,CUST1754,PROD001,2490.39,Credit Card,Success,2026-03-05
TXN07929,CUST1030,PROD020,16972.1,UPI,Success,2026-03-07
TXN07930,CUST0020,PROD077,13770.13,Wallet,Success,2026-01-07
TXN07931,CUST0712,PROD063,14145.02,Debit Card,Success,2026-05-17
TXN07932,CUST1816,PROD052,8092.0,UPI,Success,2026-05-25
TXN07933,CUST1803,PROD051,5362.47,Wallet,Success,2026-03-10
TXN07934,CUST0575,PROD029,15724.72,Net Banking,Success,2026-03-15
TXN07935,CUST0890,PROD083,2997.94,Credit Card,Success,2026-06-26
TXN07936,CUST1413,PROD057,2818.23,UPI,Success,2026-01-27
TXN07937,CUST0551,PROD100,13033.99,UPI,Success,2026-08-08
TXN07938,CUST1484,PROD049,582.68,Credit Card,Failed,2026-08-06
TXN07939,CUST1331,PROD039,17058.23,Debit Card,Success,2026-04-16
TXN07940,CUST1198,PROD019,18076.19,Wallet,Failed,2026-07-01
TXN07941,CUST0650,PROD050,10910.4,Net Banking,Success,2026-07-26
TXN07942,CUST1790,PROD080,11607.4,Credit Card,Failed,2026-02-25
TXN07943,CUST0922,PROD036,7175.09,Wallet,Success,2026-08-13
TXN07944,CUST1091,PROD006,3689.26,Debit Card,Failed,2026-05-19
TXN07945,CUST0903,PROD053,1868.32,Debit Card,Success,2026-06-13
TXN07946,CUST0523,PROD029,14691.97,Credit Card,Success,2026-08-05
TXN07947,CUST1852,PROD030,7679.3,UPI,Failed,2026-06-14
TXN07948,CUST1985,PROD008,10339.39,Debit Card,Success,2026-04-23
TXN07949,CUST1594,PROD095,9463.32,Net Banking,Success,2026-03-20
TXN07950,CUST1544,PROD028,2272.82,Credit Card,Success,2026-07-03
TXN07951,CUST0369,PROD091,11534.03,Credit Card,Success,2026-01-04
TXN07952,CUST1910,PROD076,3485.61,Wallet,Success,2026-05-05
TXN07953,CUST0322,PROD026,6048.98,UPI,Success,2026-07-05
TXN07954,CUST0143,PROD021,2404.96,Net Banking,Success,2026-07-28
TXN07955,CUST0826,PROD095,289.68,Wallet,Success,2026-05-14
TXN07956,CUST0091,PROD012,590.69,Net Banking,Success,2026-08-17
TXN07957,CUST1036,PROD080,9026.43,Credit Card,Success,2026-06-23
TXN07958,CUST0266,PROD095,7516.49,Debit Card,Failed,2026-04-18
TXN07959,CUST0268,PROD097,11617.36,Debit Card,Success,2026-05-23
TXN07960,CUST1439,PROD082,18347.71,Debit Card,Success,2026-06-10
TXN07961,CUST1283,PROD044,551.7,Wallet,Failed,2026-03-01
TXN07962,CUST0818,PROD025,10634.71,Debit Card,Success,2026-02-20
TXN07963,CUST1943,PROD050,12132.93,Wallet,Success,2026-01-06
TXN07964,CUST0528,PROD038,12221.76,UPI,Success,2026-04-11
TXN07965,CUST1240,PROD092,8207.65,Credit Card,Success,2026-03-26
TXN07966,CUST1408,PROD072,14251.56,UPI,Success,2026-02-27
TXN07967,CUST1358,PROD026,638.76,Net Banking,Failed,2026-01-05
TXN07968,CUST1635,PROD014,12435.78,Debit Card,Failed,2026-07-23
TXN07969,CUST1426,PROD064,10424.44,UPI,Success,2026-01-06
TXN07970,CUST0128,PROD066,14273.58,Credit Card,Success,2026-06-13
TXN07971,CUST1905,PROD036,16225.55,Credit Card,Failed,2026-01-19
TXN07972,CUST1081,PROD020,12137.38,Debit Card,Success,2026-06-15
TXN07973,CUST0560,PROD097,1921.85,Credit Card,Success,2026-02-23
TXN07974,CUST1148,PROD067,2339.4,Net Banking,Success,2026-06-16
TXN07975,CUST0297,PROD045,667.98,Debit Card,Success,2026-07-25
TXN07976,CUST1078,PROD018,1107.31,Wallet,Success,2026-02-21
TXN07977,CUST1692,PROD087,1379.49,UPI,Success,2026-07-02
TXN07978,CUST1042,PROD055,9055.31,Debit Card,Success,2026-08-10
TXN07979,CUST0002,PROD005,15590.57,Debit Card,Success,2026-02-18
TXN07980,CUST1630,PROD082,12719.34,Net Banking,Success,2026-07-29
TXN07981,CUST1336,PROD029,7970.72,Credit Card,Success,2026-04-26
TXN07982,CUST0797,PROD009,5528.64,Net Banking,Success,2026-03-06
TXN07983,CUST0174,PROD046,15336.72,Net Banking,Success,2026-01-24
TXN07984,CUST0307,PROD079,6456.57,UPI,Success,2026-04-17
TXN07985,CUST1042,PROD099,15934.47,Credit Card,Success,2026-06-26
TXN07986,CUST1337,PROD031,8448.19,Debit Card,Success,2026-05-20
TXN07987,CUST0909,PROD068,3406.87,Debit Card,Success,2026-04-26
TXN07988,CUST0971,PROD026,1391.43,UPI,Success,2026-04-10
TXN07989,CUST1783,PROD051,783.76,Debit Card,Success,2026-05-07
TXN07990,CUST1220,PROD049,6270.16,UPI,Success,2026-08-18
TXN07991,CUST1691,PROD094,11845.8,Net Banking,Failed,2026-03-25
TXN07992,CUST1619,PROD026,18117.52,Debit Card,Failed,2026-06-23
TXN07993,CUST1341,PROD055,16613.89,Wallet,Success,2026-04-25
TXN07994,CUST1282,PROD072,9582.59,Net Banking,Success,2026-05-03
TXN07995,CUST0534,PROD001,2854.51,Net Banking,Success,2026-03-18
TXN07996,CUST0580,PROD045,2466.7,Net Banking,Success,2026-02-19
TXN07997,CUST1350,PROD001,15635.2,Credit Card,Success,2026-05-17
TXN07998,CUST1677,PROD046,15993.18,Net Banking,Success,2026-06-15
TXN07999,CUST0371,PROD073,4610.48,Net Banking,Success,2026-06-20
TXN08000,CUST0742,PROD050,3739.16,Debit Card,Success,2026-04-05
TXN08001,CUST1381,PROD034,474.74,Debit Card,Failed,2026-07-19
TXN08002,CUST1299,PROD066,15168.52,Credit Card,Failed,2026-05-27
TXN08003,CUST0920,PROD047,12479.46,Credit Card,Success,2026-03-26
TXN08004,CUST1345,PROD039,12641.92,Credit Card,Success,2026-02-13
TXN08005,CUST1754,PROD075,5387.67,Debit Card,Success,2026-01-09
TXN08006,CUST1814,PROD034,9998.54,Debit Card,Failed,2026-04-12
TXN08007,CUST1795,PROD091,14026.37,UPI,Success,2026-06-06
TXN08008,CUST1936,PROD072,14625.39,Net Banking,Failed,2026-04-30
TXN08009,CUST0337,PROD058,1436.25,Credit Card,Failed,2026-08-08
TXN08010,CUST1107,PROD043,18113.07,Wallet,Success,2026-02-07
TXN08011,CUST0129,PROD046,15432.34,Credit Card,Success,2026-05-13
TXN08012,CUST1335,PROD084,15609.15,UPI,Success,2026-02-27
TXN08013,CUST1686,PROD075,12473.53,Net Banking,Success,2026-06-19
TXN08014,CUST1125,PROD041,6352.49,Credit Card,Success,2026-08-12
TXN08015,CUST0125,PROD020,12382.76,Debit Card,Failed,2026-07-16
TXN08016,CUST1567,PROD001,6170.56,Wallet,Failed,2026-04-19
TXN08017,CUST0789,PROD090,14535.43,Wallet,Failed,2026-06-10
TXN08018,CUST1304,PROD080,1125.88,Net Banking,Success,2026-07-02
TXN08019,CUST0409,PROD033,18774.29,Net Banking,Success,2026-02-14
TXN08020,CUST0630,PROD057,16143.27,UPI,Success,2026-01-27
TXN08021,CUST0913,PROD071,9230.86,Wallet,Success,2026-05-03
TXN08022,CUST0700,PROD053,2627.36,Net Banking,Success,2026-08-15
TXN08023,CUST0134,PROD095,9878.01,Net Banking,Success,2026-04-07
TXN08024,CUST0481,PROD095,10645.3,Credit Card,Success,2026-05-07
TXN08025,CUST0598,PROD003,14034.23,UPI,Failed,2026-02-25
TXN08026,CUST1415,PROD016,8076.47,UPI,Success,2026-04-17
TXN08027,CUST0348,PROD040,14985.3,Net Banking,Failed,2026-06-19
TXN08028,CUST1484,PROD070,10549.88,Net Banking,Success,2026-05-28
TXN08029,CUST1803,PROD051,3611.4,UPI,Failed,2026-07-08
TXN08030,CUST0284,PROD024,6378.0,Credit Card,Success,2026-05-26
TXN08031,CUST0528,PROD064,8215.41,Wallet,Success,2026-08-16
TXN08032,CUST0902,PROD006,19740.65,UPI,Success,2026-04-27
TXN08033,CUST1725,PROD057,2021.64,Wallet,Failed,2026-03-10
TXN08034,CUST0736,PROD059,12271.75,Net Banking,Failed,2026-03-27
TXN08035,CUST0759,PROD089,3616.17,Credit Card,Failed,2026-03-22
TXN08036,CUST1030,PROD008,19625.51,Wallet,Success,2026-01-07
TXN08037,CUST0599,PROD098,1589.6,Net Banking,Success,2026-07-18
TXN08038,CUST0515,PROD044,5533.84,Net Banking,Success,2026-03-15
TXN08039,CUST1975,PROD009,7048.06,Wallet,Success,2026-03-22
TXN08040,CUST1757,PROD024,18982.91,UPI,Failed,2026-05-23
TXN08041,CUST0683,PROD011,9003.39,Wallet,Success,2026-07-20
TXN08042,CUST0924,PROD004,8808.74,Net Banking,Failed,2026-05-01
TXN08043,CUST0405,PROD015,4348.74,Net Banking,Success,2026-07-23
TXN08044,CUST0641,PROD032,11160.03,Net Banking,Success,2026-02-19
TXN08045,CUST0331,PROD045,6583.4,Credit Card,Success,2026-01-03
TXN08046,CUST0502,PROD032,13948.43,Credit Card,Success,2026-07-08
TXN08047,CUST0068,PROD013,3377.83,Net Banking,Success,2026-03-18
TXN08048,CUST0671,PROD099,17145.3,Debit Card,Failed,2026-01-18
TXN08049,CUST1206,PROD086,12185.0,Wallet,Success,2026-08-06
TXN08050,CUST0966,PROD006,4802.96,Net Banking,Success,2026-06-29
TXN08051,CUST0739,PROD055,10750.61,Credit Card,Success,2026-07-05
TXN08052,CUST1131,PROD026,3894.89,Debit Card,Success,2026-01-18
TXN08053,CUST0676,PROD040,7543.74,Credit Card,Success,2026-07-25
TXN08054,CUST1792,PROD061,12398.34,Credit Card,Success,2026-05-12
TXN08055,CUST1026,PROD056,4858.4,Debit Card,Success,2026-06-11
TXN08056,CUST1474,PROD040,17975.59,UPI,Success,2026-05-10
TXN08057,CUST1356,PROD052,18631.05,Credit Card,Success,2026-02-19
TXN08058,CUST1761,PROD058,15274.88,Credit Card,Success,2026-05-25
TXN08059,CUST0773,PROD091,15729.29,Credit Card,Failed,2026-03-12
TXN08060,CUST0604,PROD019,12396.61,Credit Card,Success,2026-08-10
TXN08061,CUST0184,PROD079,16624.25,Net Banking,Success,2026-03-10
TXN08062,CUST1960,PROD028,12917.47,Debit Card,Success,2026-07-22
TXN08063,CUST0883,PROD078,13341.29,Credit Card,Success,2026-05-19
TXN08064,CUST1180,PROD075,14809.66,Net Banking,Success,2026-05-09
TXN08065,CUST1792,PROD016,2069.11,Credit Card,Failed,2026-01-05
TXN08066,CUST0310,PROD093,11922.5,Credit Card,Failed,2026-05-10
TXN08067,CUST1550,PROD077,17630.27,UPI,Success,2026-01-11
TXN08068,CUST1821,PROD001,15663.91,Debit Card,Failed,2026-07-19
TXN08069,CUST0716,PROD039,9903.41,UPI,Success,2026-04-20
TXN08070,CUST1145,PROD097,1406.03,Net Banking,Failed,2026-06-10
TXN08071,CUST0071,PROD031,954.81,UPI,Success,2026-07-06
TXN08072,CUST1771,PROD042,13706.63,Debit Card,Success,2026-06-28
TXN08073,CUST1067,PROD003,1769.04,Credit Card,Success,2026-06-29
TXN08074,CUST1680,PROD036,4382.23,Net Banking,Success,2026-03-03
TXN08075,CUST1876,PROD046,9973.29,Credit Card,Success,2026-02-20
TXN08076,CUST1507,PROD014,2570.39,Debit Card,Failed,2026-03-30
TXN08077,CUST0681,PROD080,12700.89,Wallet,Success,2026-06-17
TXN08078,CUST1184,PROD011,15219.84,Wallet,Success,2026-05-02
TXN08079,CUST1222,PROD049,16880.52,Wallet,Success,2026-08-15
TXN08080,CUST1234,PROD009,4851.88,UPI,Success,2026-03-16
TXN08081,CUST1318,PROD054,6476.49,Wallet,Success,2026-06-29
TXN08082,CUST0038,PROD048,19569.75,Wallet,Success,2026-03-19
TXN08083,CUST1611,PROD051,696.16,UPI,Success,2026-05-26
TXN08084,CUST0862,PROD067,469.12,UPI,Success,2026-07-13
TXN08085,CUST1831,PROD085,4490.44,Net Banking,Success,2026-07-09
TXN08086,CUST1279,PROD050,5981.39,Debit Card,Success,2026-06-05
TXN08087,CUST1294,PROD026,13173.4,Wallet,Success,2026-08-18
TXN08088,CUST0426,PROD017,1364.66,Wallet,Success,2026-08-06
TXN08089,CUST0069,PROD015,7557.95,Credit Card,Success,2026-03-27
TXN08090,CUST0735,PROD029,3745.53,Debit Card,Success,2026-07-17
TXN08091,CUST1526,PROD023,18555.92,Wallet,Failed,2026-06-23
TXN08092,CUST1520,PROD072,13007.89,Wallet,Success,2026-06-26
TXN08093,CUST1770,PROD039,19887.87,UPI,Success,2026-05-07
TXN08094,CUST0844,PROD036,11117.08,Debit Card,Success,2026-06-29
TXN08095,CUST0730,PROD013,13726.46,Credit Card,Success,2026-05-26
TXN08096,CUST1470,PROD037,825.47,Net Banking,Success,2026-03-27
TXN08097,CUST0205,PROD011,18250.87,Credit Card,Success,2026-05-25
TXN08098,CUST0408,PROD073,2143.27,Credit Card,Failed,2026-01-01
TXN08099,CUST1319,PROD100,11667.38,Net Banking,Success,2026-06-27
TXN08100,CUST1020,PROD057,13806.99,Debit Card,Success,2026-06-09
TXN08101,CUST0149,PROD065,18294.63,Wallet,Success,2026-03-27
TXN08102,CUST1087,PROD092,1048.28,Credit Card,Failed,2026-06-27
TXN08103,CUST0534,PROD019,11880.32,Wallet,Failed,2026-01-09
TXN08104,CUST1203,PROD019,6665.93,Wallet,Success,2026-07-21
TXN08105,CUST0992,PROD066,15857.2,Wallet,Success,2026-06-05
TXN08106,CUST0393,PROD062,669.4,Net Banking,Success,2026-04-26
TXN08107,CUST1540,PROD011,3237.41,Wallet,Failed,2026-04-05
TXN08108,CUST0839,PROD073,12920.69,Wallet,Success,2026-03-20
TXN08109,CUST0421,PROD089,1418.69,Wallet,Success,2026-03-06
TXN08110,CUST1941,PROD071,1737.31,Debit Card,Success,2026-02-18
TXN08111,CUST1481,PROD076,7111.68,UPI,Success,2026-06-17
TXN08112,CUST0030,PROD041,1334.42,Wallet,Success,2026-01-19
TXN08113,CUST0498,PROD091,16921.08,UPI,Success,2026-04-09
TXN08114,CUST1800,PROD005,246.63,Wallet,Success,2026-03-12
TXN08115,CUST0624,PROD094,13211.96,Credit Card,Success,2026-07-05
TXN08116,CUST1363,PROD033,10225.46,UPI,Failed,2026-01-27
TXN08117,CUST0583,PROD087,6642.11,Debit Card,Success,2026-03-23
TXN08118,CUST1434,PROD074,7826.71,Debit Card,Success,2026-03-24
TXN08119,CUST0161,PROD035,5524.82,Wallet,Failed,2026-02-09
TXN08120,CUST0913,PROD008,1440.72,UPI,Failed,2026-08-04
TXN08121,CUST0391,PROD085,2758.21,Credit Card,Failed,2026-03-27
TXN08122,CUST0524,PROD014,10025.8,UPI,Success,2026-04-21
TXN08123,CUST0198,PROD040,10399.11,Credit Card,Success,2026-03-01
TXN08124,CUST1537,PROD091,948.12,Debit Card,Success,2026-04-14
TXN08125,CUST1908,PROD087,8344.26,Credit Card,Success,2026-01-20
TXN08126,CUST0795,PROD053,19925.46,Debit Card,Failed,2026-05-25
TXN08127,CUST0181,PROD090,16937.29,UPI,Success,2026-01-16
TXN08128,CUST0132,PROD022,14250.23,UPI,Success,2026-02-26
TXN08129,CUST0860,PROD059,11678.13,Debit Card,Success,2026-04-08
TXN08130,CUST1282,PROD050,13080.66,Credit Card,Success,2026-03-04
TXN08131,CUST1124,PROD094,13013.27,Net Banking,Failed,2026-02-19
TXN08132,CUST0630,PROD013,6009.94,Debit Card,Success,2026-03-20
TXN08133,CUST1825,PROD022,3669.27,UPI,Success,2026-05-10
TXN08134,CUST0541,PROD085,12134.46,Debit Card,Success,2026-01-15
TXN08135,CUST1050,PROD087,19916.85,Wallet,Success,2026-07-06
TXN08136,CUST0702,PROD094,12351.9,Wallet,Success,2026-01-02
TXN08137,CUST0332,PROD068,12893.33,Wallet,Success,2026-04-22
TXN08138,CUST0814,PROD020,6760.9,Net Banking,Success,2026-04-25
TXN08139,CUST0176,PROD004,14062.88,Credit Card,Success,2026-05-06
TXN08140,CUST0588,PROD016,19077.82,Debit Card,Failed,2026-08-02
TXN08141,CUST0163,PROD045,14874.91,Wallet,Failed,2026-08-11
TXN08142,CUST1532,PROD096,17530.08,Debit Card,Success,2026-04-06
TXN08143,CUST0187,PROD071,6377.32,Debit Card,Success,2026-04-02
TXN08144,CUST1276,PROD055,5268.51,Debit Card,Success,2026-06-10
TXN08145,CUST0283,PROD013,9781.49,Wallet,Success,2026-02-02
TXN08146,CUST0290,PROD034,15582.32,Credit Card,Failed,2026-05-03
TXN08147,CUST1096,PROD008,13330.46,Credit Card,Failed,2026-01-06
TXN08148,CUST0156,PROD083,18597.73,Net Banking,Success,2026-02-14
TXN08149,CUST1588,PROD014,13144.67,Debit Card,Success,2026-03-04
TXN08150,CUST0068,PROD040,12577.38,Net Banking,Failed,2026-08-04
TXN08151,CUST1544,PROD015,19753.25,UPI,Success,2026-03-04
TXN08152,CUST0744,PROD098,17294.51,Debit Card,Success,2026-02-05
TXN08153,CUST0125,PROD028,1397.16,Debit Card,Success,2026-02-05
TXN08154,CUST0450,PROD003,501.12,Credit Card,Success,2026-01-29
TXN08155,CUST0577,PROD055,6186.88,Credit Card,Success,2026-03-20
TXN08156,CUST0578,PROD032,9406.45,Wallet,Success,2026-05-03
TXN08157,CUST1976,PROD048,6849.18,Credit Card,Success,2026-06-07
TXN08158,CUST1826,PROD062,19322.42,Credit Card,Success,2026-01-07
TXN08159,CUST0109,PROD095,6254.36,Net Banking,Failed,2026-04-30
TXN08160,CUST1915,PROD084,9566.04,Wallet,Success,2026-05-30
TXN08161,CUST1426,PROD024,7160.43,Wallet,Success,2026-06-21
TXN08162,CUST1328,PROD100,6253.26,Credit Card,Success,2026-01-17
TXN08163,CUST0032,PROD058,13881.68,Debit Card,Failed,2026-07-21
TXN08164,CUST1276,PROD049,9143.66,Net Banking,Success,2026-06-29
TXN08165,CUST0390,PROD028,11381.79,UPI,Success,2026-05-10
TXN08166,CUST0908,PROD015,18232.6,Debit Card,Success,2026-06-07
TXN08167,CUST0644,PROD007,13231.62,Debit Card,Success,2026-07-19
TXN08168,CUST0263,PROD006,2083.98,Net Banking,Success,2026-02-06
TXN08169,CUST1500,PROD037,3019.3,Debit Card,Failed,2026-06-29
TXN08170,CUST1485,PROD029,4862.3,Credit Card,Success,2026-07-03
TXN08171,CUST1565,PROD071,1897.12,Credit Card,Success,2026-03-19
TXN08172,CUST0229,PROD053,17920.8,Net Banking,Success,2026-01-20
TXN08173,CUST1513,PROD080,17618.12,Debit Card,Success,2026-05-01
TXN08174,CUST1867,PROD053,11727.85,Net Banking,Success,2026-01-11
TXN08175,CUST0230,PROD078,19921.04,Wallet,Success,2026-07-26
TXN08176,CUST1839,PROD009,15877.78,Debit Card,Success,2026-01-31
TXN08177,CUST1117,PROD059,2741.98,UPI,Success,2026-05-30
TXN08178,CUST1014,PROD016,6574.93,Wallet,Success,2026-04-05
TXN08179,CUST0022,PROD024,8166.4,Credit Card,Success,2026-02-03
TXN08180,CUST1782,PROD023,14533.26,Debit Card,Failed,2026-03-19
TXN08181,CUST1102,PROD093,19606.88,Net Banking,Failed,2026-07-02
TXN08182,CUST1743,PROD027,9030.4,Debit Card,Success,2026-07-27
TXN08183,CUST1325,PROD071,10037.93,UPI,Failed,2026-08-10
TXN08184,CUST1373,PROD003,7268.13,Net Banking,Success,2026-06-27
TXN08185,CUST0139,PROD064,10666.63,Debit Card,Success,2026-06-11
TXN08186,CUST0101,PROD008,3291.74,Debit Card,Failed,2026-05-05
TXN08187,CUST1234,PROD033,3565.71,Credit Card,Success,2026-03-20
TXN08188,CUST1245,PROD027,8239.07,UPI,Success,2026-04-20
TXN08189,CUST0634,PROD069,15164.5,Net Banking,Success,2026-07-21
TXN08190,CUST0245,PROD069,10575.71,UPI,Failed,2026-04-15
TXN08191,CUST0346,PROD095,9897.64,Credit Card,Success,2026-04-23
TXN08192,CUST1687,PROD058,9380.28,Net Banking,Success,2026-05-31
TXN08193,CUST1992,PROD067,14868.92,Credit Card,Success,2026-04-06
TXN08194,CUST1835,PROD031,13893.92,UPI,Failed,2026-03-04
TXN08195,CUST1699,PROD067,2270.18,Net Banking,Success,2026-04-17
TXN08196,CUST1751,PROD037,2593.98,Debit Card,Success,2026-02-24
TXN08197,CUST1286,PROD099,17514.73,Debit Card,Success,2026-04-01
TXN08198,CUST1224,PROD059,12808.13,Net Banking,Failed,2026-01-08
TXN08199,CUST1605,PROD093,1408.36,Net Banking,Success,2026-08-17
TXN08200,CUST1705,PROD040,12692.07,Debit Card,Success,2026-04-06
TXN08201,CUST0055,PROD003,1610.48,UPI,Success,2026-02-20
TXN08202,CUST0214,PROD020,9520.97,Wallet,Success,2026-03-31
TXN08203,CUST0223,PROD082,3832.08,Wallet,Success,2026-06-10
TXN08204,CUST0783,PROD058,13874.92,UPI,Success,2026-03-08
TXN08205,CUST0750,PROD044,15804.75,Credit Card,Success,2026-06-10
TXN08206,CUST1744,PROD014,10061.74,Wallet,Success,2026-03-15
TXN08207,CUST0883,PROD042,3289.06,Net Banking,Success,2026-06-16
TXN08208,CUST1869,PROD020,15234.13,Debit Card,Success,2026-07-11
TXN08209,CUST0897,PROD040,3258.19,Credit Card,Success,2026-07-10
TXN08210,CUST0049,PROD024,2718.25,UPI,Success,2026-03-12
TXN08211,CUST0857,PROD038,18109.41,UPI,Success,2026-04-14
TXN08212,CUST0332,PROD049,6941.01,UPI,Success,2026-07-02
TXN08213,CUST1484,PROD036,10368.25,UPI,Failed,2026-04-18
TXN08214,CUST0843,PROD058,19021.81,Credit Card,Success,2026-04-23
TXN08215,CUST0069,PROD008,11556.84,UPI,Failed,2026-02-11
TXN08216,CUST0702,PROD050,14469.31,Credit Card,Success,2026-06-09
TXN08217,CUST0122,PROD048,14702.88,Debit Card,Success,2026-04-19
TXN08218,CUST0813,PROD073,7887.7,UPI,Success,2026-06-10
TXN08219,CUST1875,PROD070,10492.76,Debit Card,Success,2026-03-11
TXN08220,CUST0446,PROD051,5150.89,UPI,Success,2026-03-09
TXN08221,CUST1855,PROD096,739.61,Credit Card,Success,2026-01-09
TXN08222,CUST1102,PROD073,7630.89,UPI,Success,2026-04-14
TXN08223,CUST0120,PROD053,3046.9,UPI,Success,2026-02-17
TXN08224,CUST0246,PROD090,19272.2,Debit Card,Success,2026-04-30
TXN08225,CUST1234,PROD049,9560.97,Credit Card,Failed,2026-07-22
TXN08226,CUST0836,PROD004,6879.01,Debit Card,Success,2026-04-21
TXN08227,CUST0166,PROD035,13639.14,Debit Card,Success,2026-02-24
TXN08228,CUST0368,PROD005,10006.2,Debit Card,Success,2026-01-12
TXN08229,CUST0162,PROD088,1095.95,Net Banking,Success,2026-04-27
TXN08230,CUST0340,PROD019,11314.89,Wallet,Failed,2026-03-06
TXN08231,CUST1783,PROD043,18268.19,Credit Card,Success,2026-05-26
TXN08232,CUST0997,PROD038,3454.98,Net Banking,Success,2026-07-06
TXN08233,CUST0169,PROD063,15520.31,Net Banking,Failed,2026-08-15
TXN08234,CUST0923,PROD028,18130.06,Wallet,Success,2026-07-15
TXN08235,CUST0242,PROD014,1462.05,UPI,Success,2026-02-22
TXN08236,CUST0353,PROD088,18698.15,Credit Card,Failed,2026-02-08
TXN08237,CUST0456,PROD047,18491.81,Credit Card,Success,2026-02-12
TXN08238,CUST0954,PROD064,6841.42,Debit Card,Failed,2026-03-11
TXN08239,CUST1643,PROD004,8071.15,Credit Card,Success,2026-03-03
TXN08240,CUST0571,PROD071,13689.03,Wallet,Success,2026-04-13
TXN08241,CUST0840,PROD005,5719.05,Credit Card,Success,2026-01-29
TXN08242,CUST0215,PROD051,14534.45,Debit Card,Success,2026-04-04
TXN08243,CUST0266,PROD060,11793.74,Wallet,Failed,2026-02-20
TXN08244,CUST0961,PROD008,2819.04,Debit Card,Success,2026-08-16
TXN08245,CUST0159,PROD095,7833.45,UPI,Success,2026-08-01
TXN08246,CUST0970,PROD086,7725.09,Credit Card,Failed,2026-01-13
TXN08247,CUST1756,PROD055,13307.52,Debit Card,Success,2026-06-16
TXN08248,CUST0602,PROD011,11822.61,Debit Card,Success,2026-01-12
TXN08249,CUST1003,PROD060,17364.08,Wallet,Success,2026-02-12
TXN08250,CUST0939,PROD005,6736.95,Debit Card,Success,2026-02-22
TXN08251,CUST1595,PROD022,4905.74,Credit Card,Success,2026-04-26
TXN08252,CUST0814,PROD086,5516.74,Net Banking,Success,2026-03-25
TXN08253,CUST0603,PROD069,15248.62,Debit Card,Success,2026-08-16
TXN08254,CUST0175,PROD075,11944.63,Debit Card,Success,2026-04-14
TXN08255,CUST1500,PROD031,3683.64,Net Banking,Success,2026-02-17
TXN08256,CUST1240,PROD010,15258.14,Net Banking,Failed,2026-01-20
TXN08257,CUST0690,PROD015,3758.17,Credit Card,Success,2026-06-04
TXN08258,CUST0366,PROD075,1728.13,Debit Card,Success,2026-06-02
TXN08259,CUST1563,PROD019,2788.66,Wallet,Success,2026-08-06
TXN08260,CUST1893,PROD045,5085.9,UPI,Failed,2026-03-07
TXN08261,CUST0908,PROD043,15854.73,Net Banking,Success,2026-05-03
TXN08262,CUST1004,PROD052,7612.46,Credit Card,Success,2026-05-05
TXN08263,CUST1372,PROD034,17284.03,Wallet,Failed,2026-04-04
TXN08264,CUST1767,PROD031,8832.75,Net Banking,Failed,2026-01-04
TXN08265,CUST1147,PROD028,4851.02,Debit Card,Success,2026-06-19
TXN08266,CUST1053,PROD026,14714.97,Credit Card,Success,2026-07-25
TXN08267,CUST1048,PROD028,7968.83,UPI,Success,2026-06-12
TXN08268,CUST1707,PROD082,11610.8,Net Banking,Success,2026-08-07
TXN08269,CUST1070,PROD052,7774.36,UPI,Failed,2026-05-13
TXN08270,CUST1935,PROD003,9730.33,Net Banking,Success,2026-04-05
TXN08271,CUST0489,PROD007,699.84,Credit Card,Success,2026-02-17
TXN08272,CUST0747,PROD002,12395.08,Net Banking,Success,2026-06-27
TXN08273,CUST0576,PROD061,17499.74,Credit Card,Failed,2026-06-08
TXN08274,CUST0074,PROD031,17916.71,UPI,Success,2026-04-26
TXN08275,CUST0291,PROD088,2406.93,Net Banking,Success,2026-07-25
TXN08276,CUST0921,PROD023,10076.66,Credit Card,Failed,2026-05-26
TXN08277,CUST0360,PROD081,3048.83,Wallet,Failed,2026-04-15
TXN08278,CUST0571,PROD074,6689.02,Net Banking,Success,2026-02-10
TXN08279,CUST1519,PROD017,12292.73,Credit Card,Success,2026-07-06
TXN08280,CUST1498,PROD074,17468.64,Credit Card,Success,2026-05-11
TXN08281,CUST1541,PROD040,789.63,Credit Card,Failed,2026-05-01
TXN08282,CUST0176,PROD079,16614.4,Wallet,Success,2026-06-06
TXN08283,CUST1292,PROD086,8445.67,Wallet,Success,2026-01-20
TXN08284,CUST1208,PROD065,16413.41,Wallet,Failed,2026-01-08
TXN08285,CUST1150,PROD093,1435.49,Wallet,Success,2026-01-05
TXN08286,CUST0474,PROD051,14518.89,Credit Card,Success,2026-04-23
TXN08287,CUST1593,PROD039,6720.33,Credit Card,Success,2026-02-02
TXN08288,CUST0737,PROD078,5328.04,Net Banking,Success,2026-04-10
TXN08289,CUST1633,PROD018,13852.2,Net Banking,Success,2026-07-01
TXN08290,CUST0380,PROD019,2217.79,Debit Card,Success,2026-03-22
TXN08291,CUST0300,PROD041,1193.66,Net Banking,Failed,2026-01-25
TXN08292,CUST1772,PROD075,3914.42,Credit Card,Failed,2026-08-12
TXN08293,CUST1910,PROD057,5221.33,UPI,Success,2026-01-25
TXN08294,CUST0693,PROD090,19776.04,UPI,Success,2026-07-20
TXN08295,CUST0009,PROD070,8099.81,Debit Card,Failed,2026-07-18
TXN08296,CUST1605,PROD042,17599.17,Credit Card,Failed,2026-02-27
TXN08297,CUST0871,PROD055,16304.26,Debit Card,Success,2026-01-02
TXN08298,CUST0663,PROD020,12899.88,Net Banking,Success,2026-04-14
TXN08299,CUST1858,PROD062,1500.8,UPI,Failed,2026-06-24
TXN08300,CUST0176,PROD028,18268.82,UPI,Success,2026-02-04
TXN08301,CUST0318,PROD025,14789.0,Wallet,Success,2026-01-31
TXN08302,CUST1101,PROD034,19472.86,Debit Card,Success,2026-03-26
TXN08303,CUST1588,PROD053,18757.78,Wallet,Failed,2026-04-21
TXN08304,CUST0697,PROD009,19404.81,Net Banking,Success,2026-04-28
TXN08305,CUST0728,PROD080,12449.52,Wallet,Success,2026-07-12
TXN08306,CUST1929,PROD077,7706.03,Net Banking,Failed,2026-07-31
TXN08307,CUST0907,PROD052,1416.55,Credit Card,Success,2026-02-17
TXN08308,CUST0775,PROD036,19672.14,Wallet,Success,2026-05-27
TXN08309,CUST1406,PROD014,16981.42,Net Banking,Success,2026-03-02
TXN08310,CUST1512,PROD035,4102.62,Debit Card,Success,2026-06-24
TXN08311,CUST0608,PROD078,2251.02,Credit Card,Success,2026-04-18
TXN08312,CUST0405,PROD016,10049.54,Debit Card,Success,2026-05-01
TXN08313,CUST0303,PROD024,3073.49,Credit Card,Success,2026-08-08
TXN08314,CUST0269,PROD083,2332.75,Wallet,Success,2026-07-03
TXN08315,CUST0393,PROD066,2034.36,Wallet,Success,2026-07-07
TXN08316,CUST1878,PROD030,5296.0,UPI,Success,2026-02-22
TXN08317,CUST0670,PROD013,818.85,Wallet,Success,2026-02-15
TXN08318,CUST1107,PROD031,14629.08,UPI,Failed,2026-03-25
TXN08319,CUST1507,PROD027,4855.97,UPI,Success,2026-05-02
TXN08320,CUST0612,PROD041,4303.96,UPI,Success,2026-03-24
TXN08321,CUST0651,PROD084,8644.5,Debit Card,Success,2026-02-21
TXN08322,CUST0135,PROD090,8902.02,Wallet,Success,2026-01-20
TXN08323,CUST1831,PROD049,4758.62,Credit Card,Success,2026-07-26
TXN08324,CUST0535,PROD058,12638.72,Debit Card,Success,2026-06-29
TXN08325,CUST1773,PROD028,5013.54,Wallet,Success,2026-06-13
TXN08326,CUST0663,PROD039,2333.5,Net Banking,Failed,2026-07-25
TXN08327,CUST1171,PROD019,13848.89,UPI,Success,2026-02-07
TXN08328,CUST1891,PROD070,2832.44,Wallet,Success,2026-06-15
TXN08329,CUST0699,PROD099,11110.91,Credit Card,Failed,2026-01-11
TXN08330,CUST1908,PROD039,7062.12,Wallet,Success,2026-01-31
TXN08331,CUST1174,PROD088,19606.04,Wallet,Failed,2026-07-13
TXN08332,CUST1991,PROD011,8658.96,Debit Card,Success,2026-02-15
TXN08333,CUST1223,PROD078,4070.39,Debit Card,Success,2026-03-19
TXN08334,CUST1495,PROD054,6906.5,Credit Card,Failed,2026-02-21
TXN08335,CUST1980,PROD056,2397.39,Net Banking,Success,2026-02-27
TXN08336,CUST1418,PROD038,17004.32,Net Banking,Success,2026-01-21
TXN08337,CUST0880,PROD002,6510.6,Credit Card,Success,2026-03-03
TXN08338,CUST1397,PROD003,9785.18,Credit Card,Success,2026-06-21
TXN08339,CUST0962,PROD011,2715.66,Debit Card,Success,2026-06-29
TXN08340,CUST0009,PROD054,12188.4,Debit Card,Success,2026-08-07
TXN08341,CUST1648,PROD010,3646.78,Wallet,Failed,2026-04-27
TXN08342,CUST0620,PROD001,13328.3,Wallet,Success,2026-04-10
TXN08343,CUST0288,PROD077,8638.44,UPI,Success,2026-02-06
TXN08344,CUST0183,PROD071,8714.65,Credit Card,Success,2026-06-06
TXN08345,CUST1262,PROD097,19559.16,Net Banking,Success,2026-06-15
TXN08346,CUST1131,PROD081,9154.84,Wallet,Success,2026-07-10
TXN08347,CUST1414,PROD034,9929.71,UPI,Success,2026-03-08
TXN08348,CUST1245,PROD019,12836.11,Credit Card,Success,2026-03-30
TXN08349,CUST0928,PROD043,6658.84,Debit Card,Success,2026-01-01
TXN08350,CUST1717,PROD014,8802.24,Credit Card,Failed,2026-03-17
TXN08351,CUST1732,PROD094,18071.01,UPI,Success,2026-03-11
TXN08352,CUST1235,PROD060,2688.87,Net Banking,Success,2026-04-07
TXN08353,CUST0577,PROD045,8912.14,Wallet,Success,2026-07-29
TXN08354,CUST1192,PROD038,1962.45,Debit Card,Success,2026-02-03
TXN08355,CUST1263,PROD046,7967.88,UPI,Success,2026-04-15
TXN08356,CUST1044,PROD043,12997.25,Wallet,Failed,2026-02-11
TXN08357,CUST0382,PROD025,2494.55,Credit Card,Failed,2026-02-23
TXN08358,CUST1270,PROD055,9826.6,Debit Card,Success,2026-02-25
TXN08359,CUST1912,PROD046,10808.47,Debit Card,Failed,2026-06-24
TXN08360,CUST1186,PROD014,17454.71,Net Banking,Success,2026-04-29
TXN08361,CUST0507,PROD066,7367.05,Wallet,Success,2026-04-11
TXN08362,CUST0291,PROD043,14309.99,Debit Card,Success,2026-06-28
TXN08363,CUST0999,PROD089,8258.31,Net Banking,Success,2026-04-18
TXN08364,CUST1030,PROD064,2119.68,UPI,Success,2026-04-29
TXN08365,CUST0760,PROD028,19311.03,Wallet,Success,2026-03-29
TXN08366,CUST0711,PROD025,12188.8,UPI,Success,2026-04-05
TXN08367,CUST1363,PROD073,10523.19,Wallet,Success,2026-03-28
TXN08368,CUST1243,PROD034,10854.75,UPI,Failed,2026-03-02
TXN08369,CUST1176,PROD094,9342.01,Wallet,Success,2026-02-08
TXN08370,CUST0667,PROD089,12631.87,Net Banking,Failed,2026-02-01
TXN08371,CUST0419,PROD090,16689.18,Debit Card,Success,2026-06-07
TXN08372,CUST0175,PROD040,17962.49,UPI,Success,2026-06-30
TXN08373,CUST0326,PROD010,7253.22,UPI,Failed,2026-03-21
TXN08374,CUST0823,PROD060,16884.16,Debit Card,Success,2026-02-07
TXN08375,CUST1127,PROD047,9993.55,Debit Card,Success,2026-01-09
TXN08376,CUST1943,PROD100,7527.11,Net Banking,Success,2026-07-10
TXN08377,CUST1902,PROD003,4180.99,Net Banking,Success,2026-03-06
TXN08378,CUST0779,PROD030,1189.84,Net Banking,Failed,2026-04-26
TXN08379,CUST1663,PROD078,9872.33,UPI,Failed,2026-01-20
TXN08380,CUST0058,PROD051,14139.06,UPI,Failed,2026-04-01
TXN08381,CUST1743,PROD037,657.66,Credit Card,Success,2026-02-13
TXN08382,CUST1947,PROD053,2230.39,UPI,Success,2026-07-05
TXN08383,CUST0243,PROD092,14860.51,UPI,Failed,2026-05-08
TXN08384,CUST0314,PROD073,3200.6,Wallet,Success,2026-01-14
TXN08385,CUST1686,PROD041,1943.21,Credit Card,Failed,2026-06-29
TXN08386,CUST0059,PROD001,3750.86,Debit Card,Success,2026-06-26
TXN08387,CUST0132,PROD095,2054.62,Debit Card,Success,2026-04-23
TXN08388,CUST0362,PROD079,11529.36,Debit Card,Success,2026-07-01
TXN08389,CUST0660,PROD017,4964.63,Credit Card,Failed,2026-05-10
TXN08390,CUST0058,PROD033,12341.3,Debit Card,Success,2026-05-07
TXN08391,CUST1439,PROD099,6000.58,Wallet,Success,2026-04-07
TXN08392,CUST0581,PROD018,16528.93,Credit Card,Success,2026-03-01
TXN08393,CUST1687,PROD032,15581.44,Wallet,Failed,2026-08-06
TXN08394,CUST1827,PROD040,17709.44,Net Banking,Success,2026-08-10
TXN08395,CUST0136,PROD074,18394.53,Debit Card,Failed,2026-02-23
TXN08396,CUST0410,PROD007,11271.24,UPI,Success,2026-03-17
TXN08397,CUST0085,PROD016,8560.33,Net Banking,Success,2026-01-13
TXN08398,CUST1355,PROD095,5406.33,UPI,Success,2026-05-29
TXN08399,CUST0750,PROD082,14936.57,Debit Card,Success,2026-03-04
TXN08400,CUST1977,PROD063,13720.43,Credit Card,Success,2026-07-09
TXN08401,CUST0584,PROD092,13807.93,UPI,Success,2026-03-01
TXN08402,CUST0228,PROD071,14450.28,UPI,Failed,2026-02-08
TXN08403,CUST0327,PROD012,16056.64,UPI,Success,2026-06-21
TXN08404,CUST1363,PROD025,11465.75,UPI,Failed,2026-02-26
TXN08405,CUST1902,PROD049,9333.85,Wallet,Success,2026-06-12
TXN08406,CUST1383,PROD011,13296.06,UPI,Failed,2026-07-30
TXN08407,CUST1644,PROD008,3254.18,Credit Card,Failed,2026-08-11
TXN08408,CUST1141,PROD031,17769.0,Net Banking,Success,2026-05-28
TXN08409,CUST1578,PROD087,2980.6,Debit Card,Success,2026-08-04
TXN08410,CUST1246,PROD041,4947.47,Net Banking,Success,2026-04-02
TXN08411,CUST0554,PROD085,1463.95,Wallet,Success,2026-01-18
TXN08412,CUST0715,PROD038,18216.19,Credit Card,Failed,2026-04-26
TXN08413,CUST0801,PROD032,11918.3,Net Banking,Success,2026-05-25
TXN08414,CUST0628,PROD003,13338.53,Wallet,Success,2026-03-01
TXN08415,CUST1983,PROD080,3049.04,UPI,Success,2026-02-27
TXN08416,CUST1298,PROD045,12536.2,Debit Card,Success,2026-03-08
TXN08417,CUST1244,PROD006,12109.83,Credit Card,Failed,2026-01-07
TXN08418,CUST1383,PROD047,15388.68,Wallet,Success,2026-02-05
TXN08419,CUST1261,PROD031,12374.37,Wallet,Success,2026-03-02
TXN08420,CUST0051,PROD050,17033.02,Credit Card,Success,2026-05-04
TXN08421,CUST0437,PROD067,3849.37,Debit Card,Success,2026-04-09
TXN08422,CUST1942,PROD098,6050.65,UPI,Success,2026-06-21
TXN08423,CUST1418,PROD039,11614.35,Wallet,Failed,2026-04-11
TXN08424,CUST1178,PROD091,3591.14,Debit Card,Failed,2026-05-23
TXN08425,CUST0707,PROD093,6757.76,UPI,Success,2026-02-16
TXN08426,CUST0004,PROD088,18472.02,Debit Card,Success,2026-06-12
TXN08427,CUST0621,PROD100,6301.85,Debit Card,Success,2026-08-06
TXN08428,CUST1218,PROD019,277.49,UPI,Success,2026-03-11
TXN08429,CUST0215,PROD094,16507.86,Net Banking,Success,2026-05-21
TXN08430,CUST1994,PROD025,13634.75,UPI,Success,2026-02-13
TXN08431,CUST0935,PROD043,12383.79,Credit Card,Success,2026-01-14
TXN08432,CUST1593,PROD033,15014.63,Wallet,Failed,2026-06-10
TXN08433,CUST0494,PROD074,1673.91,Credit Card,Success,2026-02-23
TXN08434,CUST1416,PROD036,2295.38,Credit Card,Success,2026-01-14
TXN08435,CUST0269,PROD066,15286.39,Credit Card,Failed,2026-01-15
TXN08436,CUST0930,PROD023,11989.7,Net Banking,Success,2026-07-29
TXN08437,CUST0732,PROD015,3284.08,Net Banking,Success,2026-02-24
TXN08438,CUST1319,PROD008,9978.64,Net Banking,Success,2026-06-05
TXN08439,CUST0426,PROD090,657.3,Credit Card,Success,2026-02-16
TXN08440,CUST0212,PROD060,7865.09,Wallet,Failed,2026-04-22
TXN08441,CUST1252,PROD023,2537.97,Net Banking,Success,2026-02-12
TXN08442,CUST0856,PROD021,2153.35,Credit Card,Success,2026-02-23
TXN08443,CUST0747,PROD074,17833.0,Wallet,Success,2026-03-30
TXN08444,CUST1309,PROD080,18949.87,Debit Card,Success,2026-04-12
TXN08445,CUST0327,PROD009,11685.06,Wallet,Success,2026-02-13
TXN08446,CUST1731,PROD077,850.98,Wallet,Success,2026-08-18
TXN08447,CUST1792,PROD039,1686.69,Net Banking,Success,2026-03-18
TXN08448,CUST1882,PROD027,15267.88,Credit Card,Success,2026-04-20
TXN08449,CUST1559,PROD072,18160.75,Credit Card,Success,2026-07-30
TXN08450,CUST1969,PROD054,18716.76,Wallet,Success,2026-07-17
TXN08451,CUST1113,PROD055,18212.98,Net Banking,Success,2026-05-08
TXN08452,CUST1196,PROD046,17993.34,Net Banking,Success,2026-03-24
TXN08453,CUST1481,PROD001,6566.83,Net Banking,Success,2026-05-24
TXN08454,CUST1928,PROD007,8046.97,Wallet,Success,2026-06-03
TXN08455,CUST1892,PROD036,17313.25,UPI,Success,2026-01-18
TXN08456,CUST1200,PROD083,303.86,Credit Card,Success,2026-06-07
TXN08457,CUST0846,PROD065,9236.09,Credit Card,Success,2026-03-21
TXN08458,CUST0538,PROD049,19157.06,Wallet,Success,2026-05-08
TXN08459,CUST0095,PROD094,11000.09,Debit Card,Success,2026-07-21
TXN08460,CUST0835,PROD001,13913.93,Net Banking,Success,2026-06-10
TXN08461,CUST1039,PROD091,15687.71,Credit Card,Failed,2026-08-01
TXN08462,CUST0761,PROD005,14377.31,Net Banking,Success,2026-01-27
TXN08463,CUST1563,PROD060,6738.75,Credit Card,Success,2026-08-08
TXN08464,CUST1310,PROD079,3326.45,Credit Card,Success,2026-03-27
TXN08465,CUST0378,PROD099,15553.14,Wallet,Success,2026-02-27
TXN08466,CUST0358,PROD075,16376.92,Debit Card,Success,2026-07-04
TXN08467,CUST1434,PROD049,19585.47,Credit Card,Success,2026-08-13
TXN08468,CUST0775,PROD032,6618.8,UPI,Success,2026-07-04
TXN08469,CUST1048,PROD060,5418.4,Net Banking,Success,2026-08-07
TXN08470,CUST0646,PROD086,2131.39,Wallet,Success,2026-06-22
TXN08471,CUST0565,PROD048,15125.09,Wallet,Success,2026-05-24
TXN08472,CUST1496,PROD070,6400.32,Credit Card,Success,2026-08-18
TXN08473,CUST1025,PROD085,6007.21,Wallet,Failed,2026-06-05
TXN08474,CUST1728,PROD097,1517.51,Debit Card,Success,2026-06-01
TXN08475,CUST1934,PROD045,18460.52,Wallet,Success,2026-06-15
TXN08476,CUST0294,PROD018,11092.46,Debit Card,Success,2026-05-02
TXN08477,CUST0266,PROD001,11512.57,UPI,Failed,2026-01-12
TXN08478,CUST0184,PROD064,13413.87,Wallet,Success,2026-07-13
TXN08479,CUST0511,PROD099,1452.75,Debit Card,Failed,2026-01-21
TXN08480,CUST0867,PROD031,4357.02,UPI,Failed,2026-08-06
TXN08481,CUST1112,PROD079,14416.2,UPI,Success,2026-08-11
TXN08482,CUST1372,PROD001,5780.31,Debit Card,Failed,2026-07-12
TXN08483,CUST1540,PROD050,12775.2,Wallet,Success,2026-01-27
TXN08484,CUST1843,PROD084,19250.5,UPI,Success,2026-01-16
TXN08485,CUST1264,PROD063,7467.08,Credit Card,Success,2026-05-14
TXN08486,CUST1866,PROD087,19843.01,Wallet,Success,2026-04-02
TXN08487,CUST0345,PROD012,526.28,Credit Card,Success,2026-03-18
TXN08488,CUST1385,PROD066,18115.87,UPI,Failed,2026-07-28
TXN08489,CUST0383,PROD070,12618.22,Debit Card,Success,2026-04-15
TXN08490,CUST1168,PROD005,16696.56,Net Banking,Success,2026-05-21
TXN08491,CUST0665,PROD043,889.62,Debit Card,Success,2026-04-06
TXN08492,CUST0686,PROD016,12203.1,Credit Card,Success,2026-05-27
TXN08493,CUST0758,PROD058,15230.78,Net Banking,Failed,2026-01-01
TXN08494,CUST0777,PROD085,18073.35,Net Banking,Success,2026-08-08
TXN08495,CUST1860,PROD086,8590.55,UPI,Success,2026-03-12
TXN08496,CUST1558,PROD047,16362.23,Wallet,Success,2026-02-13
TXN08497,CUST1615,PROD072,4258.6,Wallet,Success,2026-08-06
TXN08498,CUST1591,PROD047,11841.76,Wallet,Success,2026-04-04
TXN08499,CUST0993,PROD060,14793.81,Net Banking,Failed,2026-06-27
TXN08500,CUST1269,PROD017,17746.69,Wallet,Success,2026-04-17
TXN08501,CUST1681,PROD048,7895.53,Debit Card,Failed,2026-06-22
TXN08502,CUST0059,PROD056,17751.07,Wallet,Success,2026-08-06
TXN08503,CUST1019,PROD055,2663.48,Credit Card,Success,2026-01-03
TXN08504,CUST0726,PROD010,13228.83,Wallet,Success,2026-01-07
TXN08505,CUST0749,PROD076,14227.71,Wallet,Success,2026-04-09
TXN08506,CUST0685,PROD100,9492.87,Debit Card,Failed,2026-06-30
TXN08507,CUST0536,PROD025,11336.89,Net Banking,Success,2026-06-12
TXN08508,CUST0419,PROD062,7298.79,Wallet,Success,2026-08-10
TXN08509,CUST1213,PROD089,1883.44,Wallet,Success,2026-07-07
TXN08510,CUST1824,PROD091,10669.13,UPI,Success,2026-08-11
TXN08511,CUST1150,PROD067,1953.63,UPI,Success,2026-07-20
TXN08512,CUST1477,PROD030,4826.26,Wallet,Success,2026-05-02
TXN08513,CUST1797,PROD086,18737.39,Credit Card,Success,2026-02-23
TXN08514,CUST0545,PROD031,3495.21,Net Banking,Success,2026-01-21
TXN08515,CUST1371,PROD060,17590.21,UPI,Success,2026-07-15
TXN08516,CUST1003,PROD065,9806.17,Net Banking,Success,2026-06-04
TXN08517,CUST0504,PROD096,10295.83,Wallet,Success,2026-07-14
TXN08518,CUST1724,PROD066,14548.17,Credit Card,Success,2026-02-19
TXN08519,CUST1509,PROD007,16644.63,Credit Card,Success,2026-02-06
TXN08520,CUST0626,PROD037,10477.37,Credit Card,Success,2026-06-18
TXN08521,CUST0230,PROD078,9918.01,Wallet,Success,2026-07-18
TXN08522,CUST0851,PROD033,11805.35,UPI,Success,2026-05-02
TXN08523,CUST1641,PROD038,19453.31,Debit Card,Failed,2026-06-21
TXN08524,CUST1211,PROD003,494.22,Credit Card,Failed,2026-07-20
TXN08525,CUST0604,PROD022,2835.6,UPI,Success,2026-07-15
TXN08526,CUST0090,PROD091,2663.18,Credit Card,Success,2026-07-24
TXN08527,CUST0489,PROD064,9945.45,Credit Card,Success,2026-03-12
TXN08528,CUST0072,PROD029,19741.85,Debit Card,Success,2026-01-16
TXN08529,CUST1176,PROD022,6775.45,UPI,Success,2026-07-26
TXN08530,CUST0458,PROD029,5069.39,Wallet,Success,2026-03-30
TXN08531,CUST0477,PROD053,10116.5,Credit Card,Success,2026-07-14
TXN08532,CUST0168,PROD081,17595.87,Credit Card,Failed,2026-08-08
TXN08533,CUST1958,PROD089,9832.86,Wallet,Success,2026-04-18
TXN08534,CUST0590,PROD052,3678.56,Net Banking,Success,2026-01-24
TXN08535,CUST0018,PROD082,1260.14,UPI,Failed,2026-02-12
TXN08536,CUST0281,PROD014,16504.24,UPI,Success,2026-03-10
TXN08537,CUST1720,PROD100,13197.17,Debit Card,Success,2026-04-21
TXN08538,CUST1368,PROD028,7899.7,Wallet,Success,2026-08-01
TXN08539,CUST0239,PROD097,13983.04,Debit Card,Success,2026-08-16
TXN08540,CUST1297,PROD013,2276.48,Debit Card,Failed,2026-03-11
TXN08541,CUST0773,PROD070,18397.56,Wallet,Success,2026-08-14
TXN08542,CUST0056,PROD076,2825.18,UPI,Failed,2026-05-25
TXN08543,CUST0585,PROD066,18821.87,Debit Card,Success,2026-06-01
TXN08544,CUST0557,PROD086,18246.66,Debit Card,Failed,2026-05-30
TXN08545,CUST0900,PROD019,7165.66,Credit Card,Success,2026-04-30
TXN08546,CUST0592,PROD063,5163.98,Debit Card,Success,2026-08-02
TXN08547,CUST1391,PROD014,9065.81,Net Banking,Success,2026-04-03
TXN08548,CUST1166,PROD033,11818.65,Net Banking,Success,2026-03-09
TXN08549,CUST0207,PROD037,6160.92,Net Banking,Success,2026-03-20
TXN08550,CUST0994,PROD040,10432.87,Debit Card,Success,2026-07-24
TXN08551,CUST0328,PROD041,2865.68,Wallet,Failed,2026-08-16
TXN08552,CUST1094,PROD086,15984.83,Net Banking,Success,2026-03-18
TXN08553,CUST1771,PROD003,17718.62,Credit Card,Success,2026-06-06
TXN08554,CUST0513,PROD031,19627.79,Wallet,Success,2026-05-02
TXN08555,CUST0318,PROD010,4904.39,UPI,Success,2026-06-02
TXN08556,CUST1592,PROD056,14117.52,Net Banking,Success,2026-06-08
TXN08557,CUST0534,PROD068,4532.02,Net Banking,Success,2026-02-24
TXN08558,CUST0991,PROD017,15018.4,UPI,Success,2026-04-23
TXN08559,CUST0515,PROD020,3431.94,Credit Card,Success,2026-01-30
TXN08560,CUST1988,PROD098,19769.04,Credit Card,Failed,2026-01-01
TXN08561,CUST1388,PROD027,5646.08,Credit Card,Success,2026-01-26
TXN08562,CUST0973,PROD018,3772.47,Net Banking,Success,2026-08-10
TXN08563,CUST0090,PROD057,6090.94,Wallet,Success,2026-01-18
TXN08564,CUST0708,PROD028,16497.37,UPI,Success,2026-01-13
TXN08565,CUST0484,PROD021,4847.87,Wallet,Failed,2026-06-04
TXN08566,CUST1849,PROD063,18772.51,Credit Card,Success,2026-02-23
TXN08567,CUST0327,PROD013,19846.2,Debit Card,Failed,2026-05-16
TXN08568,CUST0388,PROD082,9308.79,Wallet,Success,2026-04-02
TXN08569,CUST1986,PROD054,18894.9,UPI,Failed,2026-02-10
TXN08570,CUST1237,PROD036,16041.94,Debit Card,Success,2026-07-17
TXN08571,CUST1490,PROD008,11224.11,Wallet,Failed,2026-03-30
TXN08572,CUST1446,PROD089,11652.79,UPI,Failed,2026-07-01
TXN08573,CUST0251,PROD013,16020.36,Wallet,Success,2026-06-04
TXN08574,CUST0372,PROD072,2578.08,Wallet,Success,2026-07-29
TXN08575,CUST0585,PROD018,15644.55,Net Banking,Success,2026-01-01
TXN08576,CUST0389,PROD026,13228.86,Debit Card,Success,2026-05-31
TXN08577,CUST0386,PROD040,4070.24,Wallet,Success,2026-03-14
TXN08578,CUST1459,PROD013,15419.34,Credit Card,Success,2026-04-24
TXN08579,CUST0554,PROD007,16607.27,Wallet,Success,2026-08-12
TXN08580,CUST0380,PROD038,3136.67,Credit Card,Success,2026-07-18
TXN08581,CUST1774,PROD004,12335.59,Net Banking,Success,2026-01-21
TXN08582,CUST0229,PROD049,4015.76,Debit Card,Success,2026-02-04
TXN08583,CUST0008,PROD085,10412.26,Net Banking,Success,2026-07-23
TXN08584,CUST0627,PROD033,9706.4,Wallet,Success,2026-03-03
TXN08585,CUST1890,PROD063,2552.86,UPI,Success,2026-02-04
TXN08586,CUST0750,PROD064,12464.58,Wallet,Success,2026-05-19
TXN08587,CUST1914,PROD077,19696.45,Credit Card,Success,2026-01-13
TXN08588,CUST1744,PROD015,11464.25,Credit Card,Success,2026-05-09
TXN08589,CUST1568,PROD021,19928.56,Wallet,Success,2026-03-16
TXN08590,CUST0362,PROD005,8924.93,Wallet,Success,2026-05-27
TXN08591,CUST0729,PROD019,16359.13,Credit Card,Success,2026-05-19
TXN08592,CUST0185,PROD100,11396.4,Wallet,Failed,2026-05-07
TXN08593,CUST0731,PROD014,8639.32,UPI,Success,2026-04-02
TXN08594,CUST1801,PROD069,1156.67,Debit Card,Success,2026-04-06
TXN08595,CUST1994,PROD003,15078.27,Net Banking,Success,2026-04-30
TXN08596,CUST0122,PROD015,13374.33,Credit Card,Success,2026-02-02
TXN08597,CUST0797,PROD018,6922.2,Debit Card,Success,2026-05-01
TXN08598,CUST0051,PROD005,583.09,Net Banking,Failed,2026-04-09
TXN08599,CUST0715,PROD061,17246.64,Wallet,Success,2026-03-03
TXN08600,CUST1317,PROD031,11064.07,Net Banking,Success,2026-08-08
TXN08601,CUST1526,PROD089,11026.34,Debit Card,Failed,2026-07-25
TXN08602,CUST0153,PROD050,4692.06,Credit Card,Success,2026-01-13
TXN08603,CUST0357,PROD076,16137.66,Credit Card,Success,2026-05-18
TXN08604,CUST0834,PROD025,19650.11,Credit Card,Success,2026-05-02
TXN08605,CUST1691,PROD015,2048.75,Wallet,Success,2026-06-02
TXN08606,CUST1524,PROD027,19109.6,UPI,Success,2026-07-04
TXN08607,CUST0316,PROD049,3227.13,UPI,Success,2026-04-23
TXN08608,CUST0076,PROD050,15690.11,Debit Card,Failed,2026-06-22
TXN08609,CUST1481,PROD023,13594.48,Credit Card,Failed,2026-02-10
TXN08610,CUST0328,PROD042,5770.75,Net Banking,Success,2026-08-16
TXN08611,CUST1954,PROD097,14136.52,Net Banking,Success,2026-03-13
TXN08612,CUST0456,PROD010,8763.44,Debit Card,Success,2026-01-24
TXN08613,CUST0725,PROD077,19052.93,Credit Card,Success,2026-01-14
TXN08614,CUST0693,PROD029,7228.99,Debit Card,Success,2026-07-11
TXN08615,CUST1707,PROD027,8931.17,Net Banking,Success,2026-03-07
TXN08616,CUST0926,PROD050,14958.05,Credit Card,Success,2026-02-02
TXN08617,CUST1867,PROD090,9740.36,Net Banking,Success,2026-01-19
TXN08618,CUST1319,PROD057,11843.2,Debit Card,Success,2026-03-13
TXN08619,CUST1925,PROD022,15171.34,Credit Card,Success,2026-03-17
TXN08620,CUST0738,PROD077,15678.27,Credit Card,Success,2026-03-08
TXN08621,CUST0592,PROD078,9107.92,Net Banking,Success,2026-01-14
TXN08622,CUST0470,PROD062,1845.51,Net Banking,Success,2026-08-04
TXN08623,CUST1423,PROD083,3943.08,Wallet,Failed,2026-08-06
TXN08624,CUST0995,PROD029,1568.08,UPI,Success,2026-04-20
TXN08625,CUST0713,PROD049,16948.25,Wallet,Failed,2026-03-02
TXN08626,CUST0759,PROD024,18554.23,Debit Card,Success,2026-01-25
TXN08627,CUST1663,PROD024,5250.34,Debit Card,Success,2026-01-24
TXN08628,CUST1386,PROD095,5370.05,Net Banking,Failed,2026-08-04
TXN08629,CUST1999,PROD008,14134.2,Wallet,Success,2026-04-17
TXN08630,CUST1088,PROD066,4971.04,Debit Card,Success,2026-05-15
TXN08631,CUST1030,PROD083,18958.09,Net Banking,Success,2026-02-27
TXN08632,CUST0657,PROD034,12746.23,Debit Card,Failed,2026-04-25
TXN08633,CUST0920,PROD074,11390.06,Net Banking,Success,2026-07-14
TXN08634,CUST0273,PROD045,14726.28,Wallet,Success,2026-02-11
TXN08635,CUST1498,PROD099,16993.26,Net Banking,Failed,2026-02-24
TXN08636,CUST0344,PROD062,6667.01,Debit Card,Failed,2026-05-12
TXN08637,CUST1014,PROD087,10654.4,Net Banking,Failed,2026-01-16
TXN08638,CUST1766,PROD083,17505.25,Net Banking,Success,2026-07-25
TXN08639,CUST1563,PROD041,4804.87,Wallet,Success,2026-07-14
TXN08640,CUST0684,PROD068,312.95,Net Banking,Success,2026-08-08
TXN08641,CUST1070,PROD087,15599.03,Wallet,Success,2026-08-15
TXN08642,CUST0765,PROD014,2328.9,Wallet,Success,2026-08-18
TXN08643,CUST1392,PROD021,16108.51,Net Banking,Success,2026-04-16
TXN08644,CUST1323,PROD092,12921.71,Wallet,Success,2026-06-07
TXN08645,CUST0951,PROD044,3587.35,UPI,Success,2026-04-23
TXN08646,CUST1797,PROD002,14532.37,Wallet,Success,2026-07-06
TXN08647,CUST1779,PROD079,12884.47,Debit Card,Success,2026-02-18
TXN08648,CUST1642,PROD099,11277.95,Debit Card,Success,2026-05-05
TXN08649,CUST0114,PROD047,4237.42,UPI,Failed,2026-02-16
TXN08650,CUST1472,PROD032,7650.16,UPI,Success,2026-02-26
TXN08651,CUST0591,PROD040,16178.56,UPI,Failed,2026-03-12
TXN08652,CUST1962,PROD062,3322.75,Debit Card,Success,2026-05-25
TXN08653,CUST1348,PROD008,4384.28,Debit Card,Failed,2026-05-07
TXN08654,CUST1952,PROD002,7874.58,Credit Card,Success,2026-07-19
TXN08655,CUST1453,PROD094,15486.0,Wallet,Failed,2026-07-05
TXN08656,CUST0546,PROD006,1602.75,Net Banking,Success,2026-01-24
TXN08657,CUST1705,PROD025,17716.07,Credit Card,Success,2026-07-12
TXN08658,CUST0058,PROD080,9306.12,Debit Card,Success,2026-05-16
TXN08659,CUST1708,PROD059,11902.98,Net Banking,Success,2026-05-22
TXN08660,CUST1638,PROD090,4835.74,UPI,Success,2026-02-25
TXN08661,CUST1643,PROD074,15934.16,Debit Card,Failed,2026-04-25
TXN08662,CUST0347,PROD063,6328.65,UPI,Success,2026-01-13
TXN08663,CUST0034,PROD052,12817.87,Net Banking,Success,2026-06-16
TXN08664,CUST0599,PROD007,232.07,Net Banking,Success,2026-06-26
TXN08665,CUST0130,PROD066,4465.17,Net Banking,Success,2026-04-05
TXN08666,CUST1524,PROD010,10974.74,UPI,Success,2026-04-07
TXN08667,CUST1079,PROD044,15771.58,Net Banking,Success,2026-07-27
TXN08668,CUST0014,PROD064,1434.73,UPI,Success,2026-01-06
TXN08669,CUST1883,PROD020,15055.84,UPI,Success,2026-02-03
TXN08670,CUST1439,PROD051,11280.14,Wallet,Success,2026-02-25
TXN08671,CUST0653,PROD013,16928.39,UPI,Success,2026-01-10
TXN08672,CUST1560,PROD070,18191.56,Net Banking,Failed,2026-07-07
TXN08673,CUST0402,PROD035,14580.36,UPI,Success,2026-01-29
TXN08674,CUST1876,PROD060,8840.13,Net Banking,Success,2026-05-13
TXN08675,CUST0082,PROD015,5775.93,UPI,Success,2026-03-20
TXN08676,CUST1621,PROD100,19848.43,Credit Card,Failed,2026-02-28
TXN08677,CUST0307,PROD096,3205.81,Wallet,Success,2026-01-29
TXN08678,CUST0527,PROD099,2875.35,Debit Card,Failed,2026-06-01
TXN08679,CUST1293,PROD050,2606.55,Credit Card,Success,2026-04-25
TXN08680,CUST0129,PROD063,591.26,Credit Card,Success,2026-07-20
TXN08681,CUST0519,PROD039,15776.53,Net Banking,Success,2026-06-02
TXN08682,CUST0670,PROD005,19446.81,Debit Card,Success,2026-06-30
TXN08683,CUST1846,PROD092,1855.84,Credit Card,Success,2026-05-13
TXN08684,CUST1708,PROD034,12802.97,Debit Card,Success,2026-01-13
TXN08685,CUST1941,PROD045,12430.23,UPI,Success,2026-03-26
TXN08686,CUST0603,PROD019,19374.14,Credit Card,Success,2026-06-16
TXN08687,CUST0441,PROD032,19304.09,Credit Card,Success,2026-02-15
TXN08688,CUST1351,PROD060,12661.27,Wallet,Success,2026-03-15
TXN08689,CUST1020,PROD016,16908.51,Credit Card,Success,2026-02-19
TXN08690,CUST0317,PROD003,8132.27,Credit Card,Failed,2026-06-26
TXN08691,CUST1643,PROD082,2779.12,UPI,Failed,2026-03-02
TXN08692,CUST0851,PROD058,8621.17,Net Banking,Success,2026-07-07
TXN08693,CUST0630,PROD067,17711.45,Wallet,Success,2026-02-15
TXN08694,CUST1136,PROD002,10080.16,Wallet,Success,2026-02-19
TXN08695,CUST0090,PROD039,12320.36,UPI,Failed,2026-02-28
TXN08696,CUST1873,PROD050,8464.89,Net Banking,Success,2026-08-10
TXN08697,CUST0358,PROD073,7691.17,Credit Card,Failed,2026-06-11
TXN08698,CUST1739,PROD056,18920.35,Wallet,Failed,2026-03-21
TXN08699,CUST0144,PROD082,1022.95,Net Banking,Success,2026-07-22
TXN08700,CUST0850,PROD039,16470.44,Debit Card,Success,2026-06-02
TXN08701,CUST1701,PROD042,12831.41,Debit Card,Success,2026-08-06
TXN08702,CUST1863,PROD053,7014.61,UPI,Success,2026-04-29
TXN08703,CUST1409,PROD082,9114.02,Credit Card,Success,2026-03-30
TXN08704,CUST0343,PROD060,10139.31,Credit Card,Success,2026-05-29
TXN08705,CUST1068,PROD060,15441.11,Credit Card,Success,2026-02-07
TXN08706,CUST1572,PROD049,8639.75,Debit Card,Failed,2026-03-24
TXN08707,CUST1294,PROD038,2736.18,Debit Card,Failed,2026-08-09
TXN08708,CUST1578,PROD038,19619.43,Debit Card,Success,2026-06-26
TXN08709,CUST1287,PROD036,13023.27,UPI,Success,2026-02-18
TXN08710,CUST0319,PROD083,2182.48,Credit Card,Success,2026-03-18
TXN08711,CUST0852,PROD042,15184.76,Wallet,Success,2026-08-17
TXN08712,CUST0736,PROD026,11171.74,Credit Card,Success,2026-05-22
TXN08713,CUST0280,PROD032,6252.02,Credit Card,Success,2026-03-27
TXN08714,CUST0715,PROD050,8461.25,Credit Card,Success,2026-07-27
TXN08715,CUST1586,PROD098,10572.34,Net Banking,Success,2026-07-07
TXN08716,CUST1578,PROD062,13482.73,Wallet,Success,2026-03-19
TXN08717,CUST1361,PROD001,19469.25,Wallet,Failed,2026-02-26
TXN08718,CUST0002,PROD015,4196.32,Net Banking,Success,2026-07-27
TXN08719,CUST0150,PROD079,1744.17,Net Banking,Success,2026-04-04
TXN08720,CUST1989,PROD002,2166.11,UPI,Success,2026-03-21
TXN08721,CUST1896,PROD011,7251.48,Wallet,Success,2026-07-17
TXN08722,CUST1304,PROD049,16787.02,UPI,Success,2026-02-24
TXN08723,CUST0499,PROD079,5611.87,UPI,Success,2026-05-21
TXN08724,CUST0734,PROD070,9360.41,Net Banking,Success,2026-07-04
TXN08725,CUST0080,PROD074,15560.49,Credit Card,Failed,2026-04-07
TXN08726,CUST0919,PROD082,7412.95,Net Banking,Failed,2026-04-05
TXN08727,CUST1543,PROD098,2914.72,Debit Card,Success,2026-08-12
TXN08728,CUST0079,PROD084,18783.19,UPI,Success,2026-05-23
TXN08729,CUST0063,PROD083,11649.31,Debit Card,Success,2026-03-09
TXN08730,CUST0031,PROD005,2955.0,Credit Card,Success,2026-05-05
TXN08731,CUST1537,PROD002,13611.23,Net Banking,Failed,2026-03-27
TXN08732,CUST0593,PROD019,9040.08,Credit Card,Failed,2026-04-16
TXN08733,CUST0018,PROD082,10617.65,Credit Card,Success,2026-04-08
TXN08734,CUST1785,PROD051,16235.08,Credit Card,Success,2026-04-17
TXN08735,CUST0180,PROD040,5080.38,UPI,Success,2026-07-11
TXN08736,CUST0696,PROD030,17219.02,Net Banking,Success,2026-05-09
TXN08737,CUST0566,PROD014,5469.47,Net Banking,Success,2026-02-17
TXN08738,CUST0275,PROD076,4570.67,Net Banking,Success,2026-07-23
TXN08739,CUST1497,PROD049,17794.48,Credit Card,Failed,2026-03-14
TXN08740,CUST1503,PROD026,16707.83,Wallet,Success,2026-07-06
TXN08741,CUST0846,PROD064,6149.18,Credit Card,Failed,2026-07-05
TXN08742,CUST1488,PROD077,16695.53,UPI,Success,2026-03-21
TXN08743,CUST1091,PROD037,13201.48,Credit Card,Failed,2026-03-08
TXN08744,CUST1619,PROD075,5997.79,Debit Card,Success,2026-08-13
TXN08745,CUST1632,PROD066,18983.16,Credit Card,Success,2026-05-04
TXN08746,CUST0684,PROD078,9273.32,Wallet,Failed,2026-05-25
TXN08747,CUST1113,PROD023,3905.28,Debit Card,Success,2026-07-24
TXN08748,CUST0707,PROD089,6042.93,Debit Card,Success,2026-07-06
TXN08749,CUST0251,PROD003,386.59,Wallet,Failed,2026-03-18
TXN08750,CUST0819,PROD016,2368.41,Net Banking,Success,2026-08-01
TXN08751,CUST1079,PROD042,16044.15,Credit Card,Failed,2026-04-06
TXN08752,CUST1514,PROD084,820.66,Net Banking,Failed,2026-03-30
TXN08753,CUST1120,PROD049,7809.87,Net Banking,Failed,2026-02-02
TXN08754,CUST0362,PROD028,4890.91,Credit Card,Success,2026-03-28
TXN08755,CUST0067,PROD096,13499.14,Credit Card,Success,2026-08-18
TXN08756,CUST1512,PROD045,18858.09,Debit Card,Success,2026-06-02
TXN08757,CUST1775,PROD082,7510.8,Credit Card,Success,2026-06-27
TXN08758,CUST1726,PROD063,13430.22,UPI,Success,2026-02-25
TXN08759,CUST1674,PROD046,3330.74,Wallet,Success,2026-04-03
TXN08760,CUST1653,PROD005,2635.66,UPI,Success,2026-01-25
TXN08761,CUST0912,PROD045,2614.05,Credit Card,Success,2026-03-02
TXN08762,CUST1142,PROD026,8342.87,Debit Card,Failed,2026-08-17
TXN08763,CUST1295,PROD023,2661.77,Debit Card,Success,2026-01-23
TXN08764,CUST1187,PROD040,6367.02,Net Banking,Failed,2026-05-22
TXN08765,CUST0975,PROD009,9260.67,Credit Card,Success,2026-01-18
TXN08766,CUST1948,PROD088,17703.44,Debit Card,Failed,2026-02-25
TXN08767,CUST1395,PROD075,1859.73,Debit Card,Success,2026-01-15
TXN08768,CUST1103,PROD099,15567.06,Debit Card,Success,2026-02-14
TXN08769,CUST0326,PROD093,18190.56,Wallet,Success,2026-02-24
TXN08770,CUST1610,PROD036,4142.32,Credit Card,Success,2026-07-19
TXN08771,CUST0882,PROD011,15391.45,Wallet,Failed,2026-01-01
TXN08772,CUST0290,PROD071,8529.84,Net Banking,Failed,2026-05-17
TXN08773,CUST0601,PROD020,13399.51,Net Banking,Success,2026-05-01
TXN08774,CUST0211,PROD041,4600.2,Net Banking,Success,2026-06-18
TXN08775,CUST0097,PROD089,11880.47,Debit Card,Success,2026-08-09
TXN08776,CUST1694,PROD050,7634.91,UPI,Success,2026-06-01
TXN08777,CUST1501,PROD070,6411.84,Net Banking,Failed,2026-08-07
TXN08778,CUST0676,PROD073,17252.07,UPI,Success,2026-03-16
TXN08779,CUST0585,PROD074,4884.15,UPI,Success,2026-01-26
TXN08780,CUST0656,PROD049,15184.32,Wallet,Success,2026-07-01
TXN08781,CUST0640,PROD004,3568.93,Credit Card,Success,2026-07-11
TXN08782,CUST1061,PROD006,7984.97,UPI,Success,2026-06-27
TXN08783,CUST1537,PROD053,5146.5,Debit Card,Success,2026-03-01
TXN08784,CUST1127,PROD042,17365.99,Wallet,Success,2026-02-07
TXN08785,CUST0876,PROD046,8099.74,UPI,Success,2026-02-21
TXN08786,CUST1505,PROD031,16030.19,Net Banking,Success,2026-05-12
TXN08787,CUST1328,PROD086,5961.36,Debit Card,Success,2026-03-16
TXN08788,CUST0631,PROD026,787.17,Debit Card,Success,2026-04-29
TXN08789,CUST1669,PROD087,15313.47,Net Banking,Success,2026-04-26
TXN08790,CUST1885,PROD038,2597.9,Debit Card,Success,2026-08-16
TXN08791,CUST1684,PROD096,16535.86,UPI,Failed,2026-03-30
TXN08792,CUST0431,PROD013,8147.23,Credit Card,Success,2026-02-21
TXN08793,CUST0455,PROD032,14174.65,UPI,Success,2026-02-20
TXN08794,CUST0936,PROD095,7193.11,Wallet,Success,2026-06-26
TXN08795,CUST0828,PROD008,9173.64,Credit Card,Success,2026-01-15
TXN08796,CUST0048,PROD059,14437.56,Net Banking,Success,2026-04-08
TXN08797,CUST0092,PROD050,11596.47,Debit Card,Success,2026-06-22
TXN08798,CUST1056,PROD047,14294.36,UPI,Success,2026-04-20
TXN08799,CUST0862,PROD066,12402.38,Debit Card,Success,2026-04-06
TXN08800,CUST0279,PROD050,15312.23,Net Banking,Success,2026-03-07
TXN08801,CUST1773,PROD014,13040.49,UPI,Success,2026-03-08
TXN08802,CUST1378,PROD035,477.2,Debit Card,Success,2026-07-12
TXN08803,CUST1165,PROD056,10503.65,Credit Card,Success,2026-05-12
TXN08804,CUST1195,PROD099,7877.97,UPI,Success,2026-01-02
TXN08805,CUST1131,PROD085,13790.69,Wallet,Success,2026-01-02
TXN08806,CUST0217,PROD050,12717.15,Wallet,Success,2026-05-16
TXN08807,CUST1214,PROD028,14276.3,Credit Card,Success,2026-05-29
TXN08808,CUST0167,PROD073,2082.78,Wallet,Success,2026-06-01
TXN08809,CUST1145,PROD014,19081.08,Net Banking,Failed,2026-05-17
TXN08810,CUST0264,PROD013,8383.64,UPI,Failed,2026-01-01
TXN08811,CUST1957,PROD010,9414.06,Net Banking,Success,2026-04-03
TXN08812,CUST1525,PROD002,2230.41,Wallet,Success,2026-01-09
TXN08813,CUST1460,PROD057,13736.75,Credit Card,Success,2026-03-23
TXN08814,CUST0843,PROD017,6263.02,UPI,Success,2026-07-20
TXN08815,CUST0264,PROD088,10462.96,Credit Card,Failed,2026-02-27
TXN08816,CUST0220,PROD052,17471.6,UPI,Success,2026-03-28
TXN08817,CUST1942,PROD063,4178.13,UPI,Failed,2026-02-22
TXN08818,CUST1573,PROD059,18037.24,Credit Card,Success,2026-05-26
TXN08819,CUST0491,PROD042,2924.94,Net Banking,Success,2026-07-23
TXN08820,CUST1639,PROD024,15711.7,Debit Card,Failed,2026-03-30
TXN08821,CUST0506,PROD063,8576.85,UPI,Success,2026-04-05
TXN08822,CUST1765,PROD067,17587.31,Net Banking,Success,2026-03-24
TXN08823,CUST1283,PROD100,6883.72,Credit Card,Failed,2026-04-09
TXN08824,CUST0225,PROD059,3556.24,Debit Card,Success,2026-01-25
TXN08825,CUST1096,PROD089,4047.0,Wallet,Success,2026-02-14
TXN08826,CUST1779,PROD095,19740.65,Debit Card,Success,2026-02-19
TXN08827,CUST0480,PROD043,665.15,Debit Card,Success,2026-02-21
TXN08828,CUST0026,PROD092,9573.12,Net Banking,Failed,2026-06-01
TXN08829,CUST0904,PROD042,9027.87,Debit Card,Success,2026-06-15
TXN08830,CUST1434,PROD041,6230.42,Wallet,Success,2026-03-06
TXN08831,CUST0236,PROD066,16977.43,Net Banking,Success,2026-08-07
TXN08832,CUST1260,PROD072,13258.57,Credit Card,Success,2026-01-28
TXN08833,CUST1855,PROD042,10300.05,Net Banking,Success,2026-05-06
TXN08834,CUST1683,PROD006,18017.34,UPI,Success,2026-03-31
TXN08835,CUST1576,PROD009,6940.74,Debit Card,Success,2026-02-23
TXN08836,CUST0765,PROD007,11000.14,Net Banking,Success,2026-06-19
TXN08837,CUST1420,PROD054,12469.25,Credit Card,Failed,2026-04-20
TXN08838,CUST1005,PROD035,6004.48,Net Banking,Success,2026-08-15
TXN08839,CUST0468,PROD040,1918.22,Credit Card,Failed,2026-03-28
TXN08840,CUST1712,PROD090,18458.41,Credit Card,Success,2026-07-18
TXN08841,CUST1770,PROD012,705.12,Net Banking,Success,2026-04-05
TXN08842,CUST1252,PROD094,14553.97,Net Banking,Success,2026-06-08
TXN08843,CUST1719,PROD049,7460.35,Credit Card,Success,2026-07-15
TXN08844,CUST1796,PROD054,16396.27,UPI,Success,2026-06-11
TXN08845,CUST1827,PROD078,4815.31,Net Banking,Success,2026-04-07
TXN08846,CUST0931,PROD033,6365.59,UPI,Failed,2026-01-25
TXN08847,CUST0516,PROD026,11791.11,UPI,Success,2026-08-19
TXN08848,CUST1065,PROD024,19727.77,UPI,Success,2026-01-15
TXN08849,CUST1375,PROD036,896.43,Credit Card,Success,2026-07-08
TXN08850,CUST1510,PROD097,10320.61,UPI,Success,2026-05-03
TXN08851,CUST0406,PROD088,14651.86,UPI,Success,2026-02-04
TXN08852,CUST0164,PROD086,413.14,Net Banking,Success,2026-04-12
TXN08853,CUST1846,PROD056,14106.01,Wallet,Success,2026-01-25
TXN08854,CUST0973,PROD066,15855.49,Wallet,Success,2026-05-08
TXN08855,CUST1078,PROD071,10337.44,Debit Card,Failed,2026-03-19
TXN08856,CUST1282,PROD091,14561.43,Debit Card,Success,2026-06-08
TXN08857,CUST1435,PROD075,9646.37,Debit Card,Failed,2026-01-26
TXN08858,CUST0178,PROD059,18364.16,Debit Card,Success,2026-06-04
TXN08859,CUST0138,PROD083,17377.06,Net Banking,Failed,2026-01-14
TXN08860,CUST1451,PROD023,16038.38,Wallet,Success,2026-06-13
TXN08861,CUST0198,PROD003,10870.4,Credit Card,Success,2026-06-16
TXN08862,CUST1561,PROD064,13478.07,Net Banking,Failed,2026-04-12
TXN08863,CUST1755,PROD055,10931.57,Wallet,Failed,2026-06-19
TXN08864,CUST1076,PROD039,3092.79,Credit Card,Success,2026-01-06
TXN08865,CUST1930,PROD050,18798.53,UPI,Success,2026-03-26
TXN08866,CUST0102,PROD041,18334.08,UPI,Success,2026-03-08
TXN08867,CUST0559,PROD097,3534.31,Net Banking,Success,2026-07-07
TXN08868,CUST0766,PROD013,19969.38,Credit Card,Success,2026-02-27
TXN08869,CUST0365,PROD073,5788.21,Net Banking,Success,2026-04-06
TXN08870,CUST0109,PROD032,14297.55,Wallet,Success,2026-06-11
TXN08871,CUST1768,PROD089,1598.97,Wallet,Success,2026-01-08
TXN08872,CUST1611,PROD081,13658.27,Wallet,Success,2026-02-12
TXN08873,CUST0111,PROD039,15500.9,Wallet,Success,2026-02-22
TXN08874,CUST1112,PROD057,8088.93,Wallet,Success,2026-02-06
TXN08875,CUST0843,PROD063,7659.65,Credit Card,Success,2026-01-30
TXN08876,CUST0615,PROD081,6553.14,UPI,Success,2026-07-12
TXN08877,CUST1478,PROD030,19745.43,Debit Card,Success,2026-01-31
TXN08878,CUST1914,PROD086,18339.42,Credit Card,Success,2026-06-10
TXN08879,CUST1144,PROD083,11612.35,Debit Card,Success,2026-05-31
TXN08880,CUST1905,PROD009,3729.39,UPI,Failed,2026-01-13
TXN08881,CUST1569,PROD043,11624.16,Debit Card,Success,2026-01-11
TXN08882,CUST1992,PROD100,784.83,Debit Card,Success,2026-02-14
TXN08883,CUST1388,PROD058,833.85,Debit Card,Success,2026-04-14
TXN08884,CUST1812,PROD032,16004.74,Credit Card,Success,2026-07-05
TXN08885,CUST0159,PROD027,6119.02,Credit Card,Success,2026-06-12
TXN08886,CUST0129,PROD038,17711.88,UPI,Failed,2026-04-23
TXN08887,CUST1173,PROD062,17448.2,Credit Card,Success,2026-04-11
TXN08888,CUST1556,PROD062,15716.55,Wallet,Success,2026-05-01
TXN08889,CUST1491,PROD019,19244.04,Wallet,Success,2026-06-14
TXN08890,CUST0202,PROD005,16349.81,Credit Card,Success,2026-05-07
TXN08891,CUST1828,PROD035,10931.24,UPI,Success,2026-02-04
TXN08892,CUST1830,PROD012,18077.79,Debit Card,Success,2026-07-16
TXN08893,CUST1500,PROD063,13740.36,Credit Card,Success,2026-04-18
TXN08894,CUST0461,PROD019,5622.41,Debit Card,Failed,2026-01-16
TXN08895,CUST0798,PROD011,12521.88,Debit Card,Success,2026-04-18
TXN08896,CUST1250,PROD051,7964.95,UPI,Success,2026-05-04
TXN08897,CUST0719,PROD062,1220.0,Debit Card,Failed,2026-04-19
TXN08898,CUST1847,PROD089,8783.11,Net Banking,Success,2026-05-10
TXN08899,CUST1712,PROD099,18476.98,Net Banking,Failed,2026-02-24
TXN08900,CUST0762,PROD090,15065.34,UPI,Success,2026-04-29
TXN08901,CUST0252,PROD023,1503.52,Wallet,Success,2026-06-01
TXN08902,CUST1750,PROD089,13183.49,UPI,Success,2026-06-04
TXN08903,CUST0778,PROD093,14908.98,Net Banking,Success,2026-01-01
TXN08904,CUST0003,PROD017,3591.0,Wallet,Success,2026-04-23
TXN08905,CUST1587,PROD021,14783.88,Debit Card,Success,2026-03-20
TXN08906,CUST0907,PROD065,19810.33,Credit Card,Success,2026-03-16
TXN08907,CUST1433,PROD002,4544.39,Net Banking,Failed,2026-05-20
TXN08908,CUST1305,PROD097,991.75,Debit Card,Success,2026-07-20
TXN08909,CUST1840,PROD044,16703.19,Wallet,Success,2026-03-20
TXN08910,CUST1349,PROD098,17135.89,Wallet,Success,2026-04-17
TXN08911,CUST1231,PROD084,10321.81,Debit Card,Failed,2026-06-28
TXN08912,CUST1455,PROD025,14035.79,Credit Card,Failed,2026-01-02
TXN08913,CUST0290,PROD022,7686.14,Net Banking,Failed,2026-08-08
TXN08914,CUST0965,PROD004,13033.81,Net Banking,Success,2026-02-22
TXN08915,CUST0763,PROD095,15892.21,Debit Card,Success,2026-05-17
TXN08916,CUST0672,PROD062,14162.43,Net Banking,Success,2026-08-18
TXN08917,CUST0440,PROD001,11683.79,Net Banking,Success,2026-03-08
TXN08918,CUST0421,PROD003,18238.15,Credit Card,Success,2026-01-29
TXN08919,CUST0308,PROD023,7051.03,Debit Card,Success,2026-04-28
TXN08920,CUST0530,PROD010,2934.85,Net Banking,Success,2026-04-18
TXN08921,CUST1542,PROD031,13905.84,UPI,Failed,2026-04-06
TXN08922,CUST0576,PROD041,7523.39,Net Banking,Success,2026-07-09
TXN08923,CUST0201,PROD037,15447.88,Net Banking,Success,2026-02-08
TXN08924,CUST0364,PROD019,16197.41,Net Banking,Success,2026-03-06
TXN08925,CUST0878,PROD001,4188.41,Credit Card,Failed,2026-05-23
TXN08926,CUST0122,PROD062,19243.61,UPI,Success,2026-01-16
TXN08927,CUST0523,PROD041,10607.23,Wallet,Success,2026-08-05
TXN08928,CUST0559,PROD015,12653.43,Wallet,Success,2026-06-17
TXN08929,CUST1225,PROD078,16791.22,Net Banking,Failed,2026-06-06
TXN08930,CUST0501,PROD085,17492.79,Credit Card,Failed,2026-07-20
TXN08931,CUST1569,PROD026,5066.27,Credit Card,Failed,2026-02-20
TXN08932,CUST0914,PROD055,11167.53,Wallet,Success,2026-02-23
TXN08933,CUST1070,PROD075,15860.29,Debit Card,Failed,2026-02-08
TXN08934,CUST0252,PROD058,4365.79,Net Banking,Failed,2026-08-11
TXN08935,CUST0210,PROD049,7102.13,Credit Card,Success,2026-07-10
TXN08936,CUST0682,PROD005,9924.87,Wallet,Failed,2026-07-31
TXN08937,CUST0483,PROD062,10959.72,Credit Card,Success,2026-05-06
TXN08938,CUST0273,PROD015,11679.33,UPI,Success,2026-05-14
TXN08939,CUST1930,PROD067,5261.9,Net Banking,Success,2026-06-02
TXN08940,CUST1366,PROD026,18605.31,Credit Card,Failed,2026-03-16
TXN08941,CUST1862,PROD100,12412.66,UPI,Failed,2026-03-31
TXN08942,CUST0809,PROD060,3248.55,Credit Card,Success,2026-07-04
TXN08943,CUST1358,PROD081,8791.62,UPI,Success,2026-05-17
TXN08944,CUST0921,PROD052,8919.26,Net Banking,Failed,2026-07-09
TXN08945,CUST1748,PROD053,19244.18,Credit Card,Failed,2026-06-21
TXN08946,CUST0988,PROD010,10748.93,Wallet,Success,2026-01-18
TXN08947,CUST0735,PROD084,11609.29,Net Banking,Failed,2026-03-09
TXN08948,CUST1945,PROD074,17915.03,Credit Card,Success,2026-02-28
TXN08949,CUST0741,PROD028,13904.58,UPI,Success,2026-03-13
TXN08950,CUST0324,PROD033,2977.66,UPI,Success,2026-01-31
TXN08951,CUST0495,PROD020,5737.16,Net Banking,Success,2026-05-23
TXN08952,CUST0385,PROD050,7133.64,Wallet,Success,2026-05-16
TXN08953,CUST1598,PROD078,2398.4,Net Banking,Success,2026-05-18
TXN08954,CUST0167,PROD028,2996.38,UPI,Success,2026-03-19
TXN08955,CUST0488,PROD047,19440.53,Debit Card,Success,2026-02-16
TXN08956,CUST0826,PROD027,12068.48,Net Banking,Success,2026-03-31
TXN08957,CUST1655,PROD051,13278.3,Debit Card,Success,2026-05-14
TXN08958,CUST0024,PROD060,2969.45,Debit Card,Success,2026-06-23
TXN08959,CUST1041,PROD083,14298.58,Wallet,Success,2026-04-01
TXN08960,CUST0056,PROD075,12513.93,Wallet,Success,2026-05-31
TXN08961,CUST0889,PROD088,18670.31,Credit Card,Success,2026-05-26
TXN08962,CUST1321,PROD041,13863.71,UPI,Success,2026-03-25
TXN08963,CUST1263,PROD004,6347.1,Net Banking,Success,2026-07-13
TXN08964,CUST0707,PROD093,12225.72,Debit Card,Success,2026-04-06
TXN08965,CUST1713,PROD037,19035.95,Credit Card,Success,2026-03-24
TXN08966,CUST1723,PROD038,12448.72,UPI,Success,2026-04-11
TXN08967,CUST0999,PROD064,14487.64,Wallet,Success,2026-05-27
TXN08968,CUST0935,PROD019,3160.08,Net Banking,Success,2026-02-06
TXN08969,CUST1783,PROD049,14663.14,Debit Card,Success,2026-01-22
TXN08970,CUST0486,PROD005,407.46,UPI,Success,2026-05-08
TXN08971,CUST0943,PROD100,7393.72,Net Banking,Success,2026-01-16
TXN08972,CUST1649,PROD079,9513.33,Net Banking,Failed,2026-08-17
TXN08973,CUST0499,PROD069,13899.22,Debit Card,Success,2026-08-18
TXN08974,CUST0517,PROD046,4958.34,Net Banking,Failed,2026-05-22
TXN08975,CUST1388,PROD002,2516.92,Wallet,Success,2026-04-22
TXN08976,CUST0318,PROD098,19140.19,Net Banking,Success,2026-01-10
TXN08977,CUST1787,PROD001,1282.34,Wallet,Failed,2026-04-14
TXN08978,CUST1401,PROD011,19028.35,Wallet,Success,2026-04-04
TXN08979,CUST1901,PROD073,4537.07,Credit Card,Success,2026-05-30
TXN08980,CUST1775,PROD034,5271.52,Net Banking,Success,2026-04-02
TXN08981,CUST0375,PROD028,3793.65,Debit Card,Failed,2026-01-25
TXN08982,CUST1260,PROD040,5736.87,Credit Card,Failed,2026-01-22
TXN08983,CUST1642,PROD100,11521.84,UPI,Success,2026-04-06
TXN08984,CUST0824,PROD073,12074.0,UPI,Success,2026-02-23
TXN08985,CUST1130,PROD011,6473.26,Debit Card,Failed,2026-05-30
TXN08986,CUST1869,PROD006,9736.17,Net Banking,Failed,2026-03-31
TXN08987,CUST0757,PROD091,1490.28,Net Banking,Success,2026-08-03
TXN08988,CUST0843,PROD015,13085.64,Credit Card,Failed,2026-01-17
TXN08989,CUST1745,PROD063,5967.13,Wallet,Success,2026-06-30
TXN08990,CUST0131,PROD059,16583.36,Net Banking,Failed,2026-01-07
TXN08991,CUST1628,PROD077,4738.2,Credit Card,Success,2026-05-16
TXN08992,CUST0565,PROD041,2820.25,Wallet,Failed,2026-04-23
TXN08993,CUST1234,PROD097,11691.7,Net Banking,Success,2026-05-25
TXN08994,CUST1035,PROD074,19243.08,UPI,Success,2026-03-02
TXN08995,CUST1132,PROD037,1316.88,UPI,Failed,2026-02-06
TXN08996,CUST0736,PROD007,6544.29,UPI,Failed,2026-08-10
TXN08997,CUST1917,PROD025,14932.13,UPI,Success,2026-05-27
TXN08998,CUST1337,PROD053,1256.84,Wallet,Success,2026-06-29
TXN08999,CUST1525,PROD068,11431.69,Debit Card,Failed,2026-03-25
TXN09000,CUST1917,PROD071,1545.65,Debit Card,Success,2026-03-11
TXN09001,CUST1217,PROD031,10963.54,Net Banking,Success,2026-08-01
TXN09002,CUST0631,PROD059,1573.8,Credit Card,Success,2026-07-17
TXN09003,CUST1314,PROD007,13809.19,Debit Card,Failed,2026-04-06
TXN09004,CUST0937,PROD040,10683.88,Debit Card,Success,2026-01-10
TXN09005,CUST0780,PROD020,4655.77,UPI,Success,2026-08-08
TXN09006,CUST0804,PROD001,11771.37,Debit Card,Success,2026-03-21
TXN09007,CUST1786,PROD014,7342.09,UPI,Success,2026-08-08
TXN09008,CUST1721,PROD100,13521.2,Credit Card,Success,2026-07-05
TXN09009,CUST0108,PROD054,8015.7,Net Banking,Success,2026-04-06
TXN09010,CUST1713,PROD008,16959.52,Debit Card,Success,2026-08-01
TXN09011,CUST0715,PROD080,612.24,Debit Card,Success,2026-05-11
TXN09012,CUST1426,PROD059,8678.34,Wallet,Failed,2026-05-05
TXN09013,CUST0436,PROD061,11544.09,Wallet,Success,2026-03-05
TXN09014,CUST1898,PROD078,6305.98,Credit Card,Success,2026-03-10
TXN09015,CUST0312,PROD073,16897.97,Credit Card,Success,2026-01-11
TXN09016,CUST1781,PROD020,1836.45,Wallet,Success,2026-07-22
TXN09017,CUST1655,PROD003,11931.3,Credit Card,Success,2026-01-07
TXN09018,CUST0866,PROD035,10042.38,Debit Card,Success,2026-07-15
TXN09019,CUST0515,PROD087,13115.84,UPI,Success,2026-02-13
TXN09020,CUST0153,PROD081,11701.57,Net Banking,Success,2026-02-03
TXN09021,CUST1561,PROD087,2846.43,Net Banking,Success,2026-05-05
TXN09022,CUST1296,PROD071,2359.53,Credit Card,Success,2026-02-26
TXN09023,CUST1254,PROD069,5018.66,Debit Card,Success,2026-03-09
TXN09024,CUST0512,PROD063,10773.42,UPI,Success,2026-07-16
TXN09025,CUST0633,PROD050,4493.98,Credit Card,Failed,2026-02-20
TXN09026,CUST0908,PROD034,12734.87,Debit Card,Success,2026-07-25
TXN09027,CUST0656,PROD052,19295.31,Net Banking,Success,2026-05-22
TXN09028,CUST1558,PROD069,874.63,Debit Card,Failed,2026-06-18
TXN09029,CUST0084,PROD005,1182.49,Wallet,Failed,2026-04-03
TXN09030,CUST1347,PROD045,18430.76,Credit Card,Failed,2026-06-29
TXN09031,CUST0238,PROD042,9488.57,UPI,Success,2026-04-06
TXN09032,CUST1748,PROD041,5537.26,Wallet,Success,2026-06-25
TXN09033,CUST0930,PROD070,2309.4,UPI,Success,2026-06-12
TXN09034,CUST0930,PROD080,19339.28,Debit Card,Failed,2026-07-02
TXN09035,CUST1898,PROD093,18410.95,Debit Card,Failed,2026-07-24
TXN09036,CUST1065,PROD015,7081.55,UPI,Success,2026-07-13
TXN09037,CUST0556,PROD055,8245.59,Wallet,Failed,2026-08-16
TXN09038,CUST0699,PROD033,2388.33,UPI,Success,2026-01-24
TXN09039,CUST1778,PROD053,18390.48,Credit Card,Success,2026-04-17
TXN09040,CUST0801,PROD055,10819.32,Debit Card,Success,2026-04-03
TXN09041,CUST1367,PROD043,4851.89,Net Banking,Success,2026-08-12
TXN09042,CUST1020,PROD064,8626.08,Wallet,Failed,2026-04-03
TXN09043,CUST1822,PROD046,12442.02,Credit Card,Success,2026-01-12
TXN09044,CUST0565,PROD037,18470.51,Credit Card,Success,2026-07-24
TXN09045,CUST1832,PROD072,2225.19,Credit Card,Success,2026-04-20
TXN09046,CUST0781,PROD055,19455.29,Debit Card,Failed,2026-05-11
TXN09047,CUST1324,PROD014,10624.55,UPI,Success,2026-04-11
TXN09048,CUST0789,PROD021,11063.61,Net Banking,Success,2026-03-01
TXN09049,CUST1459,PROD043,10842.43,Debit Card,Success,2026-01-16
TXN09050,CUST0412,PROD012,13233.56,Credit Card,Success,2026-01-22
TXN09051,CUST1388,PROD026,7041.06,UPI,Success,2026-01-30
TXN09052,CUST1837,PROD001,3444.32,Debit Card,Success,2026-05-10
TXN09053,CUST0385,PROD039,6273.0,Wallet,Success,2026-08-01
TXN09054,CUST0913,PROD022,15013.3,Wallet,Success,2026-02-28
TXN09055,CUST0989,PROD098,7729.22,Net Banking,Failed,2026-06-06
TXN09056,CUST0329,PROD022,7055.64,Debit Card,Failed,2026-05-20
TXN09057,CUST1941,PROD035,13298.25,Credit Card,Success,2026-01-31
TXN09058,CUST1426,PROD088,13679.94,UPI,Failed,2026-03-19
TXN09059,CUST0917,PROD040,9050.31,Net Banking,Success,2026-01-08
TXN09060,CUST1250,PROD062,3199.35,Net Banking,Success,2026-06-10
TXN09061,CUST1528,PROD063,7074.82,Net Banking,Success,2026-03-29
TXN09062,CUST1208,PROD074,16238.25,Net Banking,Success,2026-01-15
TXN09063,CUST1038,PROD032,14867.33,Credit Card,Success,2026-03-09
TXN09064,CUST0255,PROD012,10219.57,Debit Card,Success,2026-06-02
TXN09065,CUST0684,PROD041,1742.97,Credit Card,Success,2026-08-18
TXN09066,CUST0214,PROD048,18453.4,Net Banking,Success,2026-05-12
TXN09067,CUST0638,PROD071,5171.82,Net Banking,Success,2026-01-18
TXN09068,CUST1374,PROD058,1149.5,Net Banking,Success,2026-08-01
TXN09069,CUST1243,PROD016,6224.87,Credit Card,Success,2026-03-25
TXN09070,CUST1009,PROD089,19215.15,Credit Card,Success,2026-08-04
TXN09071,CUST0198,PROD047,7747.16,Debit Card,Success,2026-01-25
TXN09072,CUST1927,PROD087,2361.69,Debit Card,Success,2026-06-25
TXN09073,CUST0719,PROD061,4712.43,Net Banking,Failed,2026-05-02
TXN09074,CUST0554,PROD001,14531.89,Credit Card,Success,2026-01-23
TXN09075,CUST0147,PROD081,9929.67,UPI,Failed,2026-01-18
TXN09076,CUST0012,PROD063,2403.26,Net Banking,Success,2026-04-06
TXN09077,CUST1346,PROD039,18091.57,Debit Card,Failed,2026-01-27
TXN09078,CUST0735,PROD013,5739.52,Debit Card,Success,2026-08-08
TXN09079,CUST1090,PROD100,3950.6,Credit Card,Success,2026-05-05
TXN09080,CUST1125,PROD005,19122.71,Credit Card,Failed,2026-04-30
TXN09081,CUST0808,PROD055,14584.19,Wallet,Success,2026-08-05
TXN09082,CUST1096,PROD033,4976.63,Wallet,Success,2026-05-14
TXN09083,CUST0784,PROD070,6356.49,Net Banking,Success,2026-02-05
TXN09084,CUST0401,PROD084,17730.42,Wallet,Failed,2026-07-30
TXN09085,CUST0065,PROD059,18575.42,Debit Card,Success,2026-07-21
TXN09086,CUST0565,PROD033,6939.63,UPI,Success,2026-03-02
TXN09087,CUST0774,PROD086,251.09,UPI,Failed,2026-04-02
TXN09088,CUST1259,PROD007,10330.2,Wallet,Success,2026-08-03
TXN09089,CUST0473,PROD028,1244.64,Net Banking,Success,2026-02-15
TXN09090,CUST0490,PROD092,19894.78,Net Banking,Success,2026-07-26
TXN09091,CUST0341,PROD027,15686.93,Net Banking,Failed,2026-02-26
TXN09092,CUST1756,PROD042,1373.16,Credit Card,Success,2026-08-01
TXN09093,CUST1878,PROD084,7839.61,Debit Card,Failed,2026-01-12
TXN09094,CUST0099,PROD034,9393.67,Credit Card,Success,2026-04-02
TXN09095,CUST1728,PROD019,3453.24,Debit Card,Success,2026-07-13
TXN09096,CUST1208,PROD027,1237.95,Debit Card,Success,2026-07-23
TXN09097,CUST1969,PROD073,9471.11,Debit Card,Success,2026-02-18
TXN09098,CUST0198,PROD025,13605.52,Wallet,Failed,2026-03-30
TXN09099,CUST0890,PROD038,3072.32,Net Banking,Success,2026-01-16
TXN09100,CUST1465,PROD004,12279.26,Net Banking,Success,2026-06-09
TXN09101,CUST0957,PROD033,17673.22,Debit Card,Success,2026-06-29
TXN09102,CUST0530,PROD084,14044.51,Net Banking,Success,2026-01-30
TXN09103,CUST0187,PROD009,12238.61,UPI,Success,2026-08-07
TXN09104,CUST0890,PROD047,8513.81,UPI,Success,2026-07-03
TXN09105,CUST1430,PROD047,18499.33,Credit Card,Success,2026-08-15
TXN09106,CUST0084,PROD006,8372.24,Wallet,Success,2026-05-19
TXN09107,CUST0343,PROD025,10508.84,Debit Card,Success,2026-02-22
TXN09108,CUST1248,PROD079,3915.01,Wallet,Success,2026-06-15
TXN09109,CUST1892,PROD074,6152.12,Wallet,Failed,2026-08-13
TXN09110,CUST0343,PROD020,6655.57,Net Banking,Success,2026-06-14
TXN09111,CUST1777,PROD063,6577.21,Debit Card,Failed,2026-06-02
TXN09112,CUST0912,PROD059,7236.29,Debit Card,Success,2026-04-04
TXN09113,CUST0333,PROD066,16950.82,Wallet,Failed,2026-07-27
TXN09114,CUST1375,PROD043,19905.76,Wallet,Success,2026-02-21
TXN09115,CUST0877,PROD063,8275.26,Net Banking,Success,2026-03-30
TXN09116,CUST0431,PROD011,14756.83,Credit Card,Success,2026-01-21
TXN09117,CUST1285,PROD010,5058.69,Wallet,Success,2026-06-14
TXN09118,CUST0730,PROD027,12891.91,Debit Card,Success,2026-06-24
TXN09119,CUST0151,PROD039,5887.42,Credit Card,Success,2026-05-11
TXN09120,CUST0591,PROD087,15555.14,Net Banking,Success,2026-03-26
TXN09121,CUST1155,PROD065,10622.28,Credit Card,Failed,2026-06-10
TXN09122,CUST0871,PROD067,19417.57,Credit Card,Success,2026-05-24
TXN09123,CUST0309,PROD048,17378.36,UPI,Failed,2026-02-25
TXN09124,CUST1756,PROD025,18777.04,Credit Card,Success,2026-06-26
TXN09125,CUST0355,PROD009,7169.04,Credit Card,Success,2026-05-06
TXN09126,CUST1618,PROD049,8515.54,UPI,Success,2026-08-06
TXN09127,CUST1952,PROD069,14530.4,Wallet,Success,2026-06-13
TXN09128,CUST1991,PROD096,5263.96,Debit Card,Success,2026-01-27
TXN09129,CUST1597,PROD042,8421.33,UPI,Failed,2026-01-27
TXN09130,CUST0096,PROD086,18218.09,Credit Card,Success,2026-01-10
TXN09131,CUST0333,PROD023,17825.06,Credit Card,Success,2026-07-03
TXN09132,CUST1193,PROD044,19231.3,Credit Card,Success,2026-01-28
TXN09133,CUST1762,PROD054,12006.98,Credit Card,Success,2026-02-27
TXN09134,CUST0314,PROD072,7230.77,UPI,Success,2026-03-08
TXN09135,CUST2000,PROD017,18722.48,Credit Card,Success,2026-04-15
TXN09136,CUST0845,PROD096,19982.92,UPI,Success,2026-02-02
TXN09137,CUST0541,PROD041,4217.67,UPI,Success,2026-05-02
TXN09138,CUST1324,PROD005,5480.11,Wallet,Success,2026-02-01
TXN09139,CUST1001,PROD070,17265.07,Wallet,Failed,2026-05-07
TXN09140,CUST1659,PROD005,15362.5,UPI,Success,2026-01-21
TXN09141,CUST1560,PROD078,2188.29,Net Banking,Failed,2026-02-15
TXN09142,CUST0612,PROD024,4074.7,Net Banking,Success,2026-02-14
TXN09143,CUST0692,PROD046,15903.31,Wallet,Success,2026-04-17
TXN09144,CUST0426,PROD025,14401.86,Wallet,Success,2026-07-30
TXN09145,CUST0178,PROD005,17552.46,Debit Card,Success,2026-08-07
TXN09146,CUST0170,PROD073,9208.85,Credit Card,Failed,2026-02-15
TXN09147,CUST0206,PROD046,6007.0,Credit Card,Success,2026-03-28
TXN09148,CUST1981,PROD072,14645.68,Credit Card,Success,2026-04-22
TXN09149,CUST0014,PROD024,17601.07,Net Banking,Success,2026-03-26
TXN09150,CUST0045,PROD087,11748.93,Wallet,Failed,2026-01-04
TXN09151,CUST1557,PROD079,10774.67,Wallet,Success,2026-05-11
TXN09152,CUST1229,PROD093,7586.93,Wallet,Success,2026-05-04
TXN09153,CUST1015,PROD073,19825.77,Wallet,Failed,2026-05-26
TXN09154,CUST1160,PROD028,13424.06,Wallet,Success,2026-01-28
TXN09155,CUST1817,PROD081,11449.44,Net Banking,Success,2026-05-24
TXN09156,CUST0797,PROD016,3631.84,UPI,Failed,2026-06-18
TXN09157,CUST1426,PROD085,373.83,Debit Card,Success,2026-02-06
TXN09158,CUST0742,PROD044,2438.96,Debit Card,Failed,2026-08-06
TXN09159,CUST1558,PROD051,18139.43,Net Banking,Success,2026-08-19
TXN09160,CUST0683,PROD027,4213.46,Net Banking,Success,2026-08-14
TXN09161,CUST0268,PROD065,15548.55,Wallet,Success,2026-06-01
TXN09162,CUST0837,PROD056,10132.13,Wallet,Success,2026-07-27
TXN09163,CUST1666,PROD070,16699.93,Credit Card,Success,2026-03-10
TXN09164,CUST0183,PROD050,3399.01,UPI,Success,2026-01-18
TXN09165,CUST0727,PROD097,1867.75,Wallet,Success,2026-06-29
TXN09166,CUST1726,PROD060,4293.55,Net Banking,Success,2026-06-07
TXN09167,CUST1402,PROD038,15031.22,UPI,Success,2026-01-21
TXN09168,CUST0725,PROD057,10006.34,UPI,Success,2026-06-19
TXN09169,CUST1394,PROD008,19966.09,Credit Card,Success,2026-07-17
TXN09170,CUST0677,PROD074,8404.14,Wallet,Failed,2026-05-23
TXN09171,CUST1564,PROD043,11050.51,Net Banking,Failed,2026-06-06
TXN09172,CUST0388,PROD043,17379.46,Credit Card,Success,2026-03-18
TXN09173,CUST1847,PROD021,3929.14,Wallet,Success,2026-03-09
TXN09174,CUST1576,PROD043,3507.95,Credit Card,Success,2026-01-26
TXN09175,CUST1449,PROD071,8778.17,Credit Card,Success,2026-04-19
TXN09176,CUST1550,PROD080,17928.53,Wallet,Success,2026-01-28
TXN09177,CUST1397,PROD035,1145.47,Wallet,Failed,2026-05-28
TXN09178,CUST0237,PROD041,2657.77,UPI,Success,2026-03-19
TXN09179,CUST0005,PROD046,15793.65,Debit Card,Success,2026-05-23
TXN09180,CUST1363,PROD011,14139.9,Debit Card,Success,2026-06-22
TXN09181,CUST1289,PROD035,14360.56,Net Banking,Success,2026-06-03
TXN09182,CUST1605,PROD054,5242.23,Credit Card,Success,2026-08-16
TXN09183,CUST1647,PROD053,6203.52,Debit Card,Success,2026-02-04
TXN09184,CUST1412,PROD029,14047.35,Credit Card,Success,2026-07-09
TXN09185,CUST0698,PROD028,12074.1,Net Banking,Success,2026-07-05
TXN09186,CUST1736,PROD038,2704.57,Wallet,Success,2026-01-07
TXN09187,CUST0929,PROD037,14215.18,Credit Card,Success,2026-03-12
TXN09188,CUST1378,PROD031,18596.17,Net Banking,Failed,2026-06-29
TXN09189,CUST1334,PROD044,15079.08,Net Banking,Success,2026-02-17
TXN09190,CUST1031,PROD023,579.38,Wallet,Failed,2026-01-26
TXN09191,CUST0210,PROD022,3217.78,Net Banking,Success,2026-07-20
TXN09192,CUST0252,PROD034,17697.69,Wallet,Success,2026-07-19
TXN09193,CUST1240,PROD063,231.7,Wallet,Success,2026-01-03
TXN09194,CUST1203,PROD091,503.08,Credit Card,Success,2026-04-22
TXN09195,CUST1776,PROD013,16654.16,Debit Card,Failed,2026-06-25
TXN09196,CUST0159,PROD010,9489.78,Credit Card,Success,2026-06-16
TXN09197,CUST0241,PROD057,1286.54,Debit Card,Success,2026-06-21
TXN09198,CUST0490,PROD064,12051.45,Wallet,Success,2026-01-01
TXN09199,CUST0106,PROD040,17982.79,Net Banking,Success,2026-03-02
TXN09200,CUST1887,PROD045,11096.75,Debit Card,Success,2026-02-16
TXN09201,CUST0957,PROD012,9948.39,UPI,Success,2026-01-10
TXN09202,CUST0472,PROD031,4697.83,Credit Card,Success,2026-01-02
TXN09203,CUST0690,PROD049,11592.6,Net Banking,Success,2026-07-26
TXN09204,CUST0912,PROD098,5178.19,UPI,Success,2026-08-19
TXN09205,CUST1893,PROD031,1584.98,Debit Card,Success,2026-01-26
TXN09206,CUST1219,PROD054,10162.42,Debit Card,Failed,2026-06-06
TXN09207,CUST1538,PROD089,6162.49,Net Banking,Success,2026-02-06
TXN09208,CUST0405,PROD012,7485.51,Credit Card,Success,2026-08-15
TXN09209,CUST1215,PROD079,781.21,Debit Card,Failed,2026-02-22
TXN09210,CUST0241,PROD032,1706.27,Net Banking,Success,2026-07-30
TXN09211,CUST0402,PROD091,7707.43,UPI,Success,2026-05-08
TXN09212,CUST0822,PROD040,8490.54,Credit Card,Success,2026-06-30
TXN09213,CUST0171,PROD096,18570.09,Credit Card,Success,2026-03-25
TXN09214,CUST1055,PROD097,12850.46,Credit Card,Success,2026-02-24
TXN09215,CUST1407,PROD028,16648.29,Debit Card,Success,2026-05-11
TXN09216,CUST1688,PROD092,11992.62,Wallet,Failed,2026-07-15
TXN09217,CUST0434,PROD092,5262.05,Net Banking,Success,2026-08-06
TXN09218,CUST1994,PROD057,9230.3,Credit Card,Success,2026-05-21
TXN09219,CUST0710,PROD023,2561.84,Net Banking,Success,2026-06-05
TXN09220,CUST1400,PROD050,6025.16,Debit Card,Success,2026-04-21
TXN09221,CUST0295,PROD026,18606.71,UPI,Success,2026-07-21
TXN09222,CUST0576,PROD006,3280.17,Net Banking,Failed,2026-03-08
TXN09223,CUST0419,PROD002,17693.61,Debit Card,Success,2026-04-26
TXN09224,CUST0220,PROD052,4097.15,UPI,Success,2026-05-08
TXN09225,CUST1333,PROD035,11508.24,UPI,Success,2026-03-06
TXN09226,CUST1384,PROD045,2682.31,Net Banking,Success,2026-06-04
TXN09227,CUST1682,PROD053,18699.93,Net Banking,Success,2026-02-12
TXN09228,CUST1496,PROD010,3912.45,Net Banking,Success,2026-08-12
TXN09229,CUST1402,PROD041,18834.63,Net Banking,Success,2026-02-21
TXN09230,CUST0857,PROD066,13027.89,Net Banking,Failed,2026-07-16
TXN09231,CUST1959,PROD056,9679.55,Net Banking,Success,2026-03-20
TXN09232,CUST1290,PROD024,7850.73,Net Banking,Success,2026-05-12
TXN09233,CUST0010,PROD012,13880.2,Credit Card,Success,2026-02-22
TXN09234,CUST1000,PROD079,15542.64,Wallet,Success,2026-07-08
TXN09235,CUST1663,PROD013,16631.26,Credit Card,Success,2026-01-01
TXN09236,CUST1365,PROD062,2588.39,Net Banking,Success,2026-05-26
TXN09237,CUST0608,PROD078,5805.7,Wallet,Success,2026-01-25
TXN09238,CUST0245,PROD040,14747.9,Net Banking,Success,2026-04-01
TXN09239,CUST1997,PROD054,14832.52,Credit Card,Failed,2026-07-23
TXN09240,CUST0580,PROD075,18981.26,Credit Card,Success,2026-06-26
TXN09241,CUST0060,PROD054,10405.61,Credit Card,Failed,2026-02-17
TXN09242,CUST0939,PROD073,6405.03,UPI,Success,2026-04-14
TXN09243,CUST1595,PROD011,15115.82,Net Banking,Success,2026-05-25
TXN09244,CUST0144,PROD087,18725.54,Credit Card,Failed,2026-06-07
TXN09245,CUST1803,PROD025,3328.88,Net Banking,Failed,2026-03-28
TXN09246,CUST1227,PROD006,18239.79,Debit Card,Success,2026-05-10
TXN09247,CUST0868,PROD073,495.67,Credit Card,Success,2026-01-15
TXN09248,CUST1508,PROD096,19123.02,UPI,Success,2026-07-08
TXN09249,CUST0377,PROD007,2918.92,UPI,Success,2026-02-24
TXN09250,CUST1852,PROD030,17490.7,Debit Card,Failed,2026-06-10
TXN09251,CUST1705,PROD043,14104.17,UPI,Success,2026-07-30
TXN09252,CUST1214,PROD081,3250.33,Net Banking,Success,2026-01-10
TXN09253,CUST0302,PROD026,1105.05,Credit Card,Success,2026-02-22
TXN09254,CUST1508,PROD071,3171.92,Wallet,Failed,2026-02-27
TXN09255,CUST1265,PROD087,7315.61,UPI,Success,2026-01-28
TXN09256,CUST1284,PROD098,19839.24,Net Banking,Success,2026-05-30
TXN09257,CUST1883,PROD032,10913.28,Net Banking,Failed,2026-06-19
TXN09258,CUST0323,PROD057,11115.64,Net Banking,Success,2026-04-30
TXN09259,CUST1930,PROD069,16468.18,Net Banking,Success,2026-03-04
TXN09260,CUST1301,PROD071,14342.66,Credit Card,Failed,2026-02-16
TXN09261,CUST1578,PROD050,16234.19,Net Banking,Success,2026-07-14
TXN09262,CUST0214,PROD039,5263.5,Wallet,Success,2026-03-08
TXN09263,CUST0694,PROD059,5560.91,Net Banking,Success,2026-01-07
TXN09264,CUST1680,PROD003,7766.06,Debit Card,Failed,2026-01-17
TXN09265,CUST1303,PROD039,16227.87,UPI,Failed,2026-06-07
TXN09266,CUST1036,PROD090,8893.05,Credit Card,Failed,2026-01-13
TXN09267,CUST1053,PROD011,1446.43,UPI,Failed,2026-01-03
TXN09268,CUST0557,PROD031,18457.4,Wallet,Success,2026-02-25
TXN09269,CUST0594,PROD011,11668.21,UPI,Success,2026-05-21
TXN09270,CUST1436,PROD082,8872.68,Credit Card,Success,2026-04-16
TXN09271,CUST0044,PROD081,6884.63,Net Banking,Success,2026-01-01
TXN09272,CUST1171,PROD044,1245.39,Debit Card,Success,2026-03-14
TXN09273,CUST1735,PROD022,8932.15,Wallet,Success,2026-07-31
TXN09274,CUST1169,PROD072,17759.36,Credit Card,Failed,2026-01-02
TXN09275,CUST0576,PROD084,5421.3,Net Banking,Success,2026-01-29
TXN09276,CUST1381,PROD049,11919.67,Net Banking,Success,2026-06-25
TXN09277,CUST0560,PROD008,10488.58,Debit Card,Success,2026-05-15
TXN09278,CUST1935,PROD084,13103.53,Credit Card,Success,2026-03-01
TXN09279,CUST1037,PROD014,4077.08,Debit Card,Success,2026-01-04
TXN09280,CUST1459,PROD086,6026.16,Credit Card,Success,2026-01-10
TXN09281,CUST0842,PROD021,3669.21,Debit Card,Failed,2026-08-07
TXN09282,CUST0549,PROD016,14430.71,Debit Card,Failed,2026-02-02
TXN09283,CUST0431,PROD068,7128.47,Net Banking,Success,2026-07-25
TXN09284,CUST0645,PROD064,10437.05,UPI,Success,2026-07-24
TXN09285,CUST0580,PROD100,5705.17,Net Banking,Failed,2026-04-22
TXN09286,CUST0563,PROD062,2306.51,Credit Card,Failed,2026-02-18
TXN09287,CUST0121,PROD013,15565.79,Credit Card,Failed,2026-08-16
TXN09288,CUST1329,PROD013,18810.06,Debit Card,Success,2026-05-14
TXN09289,CUST1719,PROD013,11108.09,UPI,Success,2026-05-15
TXN09290,CUST1693,PROD007,2056.26,UPI,Success,2026-04-09
TXN09291,CUST0392,PROD099,14961.76,Debit Card,Failed,2026-03-05
TXN09292,CUST1990,PROD051,10285.57,Wallet,Success,2026-05-11
TXN09293,CUST0200,PROD035,19244.52,UPI,Success,2026-05-18
TXN09294,CUST1420,PROD032,6864.61,UPI,Success,2026-02-28
TXN09295,CUST1015,PROD049,8025.2,Net Banking,Success,2026-02-06
TXN09296,CUST0814,PROD072,11743.56,Wallet,Failed,2026-04-29
TXN09297,CUST1139,PROD036,17442.27,Net Banking,Success,2026-05-12
TXN09298,CUST1117,PROD010,17104.54,Wallet,Success,2026-02-20
TXN09299,CUST0630,PROD064,13455.98,UPI,Success,2026-04-24
TXN09300,CUST1997,PROD012,449.95,Debit Card,Success,2026-07-29
TXN09301,CUST0477,PROD001,19799.2,UPI,Success,2026-05-23
TXN09302,CUST1060,PROD022,18843.54,UPI,Success,2026-02-25
TXN09303,CUST1428,PROD039,16803.97,Debit Card,Success,2026-02-14
TXN09304,CUST1702,PROD095,6157.68,UPI,Success,2026-03-01
TXN09305,CUST1557,PROD038,6320.85,Net Banking,Failed,2026-05-26
TXN09306,CUST1284,PROD076,6074.11,Debit Card,Failed,2026-07-23
TXN09307,CUST0846,PROD029,6146.38,UPI,Success,2026-08-03
TXN09308,CUST1905,PROD012,11896.74,Wallet,Failed,2026-04-18
TXN09309,CUST0464,PROD032,5679.82,UPI,Success,2026-01-02
TXN09310,CUST0213,PROD080,7407.8,UPI,Success,2026-06-20
TXN09311,CUST1290,PROD006,4446.64,Net Banking,Success,2026-04-24
TXN09312,CUST0145,PROD062,282.27,UPI,Success,2026-06-29
TXN09313,CUST1404,PROD093,8158.36,Debit Card,Success,2026-07-07
TXN09314,CUST0637,PROD089,10861.67,UPI,Failed,2026-02-04
TXN09315,CUST1070,PROD063,2704.27,Wallet,Success,2026-03-21
TXN09316,CUST1049,PROD014,10784.16,Net Banking,Failed,2026-05-27
TXN09317,CUST0287,PROD029,15658.67,Debit Card,Success,2026-03-07
TXN09318,CUST0669,PROD048,8910.68,Debit Card,Success,2026-08-06
TXN09319,CUST1549,PROD060,3588.37,Credit Card,Failed,2026-07-22
TXN09320,CUST0840,PROD026,13072.49,Credit Card,Success,2026-04-14
TXN09321,CUST1449,PROD075,1672.74,Debit Card,Failed,2026-01-02
TXN09322,CUST1387,PROD038,19052.23,Credit Card,Success,2026-05-03
TXN09323,CUST0140,PROD080,765.83,UPI,Success,2026-04-23
TXN09324,CUST0868,PROD068,18449.11,Net Banking,Success,2026-03-04
TXN09325,CUST0205,PROD090,11001.79,Wallet,Failed,2026-04-03
TXN09326,CUST0442,PROD045,10369.23,UPI,Success,2026-03-06
TXN09327,CUST0986,PROD006,15624.45,Net Banking,Success,2026-04-04
TXN09328,CUST1694,PROD021,16667.7,Net Banking,Success,2026-03-23
TXN09329,CUST0787,PROD089,5709.59,Net Banking,Success,2026-06-24
TXN09330,CUST0810,PROD050,8507.95,Debit Card,Success,2026-01-25
TXN09331,CUST1584,PROD015,19428.53,UPI,Success,2026-07-30
TXN09332,CUST0080,PROD064,555.39,UPI,Success,2026-05-14
TXN09333,CUST1283,PROD068,15406.96,Debit Card,Failed,2026-02-19
TXN09334,CUST0866,PROD063,12696.7,Credit Card,Success,2026-07-26
TXN09335,CUST0374,PROD047,14484.47,Credit Card,Success,2026-03-28
TXN09336,CUST0943,PROD054,1747.99,Credit Card,Success,2026-01-08
TXN09337,CUST0712,PROD078,16002.33,Debit Card,Failed,2026-05-12
TXN09338,CUST0097,PROD067,8472.27,Net Banking,Failed,2026-05-10
TXN09339,CUST1517,PROD025,15086.42,Debit Card,Success,2026-07-29
TXN09340,CUST0574,PROD019,3388.82,Net Banking,Failed,2026-06-04
TXN09341,CUST0766,PROD028,2789.44,UPI,Success,2026-08-11
TXN09342,CUST0133,PROD092,4960.75,Wallet,Failed,2026-08-19
TXN09343,CUST1158,PROD028,390.11,Debit Card,Success,2026-01-04
TXN09344,CUST0098,PROD032,9901.76,Net Banking,Success,2026-07-28
TXN09345,CUST1135,PROD040,16707.37,Wallet,Success,2026-08-17
TXN09346,CUST0218,PROD039,1039.14,Net Banking,Success,2026-03-28
TXN09347,CUST1507,PROD001,3131.51,Net Banking,Failed,2026-04-01
TXN09348,CUST1001,PROD005,13516.95,Wallet,Success,2026-07-29
TXN09349,CUST1251,PROD042,12289.58,Net Banking,Failed,2026-02-06
TXN09350,CUST1155,PROD001,5570.44,Net Banking,Failed,2026-02-19
TXN09351,CUST1759,PROD009,15599.27,Wallet,Success,2026-07-15
TXN09352,CUST1058,PROD098,4019.47,Net Banking,Success,2026-05-14
TXN09353,CUST1087,PROD097,10907.5,Credit Card,Success,2026-04-08
TXN09354,CUST1202,PROD054,1774.59,Credit Card,Success,2026-06-29
TXN09355,CUST1953,PROD057,13501.02,UPI,Success,2026-05-02
TXN09356,CUST1879,PROD091,9262.34,Wallet,Success,2026-02-17
TXN09357,CUST1467,PROD088,11496.76,Credit Card,Success,2026-03-18
TXN09358,CUST1276,PROD013,7278.81,Wallet,Failed,2026-03-11
TXN09359,CUST0947,PROD070,10975.02,Debit Card,Success,2026-01-23
TXN09360,CUST1414,PROD018,5304.89,Credit Card,Success,2026-08-02
TXN09361,CUST1541,PROD061,901.85,Wallet,Success,2026-01-10
TXN09362,CUST0692,PROD044,1010.63,Credit Card,Success,2026-04-21
TXN09363,CUST0605,PROD069,1790.88,Wallet,Failed,2026-07-10
TXN09364,CUST1351,PROD050,8949.7,Debit Card,Success,2026-06-01
TXN09365,CUST0208,PROD029,17765.5,Wallet,Success,2026-01-29
TXN09366,CUST1077,PROD060,1432.27,UPI,Success,2026-03-13
TXN09367,CUST1794,PROD022,634.63,Debit Card,Failed,2026-03-03
TXN09368,CUST1671,PROD085,15836.84,Debit Card,Success,2026-08-08
TXN09369,CUST1131,PROD096,3653.94,UPI,Success,2026-06-19
TXN09370,CUST0035,PROD038,7930.15,Net Banking,Failed,2026-03-21
TXN09371,CUST0896,PROD088,14607.64,Debit Card,Success,2026-07-23
TXN09372,CUST1899,PROD097,3862.28,Credit Card,Success,2026-04-16
TXN09373,CUST1876,PROD030,4805.52,Wallet,Success,2026-05-09
TXN09374,CUST0496,PROD040,6506.43,Debit Card,Success,2026-03-17
TXN09375,CUST1343,PROD065,5809.58,Credit Card,Success,2026-03-05
TXN09376,CUST2000,PROD096,18844.64,Wallet,Success,2026-01-11
TXN09377,CUST0607,PROD077,7863.25,UPI,Success,2026-04-18
TXN09378,CUST0944,PROD092,13372.89,Net Banking,Failed,2026-01-15
TXN09379,CUST1909,PROD001,11543.34,Wallet,Failed,2026-01-20
TXN09380,CUST1313,PROD082,13109.72,Wallet,Success,2026-08-04
TXN09381,CUST0813,PROD058,8503.56,UPI,Failed,2026-04-30
TXN09382,CUST1177,PROD048,2538.43,UPI,Success,2026-07-12
TXN09383,CUST1464,PROD045,8198.57,Debit Card,Success,2026-02-11
TXN09384,CUST1420,PROD051,2833.3,Wallet,Success,2026-01-15
TXN09385,CUST0292,PROD068,711.66,Wallet,Success,2026-04-27
TXN09386,CUST0766,PROD003,674.62,Debit Card,Success,2026-01-15
TXN09387,CUST0562,PROD010,7018.79,Net Banking,Success,2026-08-06
TXN09388,CUST0085,PROD048,14595.98,Credit Card,Success,2026-08-18
TXN09389,CUST0764,PROD056,3264.18,Credit Card,Success,2026-08-15
TXN09390,CUST0336,PROD015,9129.83,Wallet,Success,2026-05-19
TXN09391,CUST1685,PROD072,4399.83,UPI,Success,2026-06-29
TXN09392,CUST0398,PROD059,778.91,Credit Card,Success,2026-07-10
TXN09393,CUST1452,PROD051,14107.7,Net Banking,Success,2026-01-08
TXN09394,CUST0010,PROD086,16702.24,Debit Card,Failed,2026-02-09
TXN09395,CUST1245,PROD025,16651.54,Credit Card,Success,2026-02-06
TXN09396,CUST1826,PROD062,18348.16,Net Banking,Success,2026-04-18
TXN09397,CUST1253,PROD035,18723.29,Wallet,Success,2026-04-10
TXN09398,CUST0419,PROD024,5690.27,Debit Card,Failed,2026-07-15
TXN09399,CUST0580,PROD020,8487.69,Wallet,Failed,2026-05-24
TXN09400,CUST1992,PROD071,14617.61,Net Banking,Success,2026-08-16
TXN09401,CUST0736,PROD061,17390.83,Net Banking,Success,2026-03-15
TXN09402,CUST1085,PROD044,13599.58,Wallet,Success,2026-04-23
TXN09403,CUST0808,PROD039,7460.4,Wallet,Success,2026-07-18
TXN09404,CUST0568,PROD018,9079.14,Debit Card,Success,2026-03-03
TXN09405,CUST1103,PROD088,2723.31,Wallet,Failed,2026-06-17
TXN09406,CUST1952,PROD047,2005.78,Credit Card,Success,2026-03-30
TXN09407,CUST1367,PROD067,9912.58,Credit Card,Success,2026-08-15
TXN09408,CUST0221,PROD012,11105.2,Wallet,Success,2026-05-04
TXN09409,CUST0493,PROD034,19878.56,Debit Card,Success,2026-01-18
TXN09410,CUST1147,PROD062,13369.74,Debit Card,Success,2026-04-23
TXN09411,CUST1927,PROD053,15595.6,Net Banking,Success,2026-05-30
TXN09412,CUST1954,PROD003,4026.68,Wallet,Success,2026-05-15
TXN09413,CUST1747,PROD100,19958.16,Credit Card,Success,2026-07-30
TXN09414,CUST0997,PROD073,18989.33,Net Banking,Failed,2026-01-15
TXN09415,CUST1036,PROD067,13463.56,Debit Card,Success,2026-04-23
TXN09416,CUST1949,PROD002,6744.12,UPI,Success,2026-06-29
TXN09417,CUST0964,PROD069,19364.52,Credit Card,Success,2026-04-14
TXN09418,CUST1686,PROD009,8223.95,Net Banking,Success,2026-03-09
TXN09419,CUST0190,PROD069,14480.36,Debit Card,Success,2026-08-08
TXN09420,CUST0709,PROD030,1900.67,Debit Card,Success,2026-01-17
TXN09421,CUST1386,PROD030,14303.4,Wallet,Failed,2026-02-02
TXN09422,CUST1315,PROD062,12545.83,Net Banking,Failed,2026-05-17
TXN09423,CUST0875,PROD041,15799.23,Debit Card,Success,2026-06-13
TXN09424,CUST1717,PROD053,16193.87,UPI,Success,2026-07-20
TXN09425,CUST0029,PROD099,14811.73,Credit Card,Failed,2026-05-26
TXN09426,CUST0850,PROD060,932.48,Debit Card,Success,2026-08-18
TXN09427,CUST1418,PROD022,3842.74,UPI,Success,2026-03-20
TXN09428,CUST0539,PROD050,19144.74,Debit Card,Success,2026-04-06
TXN09429,CUST1410,PROD085,18716.45,Debit Card,Success,2026-06-03
TXN09430,CUST1150,PROD058,19326.75,Debit Card,Success,2026-02-20
TXN09431,CUST0777,PROD070,4921.98,Credit Card,Success,2026-01-02
TXN09432,CUST1635,PROD060,14388.7,Credit Card,Success,2026-01-22
TXN09433,CUST1025,PROD007,1385.31,Debit Card,Failed,2026-01-22
TXN09434,CUST1063,PROD007,831.12,Wallet,Success,2026-07-15
TXN09435,CUST0907,PROD088,6437.88,Debit Card,Success,2026-08-07
TXN09436,CUST0915,PROD088,9820.6,Credit Card,Success,2026-03-16
TXN09437,CUST1148,PROD024,4732.01,UPI,Success,2026-06-05
TXN09438,CUST0261,PROD085,14181.34,Wallet,Success,2026-01-17
TXN09439,CUST0852,PROD050,11686.92,Debit Card,Failed,2026-07-05
TXN09440,CUST1060,PROD032,7294.89,UPI,Failed,2026-05-12
TXN09441,CUST0557,PROD050,12088.37,Net Banking,Success,2026-07-28
TXN09442,CUST0284,PROD074,19613.82,Debit Card,Failed,2026-04-27
TXN09443,CUST0559,PROD097,6831.08,Net Banking,Success,2026-02-06
TXN09444,CUST1845,PROD083,3953.26,Credit Card,Success,2026-01-14
TXN09445,CUST1874,PROD039,7968.99,Wallet,Success,2026-06-06
TXN09446,CUST0713,PROD073,10927.79,UPI,Failed,2026-06-07
TXN09447,CUST0126,PROD049,8104.8,UPI,Failed,2026-07-28
TXN09448,CUST0609,PROD060,10584.27,Net Banking,Success,2026-01-14
TXN09449,CUST1889,PROD055,5962.09,Debit Card,Failed,2026-07-04
TXN09450,CUST1835,PROD069,18455.62,Wallet,Success,2026-06-01
TXN09451,CUST0364,PROD035,5504.68,Net Banking,Success,2026-03-18
TXN09452,CUST0169,PROD019,14611.86,Debit Card,Success,2026-06-25
TXN09453,CUST1408,PROD006,11668.54,Net Banking,Success,2026-02-14
TXN09454,CUST1200,PROD032,13772.43,UPI,Failed,2026-07-31
TXN09455,CUST1057,PROD012,13771.59,Credit Card,Success,2026-02-06
TXN09456,CUST0373,PROD097,1664.95,UPI,Success,2026-06-17
TXN09457,CUST1322,PROD088,10254.63,Credit Card,Success,2026-01-21
TXN09458,CUST1044,PROD036,834.56,UPI,Success,2026-03-16
TXN09459,CUST1371,PROD043,3470.37,Net Banking,Success,2026-02-28
TXN09460,CUST0003,PROD099,10841.02,Net Banking,Success,2026-04-26
TXN09461,CUST0762,PROD010,12366.88,UPI,Success,2026-07-12
TXN09462,CUST0361,PROD021,19286.85,UPI,Success,2026-04-21
TXN09463,CUST0496,PROD037,15250.68,Wallet,Success,2026-04-29
TXN09464,CUST0492,PROD021,8637.87,Wallet,Success,2026-03-07
TXN09465,CUST0865,PROD035,19931.5,UPI,Success,2026-02-26
TXN09466,CUST1674,PROD027,2978.48,Wallet,Success,2026-03-01
TXN09467,CUST1661,PROD033,5005.58,Net Banking,Success,2026-07-03
TXN09468,CUST0484,PROD008,14990.39,Debit Card,Failed,2026-05-21
TXN09469,CUST0357,PROD010,12495.22,Debit Card,Success,2026-08-15
TXN09470,CUST1234,PROD079,8507.4,Credit Card,Success,2026-02-08
TXN09471,CUST0422,PROD012,18248.33,UPI,Success,2026-06-24
TXN09472,CUST0729,PROD047,18852.74,Wallet,Failed,2026-05-09
TXN09473,CUST0401,PROD095,12411.64,Credit Card,Success,2026-06-26
TXN09474,CUST0978,PROD070,2565.85,Credit Card,Success,2026-01-29
TXN09475,CUST0958,PROD003,13327.01,UPI,Success,2026-04-26
TXN09476,CUST1021,PROD080,14128.57,Credit Card,Success,2026-07-07
TXN09477,CUST0520,PROD092,16398.73,Net Banking,Success,2026-03-18
TXN09478,CUST1340,PROD078,19282.58,UPI,Success,2026-01-18
TXN09479,CUST1720,PROD015,7602.5,Net Banking,Failed,2026-07-13
TXN09480,CUST1708,PROD063,4375.63,UPI,Success,2026-06-22
TXN09481,CUST0612,PROD021,7866.64,Debit Card,Failed,2026-03-17
TXN09482,CUST1486,PROD055,17743.54,Debit Card,Success,2026-05-27
TXN09483,CUST1083,PROD037,7549.4,UPI,Success,2026-02-24
TXN09484,CUST1640,PROD074,488.34,Debit Card,Failed,2026-08-08
TXN09485,CUST1392,PROD045,10167.81,Credit Card,Success,2026-05-02
TXN09486,CUST0390,PROD088,3911.42,Net Banking,Success,2026-07-25
TXN09487,CUST0071,PROD024,9919.34,Wallet,Success,2026-01-19
TXN09488,CUST0797,PROD040,3848.31,UPI,Success,2026-07-10
TXN09489,CUST0482,PROD071,15668.66,Credit Card,Failed,2026-07-28
TXN09490,CUST1955,PROD071,814.01,Net Banking,Success,2026-03-05
TXN09491,CUST1913,PROD095,17838.84,Debit Card,Failed,2026-07-02
TXN09492,CUST1975,PROD064,1028.76,Wallet,Success,2026-06-16
TXN09493,CUST1186,PROD091,12485.87,UPI,Failed,2026-07-06
TXN09494,CUST1683,PROD052,13327.98,Debit Card,Success,2026-07-29
TXN09495,CUST1527,PROD085,19901.61,Debit Card,Success,2026-03-03
TXN09496,CUST0294,PROD025,11706.78,UPI,Success,2026-07-21
TXN09497,CUST0150,PROD010,17268.44,Wallet,Success,2026-08-14
TXN09498,CUST0011,PROD088,1074.23,UPI,Failed,2026-01-02
TXN09499,CUST1786,PROD018,3739.87,Debit Card,Success,2026-01-15
TXN09500,CUST0269,PROD096,3502.85,Wallet,Success,2026-05-19
TXN09501,CUST1180,PROD092,7315.33,UPI,Failed,2026-07-16
TXN09502,CUST1170,PROD068,800.34,Net Banking,Success,2026-04-19
TXN09503,CUST1740,PROD058,2507.41,UPI,Success,2026-08-06
TXN09504,CUST0586,PROD061,17293.94,Debit Card,Success,2026-02-16
TXN09505,CUST1689,PROD046,17959.17,UPI,Success,2026-06-07
TXN09506,CUST1853,PROD063,3990.79,Net Banking,Success,2026-01-12
TXN09507,CUST0664,PROD008,14777.13,Wallet,Failed,2026-05-12
TXN09508,CUST0748,PROD060,14396.02,UPI,Success,2026-07-19
TXN09509,CUST0953,PROD026,2598.16,Credit Card,Success,2026-01-06
TXN09510,CUST0109,PROD020,13836.65,Debit Card,Success,2026-08-19
TXN09511,CUST0807,PROD026,2707.55,UPI,Success,2026-04-29
TXN09512,CUST0317,PROD036,18314.78,Net Banking,Failed,2026-06-19
TXN09513,CUST1667,PROD033,15602.94,Debit Card,Success,2026-06-12
TXN09514,CUST1838,PROD039,7755.52,Net Banking,Success,2026-04-17
TXN09515,CUST0813,PROD099,12782.47,Debit Card,Success,2026-06-18
TXN09516,CUST1258,PROD016,5705.45,Wallet,Success,2026-07-02
TXN09517,CUST0018,PROD003,299.93,UPI,Success,2026-08-02
TXN09518,CUST0434,PROD098,18827.4,Debit Card,Success,2026-04-24
TXN09519,CUST0917,PROD066,5570.17,UPI,Success,2026-07-07
TXN09520,CUST1553,PROD061,4956.97,Credit Card,Success,2026-07-27
TXN09521,CUST1964,PROD024,3115.95,Wallet,Success,2026-08-05
TXN09522,CUST0458,PROD062,8664.47,Credit Card,Success,2026-07-17
TXN09523,CUST1784,PROD027,14469.43,Debit Card,Success,2026-03-10
TXN09524,CUST0237,PROD044,5663.67,Net Banking,Success,2026-05-01
TXN09525,CUST0756,PROD060,10872.23,Net Banking,Success,2026-04-18
TXN09526,CUST0087,PROD090,13099.52,UPI,Success,2026-01-10
TXN09527,CUST1226,PROD012,17078.53,Wallet,Success,2026-02-01
TXN09528,CUST0334,PROD083,14688.28,Wallet,Success,2026-05-08
TXN09529,CUST1277,PROD028,12584.82,Debit Card,Failed,2026-02-22
TXN09530,CUST1362,PROD074,1887.79,Credit Card,Success,2026-01-15
TXN09531,CUST1988,PROD076,12914.49,Credit Card,Success,2026-04-10
TXN09532,CUST1965,PROD041,19408.82,Debit Card,Failed,2026-03-30
TXN09533,CUST0098,PROD084,573.51,Debit Card,Success,2026-05-04
TXN09534,CUST1582,PROD044,9326.37,Credit Card,Success,2026-01-26
TXN09535,CUST1043,PROD098,4622.78,Wallet,Success,2026-07-05
TXN09536,CUST1921,PROD025,9925.84,Wallet,Success,2026-06-20
TXN09537,CUST0563,PROD033,7885.62,Debit Card,Success,2026-06-13
TXN09538,CUST0216,PROD086,4121.19,UPI,Success,2026-05-19
TXN09539,CUST1038,PROD047,14355.22,Debit Card,Success,2026-06-23
TXN09540,CUST1125,PROD040,3703.93,Credit Card,Success,2026-02-27
TXN09541,CUST1516,PROD036,19817.97,UPI,Success,2026-04-27
TXN09542,CUST0963,PROD058,5142.15,Net Banking,Success,2026-08-04
TXN09543,CUST0137,PROD007,8560.26,Net Banking,Success,2026-02-19
TXN09544,CUST0709,PROD038,15840.76,Wallet,Success,2026-07-31
TXN09545,CUST0170,PROD024,9565.04,UPI,Success,2026-03-01
TXN09546,CUST1094,PROD020,17592.47,Net Banking,Success,2026-02-12
TXN09547,CUST0643,PROD054,17016.45,Wallet,Failed,2026-07-06
TXN09548,CUST1442,PROD079,15040.46,UPI,Success,2026-04-22
TXN09549,CUST0238,PROD065,8786.39,Net Banking,Success,2026-07-30
TXN09550,CUST1251,PROD047,7807.61,UPI,Success,2026-08-10
TXN09551,CUST1680,PROD095,17223.06,Wallet,Failed,2026-02-17
TXN09552,CUST0266,PROD012,14181.64,Debit Card,Failed,2026-05-04
TXN09553,CUST0883,PROD039,4543.61,Credit Card,Success,2026-05-24
TXN09554,CUST1199,PROD064,6571.16,Net Banking,Success,2026-02-20
TXN09555,CUST0232,PROD034,11649.42,Wallet,Failed,2026-02-04
TXN09556,CUST0836,PROD075,2070.03,Net Banking,Success,2026-06-25
TXN09557,CUST1351,PROD061,6531.34,Wallet,Success,2026-04-12
TXN09558,CUST0447,PROD033,18047.28,Debit Card,Failed,2026-06-18
TXN09559,CUST1965,PROD049,18738.56,Credit Card,Success,2026-06-20
TXN09560,CUST0059,PROD054,16222.45,Wallet,Failed,2026-07-16
TXN09561,CUST1361,PROD020,6898.96,Wallet,Success,2026-03-29
TXN09562,CUST0112,PROD002,4123.37,Debit Card,Failed,2026-08-02
TXN09563,CUST0121,PROD085,14116.26,Net Banking,Success,2026-05-22
TXN09564,CUST0831,PROD081,19719.61,Debit Card,Success,2026-03-04
TXN09565,CUST1264,PROD013,14436.87,UPI,Failed,2026-08-09
TXN09566,CUST1061,PROD045,16887.69,Wallet,Failed,2026-03-16
TXN09567,CUST0492,PROD011,17894.36,Credit Card,Success,2026-08-02
TXN09568,CUST1485,PROD021,18728.49,Net Banking,Failed,2026-08-05
TXN09569,CUST1605,PROD027,5913.41,Wallet,Success,2026-05-08
TXN09570,CUST0282,PROD065,1764.13,UPI,Success,2026-05-23
TXN09571,CUST1357,PROD061,1903.33,Net Banking,Success,2026-05-06
TXN09572,CUST0245,PROD001,4672.97,Credit Card,Success,2026-01-12
TXN09573,CUST1975,PROD063,17460.11,UPI,Success,2026-04-22
TXN09574,CUST0637,PROD041,9209.08,UPI,Success,2026-03-08
TXN09575,CUST1284,PROD079,1513.78,Wallet,Success,2026-03-11
TXN09576,CUST0037,PROD008,759.75,UPI,Success,2026-01-04
TXN09577,CUST0490,PROD008,16703.6,Credit Card,Success,2026-06-25
TXN09578,CUST0566,PROD071,11857.61,UPI,Success,2026-03-07
TXN09579,CUST0192,PROD094,16454.97,Wallet,Success,2026-03-05
TXN09580,CUST0224,PROD046,13277.92,UPI,Failed,2026-05-23
TXN09581,CUST0308,PROD060,15403.64,Debit Card,Success,2026-02-07
TXN09582,CUST0512,PROD083,9076.12,Debit Card,Success,2026-04-18
TXN09583,CUST0773,PROD010,10450.62,Debit Card,Success,2026-07-09
TXN09584,CUST1149,PROD074,17811.86,Wallet,Success,2026-04-06
TXN09585,CUST0423,PROD051,18891.42,Net Banking,Success,2026-06-08
TXN09586,CUST0999,PROD006,18623.39,Wallet,Success,2026-06-11
TXN09587,CUST0597,PROD066,9335.44,UPI,Failed,2026-06-26
TXN09588,CUST0380,PROD090,13531.34,UPI,Failed,2026-07-12
TXN09589,CUST1615,PROD029,4611.05,Credit Card,Success,2026-05-14
TXN09590,CUST0712,PROD055,2601.52,Wallet,Failed,2026-05-01
TXN09591,CUST0776,PROD070,17760.83,Net Banking,Success,2026-02-04
TXN09592,CUST0843,PROD088,12416.02,Net Banking,Failed,2026-01-31
TXN09593,CUST1729,PROD073,17471.66,Net Banking,Success,2026-07-06
TXN09594,CUST1381,PROD004,13566.41,Net Banking,Success,2026-05-09
TXN09595,CUST0728,PROD059,18420.54,Debit Card,Failed,2026-07-22
TXN09596,CUST1502,PROD055,7548.91,Net Banking,Success,2026-06-02
TXN09597,CUST1360,PROD041,12089.17,Net Banking,Success,2026-04-29
TXN09598,CUST0988,PROD028,13898.95,Wallet,Success,2026-07-22
TXN09599,CUST0081,PROD060,6498.44,Net Banking,Failed,2026-07-07
TXN09600,CUST0273,PROD025,13181.99,Net Banking,Success,2026-03-05
TXN09601,CUST1716,PROD029,11405.45,Net Banking,Success,2026-03-13
TXN09602,CUST1416,PROD012,18546.58,Credit Card,Success,2026-07-04
TXN09603,CUST1022,PROD072,10102.17,Debit Card,Success,2026-07-28
TXN09604,CUST0107,PROD058,5068.51,Wallet,Success,2026-07-29
TXN09605,CUST0536,PROD052,259.81,Debit Card,Success,2026-07-10
TXN09606,CUST0167,PROD059,19900.82,Credit Card,Success,2026-02-23
TXN09607,CUST0510,PROD028,260.03,Wallet,Success,2026-03-27
TXN09608,CUST1394,PROD072,11759.0,Wallet,Failed,2026-07-24
TXN09609,CUST1818,PROD002,19666.1,Credit Card,Failed,2026-07-02
TXN09610,CUST1345,PROD045,6806.63,Net Banking,Success,2026-07-12
TXN09611,CUST1267,PROD097,4516.24,Wallet,Failed,2026-05-12
TXN09612,CUST0441,PROD064,16321.26,Net Banking,Failed,2026-01-09
TXN09613,CUST1499,PROD075,14567.17,Wallet,Success,2026-08-02
TXN09614,CUST0855,PROD017,3930.78,UPI,Success,2026-06-19
TXN09615,CUST1518,PROD037,4651.99,Debit Card,Failed,2026-03-20
TXN09616,CUST0162,PROD073,16567.39,Net Banking,Success,2026-03-21
TXN09617,CUST1307,PROD070,19437.18,Wallet,Success,2026-03-15
TXN09618,CUST1000,PROD016,2413.69,Credit Card,Success,2026-04-23
TXN09619,CUST1249,PROD068,12698.56,Wallet,Success,2026-08-01
TXN09620,CUST0491,PROD033,4200.39,UPI,Failed,2026-04-06
TXN09621,CUST0514,PROD014,8467.49,Net Banking,Success,2026-02-06
TXN09622,CUST0366,PROD035,414.55,Net Banking,Success,2026-06-05
TXN09623,CUST1147,PROD086,9951.16,Credit Card,Success,2026-01-22
TXN09624,CUST1736,PROD013,7569.27,Net Banking,Success,2026-08-07
TXN09625,CUST0920,PROD008,1447.88,Wallet,Success,2026-08-10
TXN09626,CUST1047,PROD060,2551.62,UPI,Success,2026-01-29
TXN09627,CUST1610,PROD043,14373.08,Wallet,Success,2026-05-27
TXN09628,CUST1468,PROD006,9631.26,Wallet,Failed,2026-01-21
TXN09629,CUST1128,PROD086,19550.8,Credit Card,Success,2026-02-08
TXN09630,CUST0497,PROD014,19849.12,Net Banking,Success,2026-05-30
TXN09631,CUST0642,PROD005,3977.87,Net Banking,Success,2026-03-21
TXN09632,CUST1778,PROD082,1979.66,Debit Card,Success,2026-03-02
TXN09633,CUST1922,PROD062,18002.73,UPI,Success,2026-03-07
TXN09634,CUST0835,PROD045,7411.44,UPI,Success,2026-03-25
TXN09635,CUST1963,PROD032,17215.69,Debit Card,Failed,2026-03-29
TXN09636,CUST0154,PROD054,15917.5,Debit Card,Failed,2026-07-13
TXN09637,CUST0179,PROD045,13186.43,Credit Card,Success,2026-04-14
TXN09638,CUST1414,PROD026,7760.57,Wallet,Success,2026-03-01
TXN09639,CUST1465,PROD040,10277.64,UPI,Success,2026-03-27
TXN09640,CUST0915,PROD038,5385.82,Credit Card,Success,2026-03-25
TXN09641,CUST1736,PROD084,228.51,UPI,Success,2026-05-26
TXN09642,CUST0750,PROD030,8072.84,UPI,Success,2026-04-29
TXN09643,CUST1334,PROD056,12343.94,Net Banking,Success,2026-08-05
TXN09644,CUST1039,PROD081,2161.87,Credit Card,Success,2026-08-05
TXN09645,CUST0133,PROD040,15975.76,Debit Card,Success,2026-02-08
TXN09646,CUST1122,PROD056,5639.18,UPI,Success,2026-05-30
TXN09647,CUST0443,PROD045,18364.04,UPI,Success,2026-05-27
TXN09648,CUST0403,PROD045,14750.46,Wallet,Success,2026-01-20
TXN09649,CUST0081,PROD049,18776.88,Credit Card,Failed,2026-06-03
TXN09650,CUST1457,PROD033,12812.24,Debit Card,Success,2026-04-14
TXN09651,CUST1597,PROD027,3066.68,UPI,Success,2026-04-27
TXN09652,CUST0071,PROD039,12441.0,UPI,Success,2026-05-30
TXN09653,CUST0880,PROD099,19080.91,Debit Card,Success,2026-07-19
TXN09654,CUST1979,PROD067,5452.57,UPI,Failed,2026-05-01
TXN09655,CUST1149,PROD013,11602.02,UPI,Success,2026-02-10
TXN09656,CUST0100,PROD078,2082.28,Credit Card,Success,2026-04-09
TXN09657,CUST1161,PROD087,14743.63,Credit Card,Success,2026-02-08
TXN09658,CUST0261,PROD041,11734.14,Credit Card,Failed,2026-02-26
TXN09659,CUST0878,PROD047,9894.03,UPI,Success,2026-07-21
TXN09660,CUST1423,PROD078,3542.87,Wallet,Success,2026-03-17
TXN09661,CUST0287,PROD066,15432.16,Credit Card,Success,2026-07-17
TXN09662,CUST1811,PROD004,8666.65,Credit Card,Failed,2026-08-11
TXN09663,CUST0231,PROD066,4394.59,Wallet,Success,2026-06-17
TXN09664,CUST0550,PROD047,2495.57,Wallet,Success,2026-05-07
TXN09665,CUST1011,PROD058,8119.62,Wallet,Success,2026-06-24
TXN09666,CUST0017,PROD063,12479.37,UPI,Success,2026-01-22
TXN09667,CUST0289,PROD079,18986.67,Credit Card,Success,2026-08-10
TXN09668,CUST0468,PROD091,6660.16,Credit Card,Success,2026-02-01
TXN09669,CUST0741,PROD027,1829.9,Credit Card,Success,2026-04-06
TXN09670,CUST0885,PROD022,14294.6,Net Banking,Success,2026-05-20
TXN09671,CUST1472,PROD040,19635.89,UPI,Success,2026-06-28
TXN09672,CUST1472,PROD089,755.24,UPI,Success,2026-03-06
TXN09673,CUST1625,PROD058,13369.52,Net Banking,Failed,2026-01-24
TXN09674,CUST0340,PROD069,13390.6,Credit Card,Success,2026-05-18
TXN09675,CUST1099,PROD084,2745.99,Net Banking,Failed,2026-03-15
TXN09676,CUST0330,PROD013,8123.51,Credit Card,Failed,2026-04-07
TXN09677,CUST1000,PROD001,4396.29,Debit Card,Success,2026-04-21
TXN09678,CUST1799,PROD030,3001.91,Credit Card,Success,2026-07-03
TXN09679,CUST1856,PROD018,19168.44,Credit Card,Success,2026-03-06
TXN09680,CUST0410,PROD058,19701.87,Credit Card,Success,2026-05-23
TXN09681,CUST1050,PROD096,1756.23,Debit Card,Success,2026-03-29
TXN09682,CUST0602,PROD044,19984.34,Net Banking,Failed,2026-05-14
TXN09683,CUST0574,PROD062,7073.98,Debit Card,Success,2026-01-02
TXN09684,CUST0954,PROD037,13992.58,Net Banking,Success,2026-04-24
TXN09685,CUST0440,PROD035,5523.29,Debit Card,Success,2026-01-01
TXN09686,CUST1201,PROD039,13421.03,Net Banking,Success,2026-01-09
TXN09687,CUST0374,PROD097,7125.9,Wallet,Success,2026-02-15
TXN09688,CUST1295,PROD017,5508.08,Debit Card,Failed,2026-08-02
TXN09689,CUST1546,PROD030,5699.6,UPI,Failed,2026-04-06
TXN09690,CUST1947,PROD076,7507.08,Wallet,Failed,2026-01-02
TXN09691,CUST0921,PROD062,6499.06,Debit Card,Success,2026-07-27
TXN09692,CUST0280,PROD092,10966.12,Debit Card,Success,2026-01-31
TXN09693,CUST0057,PROD055,8585.64,UPI,Success,2026-03-30
TXN09694,CUST1446,PROD055,18789.46,UPI,Success,2026-02-17
TXN09695,CUST0400,PROD085,16688.34,UPI,Success,2026-04-24
TXN09696,CUST1255,PROD037,11049.28,Credit Card,Success,2026-05-02
TXN09697,CUST1061,PROD033,11772.42,Net Banking,Success,2026-02-03
TXN09698,CUST0714,PROD023,18527.84,Credit Card,Success,2026-08-12
TXN09699,CUST0661,PROD097,8614.56,UPI,Failed,2026-02-04
TXN09700,CUST1752,PROD007,10272.56,Net Banking,Failed,2026-01-06
TXN09701,CUST1749,PROD001,11960.59,Credit Card,Success,2026-05-12
TXN09702,CUST0074,PROD075,16578.25,Credit Card,Success,2026-04-02
TXN09703,CUST0009,PROD083,14127.34,Debit Card,Success,2026-06-01
TXN09704,CUST0401,PROD082,7040.98,Net Banking,Failed,2026-03-08
TXN09705,CUST0168,PROD028,1182.87,Net Banking,Failed,2026-02-10
TXN09706,CUST0268,PROD076,16948.28,UPI,Success,2026-05-29
TXN09707,CUST0646,PROD012,650.45,Credit Card,Success,2026-07-23
TXN09708,CUST0982,PROD077,11316.34,Credit Card,Success,2026-07-24
TXN09709,CUST1716,PROD060,11529.08,Wallet,Failed,2026-07-22
TXN09710,CUST1844,PROD068,5103.15,Wallet,Success,2026-07-21
TXN09711,CUST1902,PROD028,3542.99,UPI,Success,2026-07-22
TXN09712,CUST0365,PROD022,6133.05,UPI,Success,2026-05-22
TXN09713,CUST0970,PROD083,835.76,Net Banking,Failed,2026-03-01
TXN09714,CUST0214,PROD063,2294.86,UPI,Success,2026-03-30
TXN09715,CUST1111,PROD042,3138.75,UPI,Failed,2026-04-08
TXN09716,CUST1045,PROD072,15964.74,Wallet,Success,2026-04-05
TXN09717,CUST1957,PROD087,1189.7,UPI,Success,2026-03-25
TXN09718,CUST0173,PROD100,3898.38,Wallet,Success,2026-06-15
TXN09719,CUST1877,PROD050,19254.51,Wallet,Failed,2026-01-06
TXN09720,CUST1277,PROD092,9242.99,Debit Card,Failed,2026-06-26
TXN09721,CUST0575,PROD015,2235.45,UPI,Success,2026-04-24
TXN09722,CUST1194,PROD008,4847.26,Wallet,Success,2026-03-17
TXN09723,CUST0509,PROD061,2691.47,Wallet,Success,2026-03-30
TXN09724,CUST1546,PROD014,3090.62,Wallet,Success,2026-06-04
TXN09725,CUST1037,PROD036,10518.54,Debit Card,Success,2026-02-22
TXN09726,CUST1431,PROD018,19719.19,Net Banking,Failed,2026-06-25
TXN09727,CUST1887,PROD085,8642.49,UPI,Success,2026-05-06
TXN09728,CUST0640,PROD085,17235.69,Wallet,Success,2026-07-27
TXN09729,CUST1379,PROD080,18477.82,Debit Card,Success,2026-06-02
TXN09730,CUST0168,PROD075,6179.99,Net Banking,Success,2026-06-21
TXN09731,CUST0092,PROD060,19700.73,UPI,Success,2026-06-03
TXN09732,CUST0476,PROD047,3935.4,Credit Card,Success,2026-04-13
TXN09733,CUST1279,PROD020,2465.22,Credit Card,Success,2026-05-01
TXN09734,CUST0545,PROD002,19161.77,UPI,Success,2026-07-12
TXN09735,CUST0657,PROD069,19253.36,Net Banking,Success,2026-05-20
TXN09736,CUST0508,PROD015,19671.83,Debit Card,Success,2026-06-16
TXN09737,CUST1110,PROD060,1318.13,UPI,Success,2026-01-29
TXN09738,CUST0623,PROD019,17193.51,UPI,Failed,2026-01-30
TXN09739,CUST1557,PROD065,12489.31,Wallet,Success,2026-03-28
TXN09740,CUST1224,PROD091,17910.29,Credit Card,Success,2026-06-09
TXN09741,CUST0667,PROD086,11697.03,Net Banking,Success,2026-01-31
TXN09742,CUST0477,PROD051,13152.96,Debit Card,Failed,2026-04-19
TXN09743,CUST0246,PROD036,4615.97,Net Banking,Success,2026-02-25
TXN09744,CUST0048,PROD098,14940.52,UPI,Failed,2026-06-29
TXN09745,CUST1120,PROD008,17833.55,UPI,Success,2026-07-31
TXN09746,CUST1838,PROD053,5110.73,Credit Card,Success,2026-02-12
TXN09747,CUST1716,PROD035,4857.01,Debit Card,Success,2026-04-09
TXN09748,CUST1977,PROD073,16496.07,UPI,Failed,2026-03-22
TXN09749,CUST1245,PROD081,13195.42,Wallet,Success,2026-01-31
TXN09750,CUST1026,PROD084,13345.66,Debit Card,Success,2026-08-08
TXN09751,CUST0922,PROD077,2433.23,Credit Card,Success,2026-03-14
TXN09752,CUST1187,PROD072,18079.34,Credit Card,Success,2026-01-11
TXN09753,CUST0752,PROD078,14331.37,Wallet,Success,2026-05-17
TXN09754,CUST0059,PROD037,12416.96,Wallet,Success,2026-01-13
TXN09755,CUST1246,PROD009,862.49,Net Banking,Failed,2026-01-02
TXN09756,CUST0668,PROD052,12341.85,Wallet,Failed,2026-01-24
TXN09757,CUST1437,PROD028,3926.5,Credit Card,Success,2026-08-18
TXN09758,CUST0815,PROD061,11864.25,Credit Card,Success,2026-07-14
TXN09759,CUST1637,PROD050,5903.65,Credit Card,Success,2026-07-15
TXN09760,CUST0916,PROD045,257.7,Wallet,Failed,2026-05-25
TXN09761,CUST0056,PROD084,18938.23,UPI,Failed,2026-03-13
TXN09762,CUST0237,PROD008,7635.09,UPI,Failed,2026-01-29
TXN09763,CUST0215,PROD057,12552.17,UPI,Success,2026-04-05
TXN09764,CUST1648,PROD042,12185.12,UPI,Failed,2026-08-01
TXN09765,CUST0784,PROD043,4459.77,Debit Card,Failed,2026-05-08
TXN09766,CUST0557,PROD046,13873.45,Wallet,Success,2026-07-02
TXN09767,CUST1217,PROD025,1884.87,Net Banking,Success,2026-04-04
TXN09768,CUST1502,PROD092,6778.85,Wallet,Success,2026-08-15
TXN09769,CUST0524,PROD060,19118.09,Credit Card,Success,2026-01-28
TXN09770,CUST1060,PROD071,10376.57,UPI,Success,2026-02-01
TXN09771,CUST1286,PROD081,14881.11,Net Banking,Success,2026-08-12
TXN09772,CUST0361,PROD008,1802.31,UPI,Success,2026-04-29
TXN09773,CUST0047,PROD063,12624.29,UPI,Success,2026-05-15
TXN09774,CUST1513,PROD055,2745.88,Credit Card,Success,2026-07-03
TXN09775,CUST0687,PROD068,10976.58,Wallet,Success,2026-01-22
TXN09776,CUST0339,PROD095,8909.53,UPI,Success,2026-04-18
TXN09777,CUST1744,PROD013,11001.27,Wallet,Success,2026-04-26
TXN09778,CUST0638,PROD017,5412.52,Net Banking,Success,2026-04-30
TXN09779,CUST0126,PROD033,17422.41,Debit Card,Failed,2026-02-05
TXN09780,CUST0909,PROD053,6448.22,Credit Card,Success,2026-01-24
TXN09781,CUST0526,PROD039,17515.35,Debit Card,Success,2026-05-20
TXN09782,CUST1164,PROD086,19568.76,UPI,Failed,2026-04-01
TXN09783,CUST0801,PROD009,5234.47,Wallet,Success,2026-08-07
TXN09784,CUST1988,PROD009,19729.93,Debit Card,Success,2026-06-18
TXN09785,CUST1419,PROD076,19145.46,Debit Card,Success,2026-03-27
TXN09786,CUST0638,PROD074,8571.02,Debit Card,Success,2026-06-16
TXN09787,CUST1697,PROD015,8535.88,Wallet,Failed,2026-03-05
TXN09788,CUST0936,PROD100,19027.33,Credit Card,Failed,2026-07-09
TXN09789,CUST2000,PROD087,1153.45,Net Banking,Success,2026-08-19
TXN09790,CUST1522,PROD052,9824.11,Credit Card,Success,2026-06-29
TXN09791,CUST1320,PROD039,3798.37,Credit Card,Success,2026-08-04
TXN09792,CUST1716,PROD099,6551.16,Wallet,Success,2026-05-31
TXN09793,CUST0019,PROD052,18437.13,Wallet,Success,2026-03-30
TXN09794,CUST0210,PROD017,5693.59,UPI,Success,2026-07-13
TXN09795,CUST0897,PROD071,4828.93,Debit Card,Success,2026-02-27
TXN09796,CUST1384,PROD080,8545.89,UPI,Success,2026-05-11
TXN09797,CUST1165,PROD018,19837.54,UPI,Success,2026-04-28
TXN09798,CUST0851,PROD022,4285.08,Credit Card,Success,2026-06-05
TXN09799,CUST0370,PROD054,224.21,Net Banking,Success,2026-04-29
TXN09800,CUST1760,PROD054,6997.57,UPI,Success,2026-05-10
TXN09801,CUST0261,PROD056,2152.05,Debit Card,Success,2026-03-27
TXN09802,CUST1690,PROD058,18424.38,UPI,Success,2026-08-14
TXN09803,CUST1376,PROD071,2734.62,Credit Card,Success,2026-02-21
TXN09804,CUST0106,PROD022,6621.05,Credit Card,Success,2026-06-25
TXN09805,CUST0565,PROD093,8101.32,Debit Card,Success,2026-07-07
TXN09806,CUST1600,PROD059,2059.05,Debit Card,Success,2026-07-17
TXN09807,CUST0477,PROD015,15251.45,Net Banking,Success,2026-03-29
TXN09808,CUST1428,PROD065,4554.44,Net Banking,Success,2026-08-06
TXN09809,CUST1948,PROD095,11199.85,Debit Card,Success,2026-04-28
TXN09810,CUST1406,PROD014,15577.65,Wallet,Success,2026-03-08
TXN09811,CUST0487,PROD049,5896.24,UPI,Success,2026-02-08
TXN09812,CUST0308,PROD091,17435.56,Net Banking,Success,2026-05-31
TXN09813,CUST0746,PROD067,9442.96,Net Banking,Success,2026-01-17
TXN09814,CUST0398,PROD084,12308.18,UPI,Success,2026-07-03
TXN09815,CUST0272,PROD021,2102.2,Wallet,Failed,2026-07-14
TXN09816,CUST0095,PROD060,261.86,Credit Card,Success,2026-05-12
TXN09817,CUST1704,PROD090,16508.03,Debit Card,Success,2026-08-13
TXN09818,CUST1003,PROD034,19384.09,UPI,Success,2026-07-30
TXN09819,CUST1942,PROD097,7480.01,UPI,Failed,2026-02-15
TXN09820,CUST1119,PROD025,19260.66,Credit Card,Success,2026-06-27
TXN09821,CUST0032,PROD084,1743.46,UPI,Failed,2026-05-28
TXN09822,CUST1847,PROD039,5469.83,Debit Card,Success,2026-06-28
TXN09823,CUST1808,PROD061,17931.0,Net Banking,Failed,2026-07-08
TXN09824,CUST1547,PROD092,7660.99,Credit Card,Success,2026-03-30
TXN09825,CUST0925,PROD014,2227.88,Credit Card,Success,2026-02-01
TXN09826,CUST0468,PROD040,19508.43,Net Banking,Success,2026-06-26
TXN09827,CUST0251,PROD081,19594.34,Debit Card,Success,2026-04-24
TXN09828,CUST0706,PROD080,14478.13,Credit Card,Success,2026-02-14
TXN09829,CUST0097,PROD017,3861.33,Credit Card,Success,2026-02-15
TXN09830,CUST1983,PROD058,2012.91,Debit Card,Success,2026-04-09
TXN09831,CUST0445,PROD085,14657.93,Debit Card,Success,2026-07-08
TXN09832,CUST1662,PROD077,12526.82,Credit Card,Success,2026-04-26
TXN09833,CUST0136,PROD009,6471.3,Credit Card,Success,2026-06-07
TXN09834,CUST1541,PROD002,16801.02,Wallet,Success,2026-06-07
TXN09835,CUST1486,PROD008,8549.12,Net Banking,Success,2026-05-01
TXN09836,CUST0258,PROD007,12760.61,UPI,Success,2026-07-02
TXN09837,CUST1022,PROD098,16732.01,Credit Card,Success,2026-08-09
TXN09838,CUST0083,PROD010,994.41,UPI,Success,2026-08-11
TXN09839,CUST1958,PROD088,15366.41,UPI,Success,2026-04-11
TXN09840,CUST1681,PROD043,3881.6,Debit Card,Failed,2026-01-12
TXN09841,CUST0698,PROD050,17989.95,Net Banking,Success,2026-05-17
TXN09842,CUST0183,PROD003,4164.68,Wallet,Success,2026-08-04
TXN09843,CUST0432,PROD061,13775.77,Credit Card,Success,2026-02-16
TXN09844,CUST1583,PROD091,15621.35,Wallet,Success,2026-02-28
TXN09845,CUST1512,PROD077,361.58,Credit Card,Success,2026-03-29
TXN09846,CUST0630,PROD035,10670.33,UPI,Success,2026-05-20
TXN09847,CUST1584,PROD053,12051.67,Net Banking,Success,2026-07-05
TXN09848,CUST0948,PROD061,15928.17,Debit Card,Success,2026-03-22
TXN09849,CUST1172,PROD046,19259.45,Wallet,Failed,2026-02-12
TXN09850,CUST0205,PROD033,8589.35,UPI,Success,2026-07-15
TXN09851,CUST1790,PROD084,15469.89,Credit Card,Success,2026-03-29
TXN09852,CUST0929,PROD034,11722.92,UPI,Success,2026-06-24
TXN09853,CUST0832,PROD005,14595.97,Net Banking,Failed,2026-03-09
TXN09854,CUST1395,PROD016,11248.73,Credit Card,Success,2026-02-07
TXN09855,CUST1317,PROD092,5478.05,Wallet,Success,2026-03-11
TXN09856,CUST0571,PROD059,15822.84,Debit Card,Failed,2026-06-20
TXN09857,CUST0623,PROD068,7231.03,Net Banking,Failed,2026-06-20
TXN09858,CUST1621,PROD095,6345.71,UPI,Success,2026-03-26
TXN09859,CUST0363,PROD016,12660.56,Credit Card,Failed,2026-04-29
TXN09860,CUST1522,PROD076,2042.4,Net Banking,Success,2026-02-03
TXN09861,CUST0983,PROD009,4544.47,Wallet,Success,2026-07-22
TXN09862,CUST0553,PROD030,18089.9,Net Banking,Success,2026-02-03
TXN09863,CUST1610,PROD037,13329.89,Credit Card,Success,2026-01-30
TXN09864,CUST1502,PROD077,7161.61,Debit Card,Success,2026-03-09
TXN09865,CUST1836,PROD043,14542.99,UPI,Success,2026-07-19
TXN09866,CUST0905,PROD023,16809.51,Net Banking,Success,2026-01-03
TXN09867,CUST0904,PROD082,17242.11,UPI,Failed,2026-02-25
TXN09868,CUST1972,PROD087,9325.04,Credit Card,Failed,2026-01-07
TXN09869,CUST1254,PROD093,4434.37,Wallet,Success,2026-04-13
TXN09870,CUST0330,PROD007,14345.55,Credit Card,Failed,2026-03-29
TXN09871,CUST0238,PROD077,1926.8,Wallet,Success,2026-06-18
TXN09872,CUST1125,PROD021,10436.55,Wallet,Success,2026-06-25
TXN09873,CUST1045,PROD093,4373.19,Debit Card,Success,2026-07-05
TXN09874,CUST0907,PROD031,12523.66,Wallet,Success,2026-03-19
TXN09875,CUST0696,PROD002,7392.28,Wallet,Success,2026-04-11
TXN09876,CUST0709,PROD013,13756.8,Net Banking,Success,2026-03-09
TXN09877,CUST0944,PROD065,6806.64,Net Banking,Success,2026-07-17
TXN09878,CUST0147,PROD061,18707.92,Net Banking,Success,2026-06-30
TXN09879,CUST1383,PROD060,17535.8,Debit Card,Success,2026-02-15
TXN09880,CUST1676,PROD065,16598.39,Debit Card,Success,2026-08-19
TXN09881,CUST1786,PROD047,8308.79,Debit Card,Success,2026-07-31
TXN09882,CUST1453,PROD035,11936.84,Debit Card,Success,2026-04-26
TXN09883,CUST1332,PROD005,1579.85,Net Banking,Success,2026-03-08
TXN09884,CUST0500,PROD070,5379.87,Debit Card,Success,2026-03-25
TXN09885,CUST1638,PROD001,1967.32,Credit Card,Success,2026-06-17
TXN09886,CUST0151,PROD079,19487.42,Wallet,Failed,2026-07-24
TXN09887,CUST0609,PROD072,2182.62,Credit Card,Success,2026-01-21
TXN09888,CUST1966,PROD046,17544.73,UPI,Failed,2026-03-04
TXN09889,CUST1176,PROD067,12429.17,UPI,Failed,2026-03-01
TXN09890,CUST1437,PROD020,13143.71,Credit Card,Success,2026-02-17
TXN09891,CUST0338,PROD092,19099.13,UPI,Success,2026-03-21
TXN09892,CUST0874,PROD053,18328.82,Net Banking,Success,2026-06-01
TXN09893,CUST1680,PROD088,8196.38,Credit Card,Failed,2026-05-16
TXN09894,CUST0326,PROD071,3459.76,Net Banking,Success,2026-07-01
TXN09895,CUST0593,PROD008,13736.83,UPI,Failed,2026-01-05
TXN09896,CUST1936,PROD085,9720.95,Debit Card,Success,2026-02-26
TXN09897,CUST1189,PROD085,8308.24,Wallet,Success,2026-04-04
TXN09898,CUST1211,PROD003,14668.31,UPI,Success,2026-02-06
TXN09899,CUST0746,PROD043,18349.08,UPI,Success,2026-01-14
TXN09900,CUST0693,PROD029,5199.15,Net Banking,Success,2026-02-20
TXN09901,CUST0797,PROD055,11713.42,UPI,Success,2026-04-30
TXN09902,CUST0974,PROD082,6699.55,Debit Card,Success,2026-04-22
TXN09903,CUST0047,PROD027,12670.73,Wallet,Success,2026-03-10
TXN09904,CUST0376,PROD016,1666.02,Debit Card,Success,2026-07-06
TXN09905,CUST1951,PROD097,14017.61,UPI,Success,2026-02-16
TXN09906,CUST0768,PROD041,19617.62,UPI,Success,2026-02-11
TXN09907,CUST1660,PROD095,14797.44,Wallet,Success,2026-07-19
TXN09908,CUST1801,PROD046,6480.77,Net Banking,Failed,2026-02-09
TXN09909,CUST0584,PROD048,472.12,Credit Card,Success,2026-05-14
TXN09910,CUST0111,PROD060,3347.78,Wallet,Success,2026-05-24
TXN09911,CUST1601,PROD075,11616.77,Credit Card,Failed,2026-05-29
TXN09912,CUST1299,PROD072,14670.83,Net Banking,Success,2026-07-02
TXN09913,CUST1036,PROD075,10662.75,UPI,Success,2026-01-26
TXN09914,CUST1296,PROD087,6942.22,Credit Card,Failed,2026-07-16
TXN09915,CUST0706,PROD037,19110.03,Credit Card,Success,2026-07-07
TXN09916,CUST0644,PROD023,13272.8,Net Banking,Success,2026-07-11
TXN09917,CUST1943,PROD033,17389.07,UPI,Success,2026-07-15
TXN09918,CUST1698,PROD030,13121.65,Net Banking,Success,2026-01-05
TXN09919,CUST1018,PROD034,14167.9,UPI,Success,2026-08-18
TXN09920,CUST1792,PROD085,17753.61,Debit Card,Success,2026-06-13
TXN09921,CUST0376,PROD084,12486.62,UPI,Success,2026-07-25
TXN09922,CUST1168,PROD079,19916.1,Net Banking,Success,2026-06-04
TXN09923,CUST1504,PROD072,10349.47,UPI,Success,2026-01-22
TXN09924,CUST1041,PROD048,11796.83,Wallet,Success,2026-03-31
TXN09925,CUST1518,PROD046,17312.77,Debit Card,Failed,2026-02-13
TXN09926,CUST1551,PROD058,10549.73,UPI,Success,2026-06-12
TXN09927,CUST0215,PROD099,6284.51,Debit Card,Success,2026-01-27
TXN09928,CUST1393,PROD066,17218.84,Wallet,Success,2026-07-20
TXN09929,CUST1000,PROD074,15236.08,UPI,Success,2026-08-05
TXN09930,CUST1430,PROD052,12275.54,Credit Card,Success,2026-08-01
TXN09931,CUST1212,PROD015,18713.28,Net Banking,Failed,2026-02-21
TXN09932,CUST0070,PROD081,1448.71,Wallet,Success,2026-05-22
TXN09933,CUST1381,PROD002,6301.42,Net Banking,Success,2026-05-03
TXN09934,CUST0471,PROD002,15657.81,Wallet,Success,2026-06-27
TXN09935,CUST0965,PROD100,12894.29,Debit Card,Success,2026-01-26
TXN09936,CUST1851,PROD041,13158.53,Wallet,Success,2026-07-27
TXN09937,CUST1572,PROD065,6179.18,Net Banking,Success,2026-04-30
TXN09938,CUST1683,PROD059,5707.64,Debit Card,Success,2026-04-21
TXN09939,CUST1595,PROD057,5742.51,Net Banking,Success,2026-04-15
TXN09940,CUST1139,PROD044,16580.85,Net Banking,Success,2026-02-22
TXN09941,CUST0774,PROD038,4883.75,UPI,Success,2026-01-18
TXN09942,CUST1961,PROD052,16141.35,Wallet,Success,2026-04-05
TXN09943,CUST1800,PROD018,6352.08,UPI,Success,2026-05-07
TXN09944,CUST1070,PROD064,6155.91,Credit Card,Success,2026-05-21
TXN09945,CUST0834,PROD082,5110.8,Credit Card,Success,2026-07-07
TXN09946,CUST0665,PROD012,399.35,UPI,Success,2026-08-07
TXN09947,CUST0340,PROD085,18493.44,Wallet,Success,2026-05-23
TXN09948,CUST1421,PROD016,15741.95,UPI,Success,2026-05-27
TXN09949,CUST0157,PROD007,1879.8,Credit Card,Success,2026-07-09
TXN09950,CUST1652,PROD011,13009.58,Debit Card,Success,2026-07-27
TXN09951,CUST0529,PROD090,11289.95,Net Banking,Failed,2026-03-22
TXN09952,CUST0894,PROD013,19882.04,Debit Card,Success,2026-08-11
TXN09953,CUST0387,PROD100,10112.85,UPI,Success,2026-02-17
TXN09954,CUST0528,PROD042,16112.6,Credit Card,Success,2026-05-18
TXN09955,CUST1753,PROD100,9661.18,Wallet,Success,2026-01-03
TXN09956,CUST1535,PROD064,1055.36,Net Banking,Failed,2026-02-16
TXN09957,CUST1319,PROD047,9082.57,Credit Card,Success,2026-07-07
TXN09958,CUST1422,PROD037,3438.96,Credit Card,Success,2026-03-12
TXN09959,CUST1391,PROD060,1402.96,Net Banking,Failed,2026-02-14
TXN09960,CUST1799,PROD014,12659.95,Debit Card,Success,2026-07-30
TXN09961,CUST0831,PROD056,12209.79,UPI,Success,2026-02-03
TXN09962,CUST1588,PROD090,3650.26,Credit Card,Success,2026-04-28
TXN09963,CUST1606,PROD097,15521.2,UPI,Failed,2026-06-29
TXN09964,CUST1328,PROD057,19531.77,Net Banking,Success,2026-05-11
TXN09965,CUST0427,PROD039,15147.13,Debit Card,Success,2026-03-12
TXN09966,CUST1193,PROD057,18930.58,UPI,Failed,2026-08-12
TXN09967,CUST0354,PROD073,17892.74,Credit Card,Failed,2026-01-06
TXN09968,CUST1474,PROD042,7909.79,Wallet,Failed,2026-08-08
TXN09969,CUST0095,PROD018,11231.07,UPI,Success,2026-03-13
TXN09970,CUST0924,PROD067,4163.26,Credit Card,Success,2026-06-27
TXN09971,CUST1131,PROD092,18182.23,Debit Card,Success,2026-06-08
TXN09972,CUST1403,PROD087,17657.09,Net Banking,Failed,2026-07-26
TXN09973,CUST0114,PROD034,5869.65,UPI,Success,2026-03-25
TXN09974,CUST0481,PROD063,12733.03,Net Banking,Success,2026-02-12
TXN09975,CUST1714,PROD098,8739.56,Wallet,Success,2026-08-18
TXN09976,CUST0511,PROD088,10448.0,UPI,Success,2026-01-03
TXN09977,CUST1397,PROD082,3611.34,Wallet,Success,2026-05-01
TXN09978,CUST0863,PROD082,9738.1,Wallet,Success,2026-07-22
TXN09979,CUST1282,PROD035,8554.29,Debit Card,Success,2026-06-11
TXN09980,CUST0010,PROD079,3119.4,Credit Card,Success,2026-02-16
TXN09981,CUST0262,PROD066,11042.46,Wallet,Success,2026-04-13
TXN09982,CUST0420,PROD041,16427.98,Credit Card,Success,2026-07-29
TXN09983,CUST1469,PROD020,4707.37,Credit Card,Success,2026-05-07
TXN09984,CUST0625,PROD034,2936.09,Net Banking,Success,2026-01-19
TXN09985,CUST1057,PROD028,11212.68,UPI,Success,2026-06-14
TXN09986,CUST1552,PROD070,11765.33,Debit Card,Failed,2026-06-02
TXN09987,CUST1921,PROD086,3501.69,Credit Card,Success,2026-06-21
TXN09988,CUST1405,PROD025,2712.7,Debit Card,Success,2026-05-09
TXN09989,CUST1545,PROD051,2565.34,Wallet,Success,2026-05-30
TXN09990,CUST0167,PROD006,10264.66,Wallet,Success,2026-01-25
TXN09991,CUST0404,PROD019,18746.39,Credit Card,Success,2026-01-29
TXN09992,CUST0914,PROD097,13918.57,Credit Card,Success,2026-07-03
TXN09993,CUST1596,PROD034,7025.85,Debit Card,Success,2026-04-02
TXN09994,CUST0915,PROD017,3255.79,UPI,Success,2026-01-08
TXN09995,CUST1057,PROD079,18384.06,Wallet,Success,2026-06-13
TXN09996,CUST1643,PROD034,15490.98,Credit Card,Success,2026-02-12
TXN09997,CUST1257,PROD088,17233.94,UPI,Success,2026-02-21
TXN09998,CUST1007,PROD033,10399.18,Debit Card,Success,2026-07-26
TXN09999,CUST1075,PROD028,15709.14,Debit Card,Success,2026-04-23
TXN10000,CUST0298,PROD094,1197.79,UPI,Success,2026-08-16
